year,financial_year,la_code,net_rates_payable,wo_allowance,change_noncoll,la_name,wo_excess,source_format,sums_outstanding,sums_owing,noncoll_ob,noncoll_collfund,noncoll_cb,noncoll_chrgd,ons_code,join_ons,sop_n_total,sop_n_retail,sop_n_office,sop_n_industrial,sop_n_other,sop_source
2013,2013-14,E3831,16627384,65676,68101,NA,NA,positional_13_14,839605,253756,-336429,-68101,-404530,NA,NA,E07000223,2070,490,270,520,790,"VOA/HMRC Valuation Office, Non-domestic rating: stock of properties, 31 March 2025 edition"
2013,2013-14,E0931,26968042,170827,-167329,NA,NA,positional_13_14,907052,154167,-558834,167329,-391505,NA,NA,E07000026,4620,1040,380,1100,2100,"VOA/HMRC Valuation Office, Non-domestic rating: stock of properties, 31 March 2025 edition"
2013,2013-14,E1031,30661223,367600,475000,NA,NA,positional_13_14,468458,681283,-0,-475000,-475000,NA,NA,E07000032,3720,1070,490,1200,960,"VOA/HMRC Valuation Office, Non-domestic rating: stock of properties, 31 March 2025 edition"
2013,2013-14,E3832,33737826,381055,11000,NA,NA,positional_13_14,1644912,442119,-400000,-11000,-411000,NA,NA,E07000224,4270,1380,390,1280,1230,"VOA/HMRC Valuation Office, Non-domestic rating: stock of properties, 31 March 2025 edition"
2013,2013-14,E3031,32417147,127484,152671,NA,NA,positional_13_14,973685,121627,-392709,-152671,-545380,NA,NA,E07000170,2960,990,270,1050,650,"VOA/HMRC Valuation Office, Non-domestic rating: stock of properties, 31 March 2025 edition"
2013,2013-14,E2231,44817530,27799,66227,NA,NA,positional_13_14,718311,1102187,-695707,-66227,-761934,NA,NA,E07000105,4100,870,760,1370,1100,"VOA/HMRC Valuation Office, Non-domestic rating: stock of properties, 31 March 2025 edition"
2013,2013-14,E0431,48129628,113853,0,NA,NA,positional_13_14,185135,1267920,-0,-0,-0,NA,NA,E07000004,4890,890,860,1870,1270,"VOA/HMRC Valuation Office, Non-domestic rating: stock of properties, 31 March 2025 edition"
2013,2013-14,E3531,23391296,115980,-6761,NA,NA,positional_13_14,750043,422434,-360386,6761,-353625,NA,NA,E07000200,3090,590,500,1070,930,"VOA/HMRC Valuation Office, Non-domestic rating: stock of properties, 31 March 2025 edition"
2013,2013-14,E5030,57447166,588265,243000,NA,NA,positional_13_14,5231434,786851,-4449000,-243000,-4692000,NA,NA,E09000002,4140,1420,600,1190,920,"VOA/HMRC Valuation Office, Non-domestic rating: stock of properties, 31 March 2025 edition"
2013,2013-14,E5031,112928112,3785,2724995,NA,NA,positional_13_14,11757987,1999410,-0,-2724995,-2724995,NA,NA,E09000003,8250,3510,2070,900,1770,"VOA/HMRC Valuation Office, Non-domestic rating: stock of properties, 31 March 2025 edition"
2013,2013-14,E4401,52660766,454667,448094,NA,NA,positional_13_14,2435669,697534,-760224,-448094,-1208318,NA,NA,E08000016,6600,2020,950,2140,1500,"VOA/HMRC Valuation Office, Non-domestic rating: stock of properties, 31 March 2025 edition"
2013,2013-14,E0932,23556281,78813,94213,NA,NA,positional_13_14,1552938,854307,-1236131,-94213,-1330344,NA,NA,E07000027,2290,730,280,560,730,"VOA/HMRC Valuation Office, Non-domestic rating: stock of properties, 31 March 2025 edition"
2013,2013-14,E1531,79737897,538291,157000,NA,NA,positional_13_14,2215929,906049,-743000,-157000,-900000,NA,NA,E07000066,4630,1030,780,1860,970,"VOA/HMRC Valuation Office, Non-domestic rating: stock of properties, 31 March 2025 edition"
2013,2013-14,E1731,70796984,587139,50000,NA,NA,positional_13_14,2734715,1526335,-550000,-50000,-600000,NA,NA,E07000084,4080,750,1200,1100,1030,"VOA/HMRC Valuation Office, Non-domestic rating: stock of properties, 31 March 2025 edition"
2013,2013-14,E3032,40680153,120551,401039,NA,NA,positional_13_14,1900928,710658,-404161,-401039,-805200,NA,NA,E07000171,3680,960,510,1190,1020,"VOA/HMRC Valuation Office, Non-domestic rating: stock of properties, 31 March 2025 edition"
2013,2013-14,E0101,63536352,520625,71029,NA,NA,positional_13_14,2059661,957628,-405079,-71029,-476108,NA,NA,E06000022,5670,1740,1000,1440,1490,"VOA/HMRC Valuation Office, Non-domestic rating: stock of properties, 31 March 2025 edition"
2013,2013-14,E0202,63516579,460531,-23741,NA,NA,positional_13_14,2144092,373975,-1304449,23741,-1280708,NA,NA,E06000055,5030,1110,950,1600,1360,"VOA/HMRC Valuation Office, Non-domestic rating: stock of properties, 31 March 2025 edition"
2013,2013-14,E5032,68054333,607962,-159000,NA,NA,positional_13_14,2418701,3039565,-2216000,159000,-2057000,NA,NA,E09000004,5440,1860,550,1560,1470,"VOA/HMRC Valuation Office, Non-domestic rating: stock of properties, 31 March 2025 edition"
2013,2013-14,E4601,414032478,3868400,4639165,NA,NA,positional_13_14,98118174,34197630,-50802475,-4639165,-55441640,NA,NA,E08000025,45250,10570,7260,9690,17730,"VOA/HMRC Valuation Office, Non-domestic rating: stock of properties, 31 March 2025 edition"
2013,2013-14,E2431,39919039,451707,-207590,NA,NA,positional_13_14,962376,-489463,-449413,207590,-241823,NA,NA,E07000129,2040,410,470,680,480,"VOA/HMRC Valuation Office, Non-domestic rating: stock of properties, 31 March 2025 edition"
2013,2013-14,E2301,46840720,451506,423827,NA,NA,positional_13_14,2745972,596352,-1019173,-423827,-1443000,NA,NA,E06000008,6110,1770,1120,2020,1190,"VOA/HMRC Valuation Office, Non-domestic rating: stock of properties, 31 March 2025 edition"
2013,2013-14,E2302,50045672,1103136,1595231,NA,NA,positional_13_14,4637471,456340,-0,-1595231,-1595231,NA,NA,E06000009,6820,2400,750,1070,2600,"VOA/HMRC Valuation Office, Non-domestic rating: stock of properties, 31 March 2025 edition"
2013,2013-14,E1032,21465984,53844,96067,NA,NA,positional_13_14,510715,1318343,-195510,-96067,-291577,NA,NA,E07000033,2260,590,360,810,500,"VOA/HMRC Valuation Office, Non-domestic rating: stock of properties, 31 March 2025 edition"
2013,2013-14,E4201,85873834,1196314,4161145,NA,NA,positional_13_14,7099863,311376,-0,-4161145,-4161145,NA,NA,E08000001,9230,2810,1500,2560,2370,"VOA/HMRC Valuation Office, Non-domestic rating: stock of properties, 31 March 2025 edition"
2013,2013-14,E2531,18513776,0,331148,NA,NA,positional_13_14,1067148,350492,-0,-331148,-331148,NA,NA,E07000136,2090,550,290,700,550,"VOA/HMRC Valuation Office, Non-domestic rating: stock of properties, 31 March 2025 edition"
2013,2013-14,E1202,63812838,477526,-217221,NA,NA,positional_13_14,2955632,726988,-1631236,217221,-1414015,NA,NA,E06000028,7290,2520,870,590,3300,"VOA/HMRC Valuation Office, Non-domestic rating: stock of properties, 31 March 2025 edition"
2013,2013-14,E0301,71687492,793803,-221800,NA,NA,positional_13_14,2737939,1293651,-1521100,221800,-1299300,NA,NA,E06000036,2520,560,970,450,540,"VOA/HMRC Valuation Office, Non-domestic rating: stock of properties, 31 March 2025 edition"
2013,2013-14,E4701,139785175,2527902,646982,NA,NA,positional_13_14,10215142,967226,-4374623,-646982,-5021605,NA,NA,E08000032,17590,5580,2950,5360,3700,"VOA/HMRC Valuation Office, Non-domestic rating: stock of properties, 31 March 2025 edition"
2013,2013-14,E1532,40419003,437834,-17941,NA,NA,positional_13_14,1320978,707248,-421821,17941,-403880,NA,NA,E07000067,4400,980,660,1690,1080,"VOA/HMRC Valuation Office, Non-domestic rating: stock of properties, 31 March 2025 edition"
2013,2013-14,E2631,29261302,124649,46709,NA,NA,positional_13_14,768978,90371,-201044,-46709,-247753,NA,NA,E07000143,4140,860,400,1570,1310,"VOA/HMRC Valuation Office, Non-domestic rating: stock of properties, 31 March 2025 edition"
2013,2013-14,E5033,109358373,1935104,-191378,NA,NA,positional_13_14,5590105,2950924,-0,191378,191378,NA,NA,E09000005,8340,2910,1600,2550,1290,"VOA/HMRC Valuation Office, Non-domestic rating: stock of properties, 31 March 2025 edition"
2013,2013-14,E1533,29968664,693621,302088,NA,NA,positional_13_14,2139290,448160,-0,-302088,-302088,NA,NA,E07000068,2150,590,520,520,520,"VOA/HMRC Valuation Office, Non-domestic rating: stock of properties, 31 March 2025 edition"
2013,2013-14,E1401,105430715,918058,176025,NA,NA,positional_13_14,4416853,3485149,-2115748,-176025,-2291773,NA,NA,E06000043,9550,3410,1840,1420,2890,"VOA/HMRC Valuation Office, Non-domestic rating: stock of properties, 31 March 2025 edition"
2013,2013-14,E0102,206767613,1817177,743000,NA,NA,positional_13_14,4385330,3849916,-1461000,-743000,-2204000,NA,NA,E06000023,15150,4660,3480,3660,3350,"VOA/HMRC Valuation Office, Non-domestic rating: stock of properties, 31 March 2025 edition"
2013,2013-14,E2632,29767163,0,13501,NA,NA,positional_13_14,271085,631866,-100973,-13501,-114474,NA,NA,E07000144,3270,540,350,1210,1170,"VOA/HMRC Valuation Office, Non-domestic rating: stock of properties, 31 March 2025 edition"
2013,2013-14,E5034,84193580,753068,22155,NA,NA,positional_13_14,1687209,3589324,-663503,-22155,-685658,NA,NA,E09000006,7280,2950,1420,1090,1820,"VOA/HMRC Valuation Office, Non-domestic rating: stock of properties, 31 March 2025 edition"
2013,2013-14,E1831,26534612,325713,-15489,NA,NA,positional_13_14,1204488,441013,-561911,15489,-546422,NA,NA,E07000234,2930,610,720,860,750,"VOA/HMRC Valuation Office, Non-domestic rating: stock of properties, 31 March 2025 edition"
2013,2013-14,E1931,39890160,87568,193525,NA,NA,positional_13_14,1380544,94344,-0,-193525,-193525,NA,NA,E07000095,2200,700,310,740,450,"VOA/HMRC Valuation Office, Non-domestic rating: stock of properties, 31 March 2025 edition"
2013,2013-14,E3033,24605644,154698,525598,NA,NA,positional_13_14,1459449,500309,-0,-525598,-525598,NA,NA,E07000172,2520,920,340,690,580,"VOA/HMRC Valuation Office, Non-domestic rating: stock of properties, 31 March 2025 edition"
2013,2013-14,E2333,27887116,261186,297685,NA,NA,positional_13_14,1719300,696534,-628181,-297685,-925866,NA,NA,E07000117,3590,1130,650,1050,760,"VOA/HMRC Valuation Office, Non-domestic rating: stock of properties, 31 March 2025 edition"
2013,2013-14,E4202,49640468,662563,725601,NA,NA,positional_13_14,0,0,-0,-725601,-725601,NA,NA,E08000002,5560,1770,880,1570,1340,"VOA/HMRC Valuation Office, Non-domestic rating: stock of properties, 31 March 2025 edition"
2013,2013-14,E4702,59432772,-10089,1109832,NA,NA,positional_13_14,6594921,1469511,-0,-1109832,-1109832,NA,NA,E08000033,8720,2200,1400,3210,1920,"VOA/HMRC Valuation Office, Non-domestic rating: stock of properties, 31 March 2025 edition"
2013,2013-14,E0531,93851290,256946,57899,NA,NA,positional_13_14,1226125,1492055,-215362,-57899,-273261,NA,NA,E07000008,4010,1180,1200,520,1100,"VOA/HMRC Valuation Office, Non-domestic rating: stock of properties, 31 March 2025 edition"
2013,2013-14,E5011,488520232,0,2233009,NA,NA,positional_13_14,7562638,-7027884,-0,-2233009,-2233009,NA,NA,E09000007,16680,3680,6760,1460,4780,"VOA/HMRC Valuation Office, Non-domestic rating: stock of properties, 31 March 2025 edition"
2013,2013-14,E3431,34306937,41832,1014846,NA,NA,positional_13_14,2537592,659670,-679682,-1014846,-1694528,NA,NA,E07000192,3220,900,520,1210,590,"VOA/HMRC Valuation Office, Non-domestic rating: stock of properties, 31 March 2025 edition"
2013,2013-14,E2232,51475431,292570,220766,NA,NA,positional_13_14,1426127,-1246756,-435432,-220766,-656198,NA,NA,E07000106,5320,1330,770,1100,2120,"VOA/HMRC Valuation Office, Non-domestic rating: stock of properties, 31 March 2025 edition"
2013,2013-14,E0933,41344982,441207,59996,NA,NA,positional_13_14,698940,559717,-213879,-59996,-273875,NA,NA,E07000028,4250,1040,720,1270,1210,"VOA/HMRC Valuation Office, Non-domestic rating: stock of properties, 31 March 2025 edition"
2013,2013-14,E1534,15067322,60876,110590,NA,NA,positional_13_14,250324,143221,-45424,-110590,-156014,NA,NA,E07000069,1980,650,190,660,480,"VOA/HMRC Valuation Office, Non-domestic rating: stock of properties, 31 March 2025 edition"
2013,2013-14,E0203,76494093,706746,174648,NA,NA,positional_13_14,5170106,642765,-444310,-174648,-618958,NA,NA,E06000056,6880,1490,1220,2350,1810,"VOA/HMRC Valuation Office, Non-domestic rating: stock of properties, 31 March 2025 edition"
2013,2013-14,E2432,42371789,222665,45067,NA,NA,positional_13_14,1071944,622513,-146466,-45067,-191533,NA,NA,E07000130,4520,1260,570,1630,1060,"VOA/HMRC Valuation Office, Non-domestic rating: stock of properties, 31 March 2025 edition"
2013,2013-14,E1535,76139573,1146224,-189412,NA,NA,positional_13_14,2698213,1750507,-1200732,189412,-1011320,NA,NA,E07000070,4600,1070,980,1460,1100,"VOA/HMRC Valuation Office, Non-domestic rating: stock of properties, 31 March 2025 edition"
2013,2013-14,E1631,54281305,263619,29639,NA,NA,positional_13_14,1271155,4228046,-495663,-29639,-525302,NA,NA,E07000078,3950,1190,1240,800,730,"VOA/HMRC Valuation Office, Non-domestic rating: stock of properties, 31 March 2025 edition"
2013,2013-14,E3131,70111848,134868,116472,NA,NA,positional_13_14,1529718,1906129,-193365,-116472,-309837,NA,NA,E07000177,4480,1090,1030,1340,1020,"VOA/HMRC Valuation Office, Non-domestic rating: stock of properties, 31 March 2025 edition"
2013,2013-14,E0603,136586427,867835,-1580035,NA,NA,positional_13_14,6305619,1010203,-2947610,1580035,-1367575,NA,NA,E06000049,12860,3440,3030,3250,3130,"VOA/HMRC Valuation Office, Non-domestic rating: stock of properties, 31 March 2025 edition"
2013,2013-14,E0604,154223826,2410241,379204,NA,NA,positional_13_14,4544971,4254766,-0,-379204,-379204,NA,NA,E06000050,10820,3330,2190,2500,2800,"VOA/HMRC Valuation Office, Non-domestic rating: stock of properties, 31 March 2025 edition"
2013,2013-14,E1033,35705267,328232,52984,NA,NA,positional_13_14,1399350,509261,-682985,-52984,-735969,NA,NA,E07000034,3970,1010,680,1480,790,"VOA/HMRC Valuation Office, Non-domestic rating: stock of properties, 31 March 2025 edition"
2013,2013-14,E3833,43501703,72783,105217,NA,NA,positional_13_14,1543021,599560,-605692,-105217,-710909,NA,NA,E07000225,4600,1040,680,1290,1590,"VOA/HMRC Valuation Office, Non-domestic rating: stock of properties, 31 March 2025 edition"
2013,2013-14,E0432,20443942,96877,-6887,NA,NA,positional_13_14,668186,293370,-146448,6887,-139561,NA,NA,E07000005,2610,710,690,540,670,"VOA/HMRC Valuation Office, Non-domestic rating: stock of properties, 31 March 2025 edition"
2013,2013-14,E2334,26456313,276481,78654,NA,NA,positional_13_14,1108500,328785,-623876,-78654,-702530,NA,NA,E07000118,3190,880,600,880,840,"VOA/HMRC Valuation Office, Non-domestic rating: stock of properties, 31 March 2025 edition"
2013,2013-14,E1232,17122567,-19570,109406,NA,NA,positional_13_14,700750,-78294,-229409,-109406,-338815,NA,NA,E07000048,1760,500,260,450,550,"VOA/HMRC Valuation Office, Non-domestic rating: stock of properties, 31 March 2025 edition"
2013,2013-14,E5010,791164983,962125,803552,NA,NA,positional_13_14,17873083,34507844,-9305931,-803552,-10109483,NA,NA,E09000001,16820,1280,10060,1820,3660,"VOA/HMRC Valuation Office, Non-domestic rating: stock of properties, 31 March 2025 edition"
2013,2013-14,E1536,61010017,296901,277983,NA,NA,positional_13_14,2326661,728507,-476580,-277983,-754563,NA,NA,E07000071,5400,1230,1090,1280,1800,"VOA/HMRC Valuation Office, Non-domestic rating: stock of properties, 31 March 2025 edition"
2013,2013-14,E0934,42431950,31578,72717,NA,NA,positional_13_14,798697,184215,-216406,-72717,-289123,NA,NA,E07000029,2350,570,300,560,920,"VOA/HMRC Valuation Office, Non-domestic rating: stock of properties, 31 March 2025 edition"
2013,2013-14,E2831,32228879,50745,157641,NA,NA,positional_13_14,2529294,852669,-869483,-157641,-1027124,NA,NA,E07000150,1730,380,240,770,350,"VOA/HMRC Valuation Office, Non-domestic rating: stock of properties, 31 March 2025 edition"
2013,2013-14,E0801,151498402,843523,843340,NA,NA,positional_13_14,8877456,5203588,-3424607,-843340,-4267947,NA,NA,E06000052,28000,5800,2290,6670,13240,"VOA/HMRC Valuation Office, Non-domestic rating: stock of properties, 31 March 2025 edition"
2013,2013-14,E1632,28424970,123101,47943,NA,NA,positional_13_14,724495,360980,-0,-47943,-47943,NA,NA,E07000079,4430,910,750,1280,1490,"VOA/HMRC Valuation Office, Non-domestic rating: stock of properties, 31 March 2025 edition"
2013,2013-14,E4602,116903914,1142556,308845,NA,NA,positional_13_14,6469524,2416831,-2913021,-308845,-3221866,NA,NA,E08000026,8030,2530,1660,2200,1650,"VOA/HMRC Valuation Office, Non-domestic rating: stock of properties, 31 March 2025 edition"
2013,2013-14,E2731,17824415,101057,64550,NA,NA,positional_13_14,622216,100400,-143650,-64550,-208200,NA,NA,E07000163,3010,690,350,740,1240,"VOA/HMRC Valuation Office, Non-domestic rating: stock of properties, 31 March 2025 edition"
2013,2013-14,E3834,112686297,592812,-446001,NA,NA,positional_13_14,1462710,3425944,-1314608,446001,-868607,NA,NA,E07000226,3140,590,1070,780,700,"VOA/HMRC Valuation Office, Non-domestic rating: stock of properties, 31 March 2025 edition"
2013,2013-14,E5035,111441604,202062,1621219,NA,NA,positional_13_14,13885873,5349357,-8424316,-1621219,-10045535,NA,NA,E09000008,9070,3500,1970,1430,2170,"VOA/HMRC Valuation Office, Non-domestic rating: stock of properties, 31 March 2025 edition"
2013,2013-14,E1932,62418895,252032,158344,NA,NA,positional_13_14,2784483,1371449,-478218,-158344,-636562,NA,NA,E07000096,4440,940,1200,1170,1130,"VOA/HMRC Valuation Office, Non-domestic rating: stock of properties, 31 March 2025 edition"
2013,2013-14,E1301,33584526,759490,-103490,NA,NA,positional_13_14,2024311,-743241,-609000,103490,-505510,NA,NA,E06000005,3480,1100,610,1050,720,"VOA/HMRC Valuation Office, Non-domestic rating: stock of properties, 31 March 2025 edition"
2013,2013-14,E2233,81506624,246843,-12838,NA,NA,positional_13_14,1984705,3745726,-1778499,12838,-1765661,NA,NA,E07000107,2930,960,600,680,700,"VOA/HMRC Valuation Office, Non-domestic rating: stock of properties, 31 March 2025 edition"
2013,2013-14,E2832,38677554,64232,42439,NA,NA,positional_13_14,613871,522421,-472815,-42439,-515254,NA,NA,E07000151,2440,390,390,950,710,"VOA/HMRC Valuation Office, Non-domestic rating: stock of properties, 31 March 2025 edition"
2013,2013-14,E1001,86243840,1857106,995008,NA,NA,positional_13_14,6649182,755116,-2469997,-995008,-3465005,NA,NA,E06000015,7140,2230,1570,1670,1670,"VOA/HMRC Valuation Office, Non-domestic rating: stock of properties, 31 March 2025 edition"
2013,2013-14,E1035,17206055,131562,81000,NA,NA,positional_13_14,969308,156370,-117000,-81000,-198000,NA,NA,E07000035,3810,820,390,950,1650,"VOA/HMRC Valuation Office, Non-domestic rating: stock of properties, 31 March 2025 edition"
2013,2013-14,E4402,91500476,1681371,188473,NA,NA,positional_13_14,8822744,1416793,-4655823,-188473,-4844296,NA,NA,E08000017,8570,2850,1190,2430,2100,"VOA/HMRC Valuation Office, Non-domestic rating: stock of properties, 31 March 2025 edition"
2013,2013-14,E2234,33705325,359730,-5703,NA,NA,positional_13_14,2592966,816120,-1848670,5703,-1842967,NA,NA,E07000108,3520,910,530,860,1230,"VOA/HMRC Valuation Office, Non-domestic rating: stock of properties, 31 March 2025 edition"
2013,2013-14,E4603,93378914,1488537,605000,NA,NA,positional_13_14,5671333,1561147,-2335000,-605000,-2940000,NA,NA,E08000027,10170,2770,1620,3670,2110,"VOA/HMRC Valuation Office, Non-domestic rating: stock of properties, 31 March 2025 edition"
2013,2013-14,E1302,113165789,1419971,348747,NA,NA,positional_13_14,7992661,1011345,-4202744,-348747,-4551491,NA,NA,E06000047,14670,4250,2070,4040,4310,"VOA/HMRC Valuation Office, Non-domestic rating: stock of properties, 31 March 2025 edition"
2013,2013-14,E5036,145587514,396377,4322204,NA,NA,positional_13_14,23819916,7550425,-0,-4322204,-4322204,NA,NA,E09000009,9570,3550,1590,2700,1740,"VOA/HMRC Valuation Office, Non-domestic rating: stock of properties, 31 March 2025 edition"
2013,2013-14,E0532,17263258,34886,1367,NA,NA,positional_13_14,289688,90530,-149151,-1367,-150517,NA,NA,E07000009,2140,400,340,670,730,"VOA/HMRC Valuation Office, Non-domestic rating: stock of properties, 31 March 2025 edition"
2013,2013-14,E1131,31532064,114622,0,NA,NA,positional_13_14,759476,676186,-126000,-0,-126000,NA,NA,E07000040,5770,1280,450,1710,2340,"VOA/HMRC Valuation Office, Non-domestic rating: stock of properties, 31 March 2025 edition"
2013,2013-14,E1233,20990112,-14290,60344,NA,NA,positional_13_14,626278,-175288,-205662,-60344,-266006,NA,NA,E07000049,2610,520,420,1030,650,"VOA/HMRC Valuation Office, Non-domestic rating: stock of properties, 31 March 2025 edition"
2013,2013-14,E1732,28715316,0,140471,NA,NA,positional_13_14,522177,263566,-127656,-140471,-268127,NA,NA,E07000085,3540,790,660,1250,840,"VOA/HMRC Valuation Office, Non-domestic rating: stock of properties, 31 March 2025 edition"
2013,2013-14,E1933,43994474,717829,459336,NA,NA,positional_13_14,2386948,-526291,-937000,-459336,-1396336,NA,NA,E07000242,4160,960,860,1190,1160,"VOA/HMRC Valuation Office, Non-domestic rating: stock of properties, 31 March 2025 edition"
2013,2013-14,E2532,33130376,336435,356000,NA,NA,positional_13_14,2100579,652135,-360000,-356000,-716000,NA,NA,E07000137,7020,1660,500,1670,3190,"VOA/HMRC Valuation Office, Non-domestic rating: stock of properties, 31 March 2025 edition"
2013,2013-14,E2833,21033491,41956,20623,NA,NA,positional_13_14,407386,48963,-70431,-20623,-91054,NA,NA,E07000152,2330,560,320,770,680,"VOA/HMRC Valuation Office, Non-domestic rating: stock of properties, 31 March 2025 edition"
2013,2013-14,E2001,91037592,263072,251643,NA,NA,positional_13_14,3431895,1184064,-1282661,-251643,-1534304,NA,NA,E06000011,10450,2930,1290,2660,3570,"VOA/HMRC Valuation Office, Non-domestic rating: stock of properties, 31 March 2025 edition"
2013,2013-14,E3432,53261979,484246,138575,NA,NA,positional_13_14,1821821,305930,-0,-138575,-138575,NA,NA,E07000193,3970,1070,680,1310,910,"VOA/HMRC Valuation Office, Non-domestic rating: stock of properties, 31 March 2025 edition"
2013,2013-14,E1432,32870547,316693,216544,NA,NA,positional_13_14,1696791,569044,-326250,-216544,-542794,NA,NA,E07000061,2870,1110,420,540,810,"VOA/HMRC Valuation Office, Non-domestic rating: stock of properties, 31 March 2025 edition"
2013,2013-14,E1733,54616607,213644,144087,NA,NA,positional_13_14,1293967,202240,-347627,-144087,-491714,NA,NA,E07000086,2990,710,600,960,710,"VOA/HMRC Valuation Office, Non-domestic rating: stock of properties, 31 March 2025 edition"
2013,2013-14,E0935,20523838,22024,21123,NA,NA,positional_13_14,555228,71973,-30325,-21123,-51448,NA,NA,E07000030,3240,530,280,830,1600,"VOA/HMRC Valuation Office, Non-domestic rating: stock of properties, 31 March 2025 edition"
2013,2013-14,E3631,53593946,234989,99000,NA,NA,positional_13_14,1027025,606593,-408000,-99000,-507000,NA,NA,E07000207,3610,1190,870,650,900,"VOA/HMRC Valuation Office, Non-domestic rating: stock of properties, 31 March 2025 edition"
2013,2013-14,E5037,106397925,455031,1099864,NA,NA,positional_13_14,10351355,1583173,-5809168,-1099864,-6909032,NA,NA,E09000010,7030,2710,950,1830,1530,"VOA/HMRC Valuation Office, Non-domestic rating: stock of properties, 31 March 2025 edition"
2013,2013-14,E1537,32979130,397805,-30160,NA,NA,positional_13_14,1112462,340423,-535479,30160,-505319,NA,NA,E07000072,3880,920,690,1370,880,"VOA/HMRC Valuation Office, Non-domestic rating: stock of properties, 31 March 2025 edition"
2013,2013-14,E3632,23036483,225181,-91763,NA,NA,positional_13_14,350938,98637,-180530,91763,-88767,NA,NA,E07000208,1730,650,440,220,430,"VOA/HMRC Valuation Office, Non-domestic rating: stock of properties, 31 March 2025 edition"
2013,2013-14,E1036,24034751,0,54000,NA,NA,positional_13_14,1199335,1014812,-470000,-54000,-524000,NA,NA,E07000036,3370,940,360,1350,720,"VOA/HMRC Valuation Office, Non-domestic rating: stock of properties, 31 March 2025 edition"
2013,2013-14,E1132,75489920,366058,30000,NA,NA,positional_13_14,1451201,1174875,-0,-30000,-30000,NA,NA,E07000041,4740,1200,1310,950,1290,"VOA/HMRC Valuation Office, Non-domestic rating: stock of properties, 31 March 2025 edition"
2013,2013-14,E1734,40644791,0,412096,NA,NA,positional_13_14,790922,368704,-478236,57111,-421125,NA,NA,E07000087,3010,650,520,960,870,"VOA/HMRC Valuation Office, Non-domestic rating: stock of properties, 31 March 2025 edition"
2013,2013-14,E0533,24384637,215569,14773,NA,NA,positional_13_14,657123,148032,-306322,-14773,-321095,NA,NA,E07000010,2970,840,360,1030,730,"VOA/HMRC Valuation Office, Non-domestic rating: stock of properties, 31 March 2025 edition"
2013,2013-14,E3532,21497348,106376,53968,NA,NA,positional_13_14,602504,375296,-129282,-53968,-183251,NA,NA,NA,NA,NA,NA,NA,NA,"VOA/HMRC Valuation Office, Non-domestic rating: stock of properties, 31 March 2025 edition"
2013,2013-14,E1633,11669091,37362,0,NA,NA,positional_13_14,742343,54436,-239408,-0,-239408,NA,NA,E07000080,3090,580,330,1250,940,"VOA/HMRC Valuation Office, Non-domestic rating: stock of properties, 31 March 2025 edition"
2013,2013-14,E2335,24643705,125926,189887,NA,NA,positional_13_14,1276326,309345,-446403,-189887,-636290,NA,NA,E07000119,2650,840,450,670,690,"VOA/HMRC Valuation Office, Non-domestic rating: stock of properties, 31 March 2025 edition"
2013,2013-14,E4501,87772218,1038956,0,NA,NA,positional_13_14,6654302,2074431,-0,-0,-0,NA,NA,E08000037,6500,1820,1460,2080,1150,"VOA/HMRC Valuation Office, Non-domestic rating: stock of properties, 31 March 2025 edition"
2013,2013-14,E3034,20809974,51565,114780,NA,NA,positional_13_14,495777,-58308,-93907,-114780,-208687,NA,NA,E07000173,2440,750,320,710,670,"VOA/HMRC Valuation Office, Non-domestic rating: stock of properties, 31 March 2025 edition"
2013,2013-14,E1634,51086459,35690,300219,NA,NA,positional_13_14,4207178,969668,-2590201,-300219,-2890420,NA,NA,E07000081,3940,1050,940,1070,880,"VOA/HMRC Valuation Office, Non-domestic rating: stock of properties, 31 March 2025 edition"
2013,2013-14,E1735,14873918,122081,48300,NA,NA,positional_13_14,884642,322077,-484200,-48300,-532500,NA,NA,E07000088,1910,630,190,610,490,"VOA/HMRC Valuation Office, Non-domestic rating: stock of properties, 31 March 2025 edition"
2013,2013-14,E2236,22162713,517620,199241,NA,NA,positional_13_14,1811382,230858,-0,-199241,-199241,NA,NA,E07000109,2280,770,320,540,650,"VOA/HMRC Valuation Office, Non-domestic rating: stock of properties, 31 March 2025 edition"
2013,2013-14,E2633,29135111,93439,28565,NA,NA,positional_13_14,945189,359558,-291591,-28565,-320156,NA,NA,E07000145,4670,1080,380,1090,2120,"VOA/HMRC Valuation Office, Non-domestic rating: stock of properties, 31 March 2025 edition"
2013,2013-14,E5012,69286248,354020,845536,NA,NA,positional_13_14,2130388,1629653,-1316490,-845536,-2162026,NA,NA,E09000011,5000,1910,690,1100,1300,"VOA/HMRC Valuation Office, Non-domestic rating: stock of properties, 31 March 2025 edition"
2013,2013-14,E3633,78648583,328171,46829,NA,NA,positional_13_14,1113802,2236326,-669680,-46829,-716509,NA,NA,E07000209,4410,920,1410,860,1220,"VOA/HMRC Valuation Office, Non-domestic rating: stock of properties, 31 March 2025 edition"
2013,2013-14,E5013,87482869,0,2375402,NA,NA,positional_13_14,18457659,6355044,-8331640,-2375402,-10707042,NA,NA,E09000012,9870,2800,2420,2770,1890,"VOA/HMRC Valuation Office, Non-domestic rating: stock of properties, 31 March 2025 edition"
2013,2013-14,E0601,56947448,685628,1467315,NA,NA,positional_13_14,3707733,1171999,-1243735,-1467315,-2711050,NA,NA,E06000006,3550,1010,610,1240,700,"VOA/HMRC Valuation Office, Non-domestic rating: stock of properties, 31 March 2025 edition"
2013,2013-14,E2732,26605698,278123,112650,NA,NA,positional_13_14,639472,376061,-167506,-112650,-280156,NA,NA,E07000164,3850,720,630,1260,1250,"VOA/HMRC Valuation Office, Non-domestic rating: stock of properties, 31 March 2025 edition"
2013,2013-14,E5014,186249582,2031150,1935109,NA,NA,positional_13_14,27588640,14153379,-18401159,-1935109,-20336268,NA,NA,E09000013,9290,2780,3160,960,2400,"VOA/HMRC Valuation Office, Non-domestic rating: stock of properties, 31 March 2025 edition"
2013,2013-14,E2433,36553248,81497,-493364,NA,NA,positional_13_14,579711,464206,-550913,493364,-57549,NA,NA,E07000131,2760,570,630,800,760,"VOA/HMRC Valuation Office, Non-domestic rating: stock of properties, 31 March 2025 edition"
2013,2013-14,E5038,64919683,1212721,4685,NA,NA,positional_13_14,10893746,6941347,-2065315,-4685,-2070000,NA,NA,E09000014,6780,2930,830,1750,1260,"VOA/HMRC Valuation Office, Non-domestic rating: stock of properties, 31 March 2025 edition"
2013,2013-14,E1538,43728315,297068,790500,NA,NA,positional_13_14,2294717,286662,-1247000,-790500,-2037500,NA,NA,E07000073,2330,540,480,780,520,"VOA/HMRC Valuation Office, Non-domestic rating: stock of properties, 31 March 2025 edition"
2013,2013-14,E2753,60557573,285594,349494,NA,NA,positional_13_14,1897469,742939,-815915,-349494,-1165409,NA,NA,E07000165,6860,1570,1500,1770,2020,"VOA/HMRC Valuation Office, Non-domestic rating: stock of properties, 31 March 2025 edition"
2013,2013-14,E5039,51298363,1087244,285191,NA,NA,positional_13_14,3845514,183926,-2211355,-285191,-2496546,NA,NA,E09000015,5480,2030,1700,650,1100,"VOA/HMRC Valuation Office, Non-domestic rating: stock of properties, 31 March 2025 edition"
2013,2013-14,E1736,29141523,446774,8352,NA,NA,positional_13_14,1790175,508949,-66350299,-8352,-66358651,NA,NA,E07000089,2120,510,440,550,620,"VOA/HMRC Valuation Office, Non-domestic rating: stock of properties, 31 March 2025 edition"
2013,2013-14,E0701,30021500,255892,96859,NA,NA,positional_13_14,1414689,538863,-676821,-96859,-773680,NA,NA,E06000001,2730,970,340,750,660,"VOA/HMRC Valuation Office, Non-domestic rating: stock of properties, 31 March 2025 edition"
2013,2013-14,E1433,21715458,-5664,-6756,NA,NA,positional_13_14,1222816,265085,-739440,6756,-732684,NA,NA,E07000062,3270,1040,340,860,1030,"VOA/HMRC Valuation Office, Non-domestic rating: stock of properties, 31 March 2025 edition"
2013,2013-14,E1737,31850405,0,-76196,NA,NA,positional_13_14,559640,563603,-268661,76196,-192465,NA,NA,E07000090,3190,940,480,670,1100,"VOA/HMRC Valuation Office, Non-domestic rating: stock of properties, 31 March 2025 edition"
2013,2013-14,E5040,72753269,1279133,-91919,NA,NA,positional_13_14,6174695,5907277,-3648484,91919,-3556565,NA,NA,E09000016,5630,2220,690,1380,1330,"VOA/HMRC Valuation Office, Non-domestic rating: stock of properties, 31 March 2025 edition"
2013,2013-14,E1801,44739735,135519,80053,NA,NA,positional_13_14,1099986,706627,-205407,-80053,-285460,NA,NA,E06000019,7540,1650,1020,2400,2480,"VOA/HMRC Valuation Office, Non-domestic rating: stock of properties, 31 March 2025 edition"
2013,2013-14,E1934,45003342,686019,208543,NA,NA,positional_13_14,1630989,1324066,-397840,-208543,-606383,NA,NA,E07000098,2880,690,890,620,680,"VOA/HMRC Valuation Office, Non-domestic rating: stock of properties, 31 March 2025 edition"
2013,2013-14,E1037,23226284,83407,58553,NA,NA,positional_13_14,992368,226934,-571784,-58553,-630337,NA,NA,E07000037,3360,910,360,1020,1080,"VOA/HMRC Valuation Office, Non-domestic rating: stock of properties, 31 March 2025 edition"
2013,2013-14,E5041,336268418,2110016,-392770,NA,NA,positional_13_14,5939066,14923562,-3555957,392770,-3163187,NA,NA,E09000017,8140,3220,1720,1620,1570,"VOA/HMRC Valuation Office, Non-domestic rating: stock of properties, 31 March 2025 edition"
2013,2013-14,E2434,28020844,111668,-3948,NA,NA,positional_13_14,750261,528783,-36809,3948,-32861,NA,NA,E07000132,2930,700,390,1180,670,"VOA/HMRC Valuation Office, Non-domestic rating: stock of properties, 31 March 2025 edition"
2013,2013-14,E3835,40641497,343947,280194,NA,NA,positional_13_14,2449773,916864,-692556,-280194,-972750,NA,NA,E07000227,4200,880,790,1440,1100,"VOA/HMRC Valuation Office, Non-domestic rating: stock of properties, 31 March 2025 edition"
2013,2013-14,E5042,148124774,304466,100000,NA,NA,positional_13_14,9311964,11044993,-2200000,-100000,-2300000,NA,NA,E09000018,6910,2020,2020,1560,1310,"VOA/HMRC Valuation Office, Non-domestic rating: stock of properties, 31 March 2025 edition"
2013,2013-14,E0551,55773581,262543,-69000,NA,NA,positional_13_14,965989,164545,-0,69000,69000,NA,NA,E07000011,4860,940,890,1720,1310,"VOA/HMRC Valuation Office, Non-domestic rating: stock of properties, 31 March 2025 edition"
2013,2013-14,E2336,20899071,228093,171865,NA,NA,positional_13_14,3831488,959377,-2160027,-171865,-2331892,NA,NA,E07000120,3300,1080,390,1170,660,"VOA/HMRC Valuation Office, Non-domestic rating: stock of properties, 31 March 2025 edition"
2013,2013-14,E3533,55243786,630551,35886,NA,NA,positional_13_14,2117158,43796,-994215,-35886,-1030101,NA,NA,E07000202,4310,1260,1130,880,1030,"VOA/HMRC Valuation Office, Non-domestic rating: stock of properties, 31 March 2025 edition"
2013,2013-14,E2101,34210050,152927,14235,NA,NA,positional_13_14,1510017,513693,-442351,-14235,-456586,NA,NA,E06000046,6160,1650,470,1410,2640,"VOA/HMRC Valuation Office, Non-domestic rating: stock of properties, 31 March 2025 edition"
2013,2013-14,E4001,1499641,0,40804,NA,NA,positional_13_14,232437,31096,-0,-40804,-40804,NA,NA,E06000053,450,50,20,90,290,"VOA/HMRC Valuation Office, Non-domestic rating: stock of properties, 31 March 2025 edition"
2013,2013-14,E5015,189671108,3069677,-184770,NA,NA,positional_13_14,23022718,-16511225,-17268897,184770,-17084127,NA,NA,E09000019,10920,2940,3750,1570,2660,"VOA/HMRC Valuation Office, Non-domestic rating: stock of properties, 31 March 2025 edition"
2013,2013-14,E5016,277839645,1045308,948812,NA,NA,positional_13_14,9210633,7744596,-0,-948812,-948812,NA,NA,E09000020,8400,2860,2270,890,2380,"VOA/HMRC Valuation Office, Non-domestic rating: stock of properties, 31 March 2025 edition"
2013,2013-14,E2834,31075137,129889,-7608,NA,NA,positional_13_14,557455,380626,-221103,7608,-213495,NA,NA,E07000153,2470,730,440,730,580,"VOA/HMRC Valuation Office, Non-domestic rating: stock of properties, 31 March 2025 edition"
2013,2013-14,E2634,43519063,421606,-132549,NA,NA,positional_13_14,1176155,364956,-586797,132549,-454248,NA,NA,E07000146,5300,1220,440,1280,2360,"VOA/HMRC Valuation Office, Non-domestic rating: stock of properties, 31 March 2025 edition"
2013,2013-14,E2002,91064939,1018797,96720,NA,NA,positional_13_14,6487576,678415,-1230335,-96720,-1327055,NA,NA,E06000010,8720,2800,1360,2570,2000,"VOA/HMRC Valuation Office, Non-domestic rating: stock of properties, 31 March 2025 edition"
2013,2013-14,E5043,81847113,82956,1099723,NA,NA,positional_13_14,3949203,793000,-0,-1099723,-1099723,NA,NA,E09000021,4790,1540,1410,760,1090,"VOA/HMRC Valuation Office, Non-domestic rating: stock of properties, 31 March 2025 edition"
2013,2013-14,E4703,104645504,890105,878741,NA,NA,positional_13_14,5928119,2210998,-2569475,-878741,-3448216,NA,NA,E08000034,14970,4200,2380,5320,3080,"VOA/HMRC Valuation Office, Non-domestic rating: stock of properties, 31 March 2025 edition"
2013,2013-14,E4301,40521286,151757,958572,NA,NA,positional_13_14,3490151,1864361,-0,-958572,-958572,NA,NA,E08000011,3020,900,410,1060,650,"VOA/HMRC Valuation Office, Non-domestic rating: stock of properties, 31 March 2025 edition"
2013,2013-14,E5017,123138502,1239379,0,NA,NA,positional_13_14,6426462,6595823,-0,-0,-0,NA,NA,E09000022,8430,3030,1530,1890,1980,"VOA/HMRC Valuation Office, Non-domestic rating: stock of properties, 31 March 2025 edition"
2013,2013-14,E2337,48690463,55308,171799,NA,NA,positional_13_14,1370626,-644627,-86671,-171799,-258470,NA,NA,E07000121,5200,1560,710,1370,1560,"VOA/HMRC Valuation Office, Non-domestic rating: stock of properties, 31 March 2025 edition"
2013,2013-14,E4704,369214816,3248107,651000,NA,NA,positional_13_14,13787750,7141181,-4649000,-651000,-5300000,NA,NA,E08000035,26830,7050,6770,5980,7030,"VOA/HMRC Valuation Office, Non-domestic rating: stock of properties, 31 March 2025 edition"
2013,2013-14,E2401,100496322,1020621,681142,NA,NA,positional_13_14,7395633,1303306,-2163141,-681142,-2844283,NA,NA,E06000016,11690,3710,1710,4070,2200,"VOA/HMRC Valuation Office, Non-domestic rating: stock of properties, 31 March 2025 edition"
2013,2013-14,E1435,23873157,0,189541,NA,NA,positional_13_14,793549,119045,-0,-189541,-189541,NA,NA,E07000063,3110,760,500,1050,800,"VOA/HMRC Valuation Office, Non-domestic rating: stock of properties, 31 March 2025 edition"
2013,2013-14,E5018,51461019,482659,674619,NA,NA,positional_13_14,4580133,3677031,-1880336,-674619,-2554955,NA,NA,E09000023,6000,2710,510,1350,1440,"VOA/HMRC Valuation Office, Non-domestic rating: stock of properties, 31 March 2025 edition"
2013,2013-14,E3433,32314860,0,177057,NA,NA,positional_13_14,823641,703412,-0,-177057,-177057,NA,NA,E07000194,2850,680,520,910,740,"VOA/HMRC Valuation Office, Non-domestic rating: stock of properties, 31 March 2025 edition"
2013,2013-14,E2533,40938983,215431,88435,NA,NA,positional_13_14,988035,960880,-0,-88435,-88435,NA,NA,E07000138,3390,1130,730,710,830,"VOA/HMRC Valuation Office, Non-domestic rating: stock of properties, 31 March 2025 edition"
2013,2013-14,E4302,191105450,28857,3128641,NA,NA,positional_13_14,63249820,11088641,-46473079,-3128641,-49601720,NA,NA,E08000012,17120,5850,3600,3490,4180,"VOA/HMRC Valuation Office, Non-domestic rating: stock of properties, 31 March 2025 edition"
2013,2013-14,E0201,68709095,3464523,-471000,NA,NA,positional_13_14,10091919,1663951,-0,471000,471000,NA,NA,E06000032,5600,1650,1250,1460,1250,"VOA/HMRC Valuation Office, Non-domestic rating: stock of properties, 31 March 2025 edition"
2013,2013-14,E2237,56190623,467896,-475742,NA,NA,positional_13_14,2956398,601870,-2025822,475742,-1550080,NA,NA,E07000110,4630,1060,1100,1300,1180,"VOA/HMRC Valuation Office, Non-domestic rating: stock of properties, 31 March 2025 edition"
2013,2013-14,E1539,13340097,0,-69880,NA,NA,positional_13_14,601399,297608,-0,69880,69880,NA,NA,E07000074,2300,430,380,850,640,"VOA/HMRC Valuation Office, Non-domestic rating: stock of properties, 31 March 2025 edition"
2013,2013-14,E1851,14624439,96384,0,NA,NA,positional_13_14,326329,138352,-294768,-0,-294768,NA,NA,E07000235,2720,520,460,840,900,"VOA/HMRC Valuation Office, Non-domestic rating: stock of properties, 31 March 2025 edition"
2013,2013-14,E4203,318763055,4946462,-1221743,NA,NA,positional_13_14,18471889,9293126,-0,1221743,1221743,NA,NA,E08000003,23460,5740,6730,4250,6720,"VOA/HMRC Valuation Office, Non-domestic rating: stock of properties, 31 March 2025 edition"
2013,2013-14,E3035,28335096,481957,-119365,NA,NA,positional_13_14,625822,40313,-762535,119365,-643170,NA,NA,E07000174,3030,910,510,930,680,"VOA/HMRC Valuation Office, Non-domestic rating: stock of properties, 31 March 2025 edition"
2013,2013-14,E2201,86241874,960629,107065,NA,NA,positional_13_14,5199355,1312370,-2425877,-107065,-2532942,NA,NA,E06000035,6200,1940,820,1910,1530,"VOA/HMRC Valuation Office, Non-domestic rating: stock of properties, 31 March 2025 edition"
2013,2013-14,E2436,12674339,37137,68442,NA,NA,positional_13_14,809219,469575,-92460,-68442,-160902,NA,NA,E07000133,1480,330,160,560,440,"VOA/HMRC Valuation Office, Non-domestic rating: stock of properties, 31 March 2025 edition"
2013,2013-14,E3331,33204008,165866,409902,NA,NA,positional_13_14,1192918,668394,-445802,-409902,-855704,NA,NA,E07000187,3940,1040,470,1280,1160,"VOA/HMRC Valuation Office, Non-domestic rating: stock of properties, 31 March 2025 edition"
2013,2013-14,E5044,83768758,252221,-1546000,NA,NA,positional_13_14,2250369,1816799,-4500000,1546000,-2954000,NA,NA,E09000024,5370,1740,1110,1170,1350,"VOA/HMRC Valuation Office, Non-domestic rating: stock of properties, 31 March 2025 edition"
2013,2013-14,E1133,14532870,92920,25950,NA,NA,positional_13_14,394800,-262862,-163758,-25950,-189708,NA,NA,E07000042,2720,530,290,940,960,"VOA/HMRC Valuation Office, Non-domestic rating: stock of properties, 31 March 2025 edition"
2013,2013-14,E3534,21040678,95339,45074,NA,NA,positional_13_14,1070848,45075,-225768,-45074,-270842,NA,NA,E07000203,3200,470,480,1220,1020,"VOA/HMRC Valuation Office, Non-domestic rating: stock of properties, 31 March 2025 edition"
2013,2013-14,E3836,41850376,366979,16217,NA,NA,positional_13_14,1994035,1572042,-1564399,-16217,-1580616,NA,NA,E07000228,3980,1020,900,1020,1040,"VOA/HMRC Valuation Office, Non-domestic rating: stock of properties, 31 March 2025 edition"
2013,2013-14,E0702,41093581,466091,315908,NA,NA,positional_13_14,6767590,1329907,-4309856,-315908,-4625764,NA,NA,E06000002,4130,1390,700,990,1060,"VOA/HMRC Valuation Office, Non-domestic rating: stock of properties, 31 March 2025 edition"
2013,2013-14,E0401,149612595,1148351,1090000,NA,NA,positional_13_14,894722,1975705,-3070000,-1090000,-4160000,NA,NA,E06000042,6820,1530,1870,2060,1360,"VOA/HMRC Valuation Office, Non-domestic rating: stock of properties, 31 March 2025 edition"
2013,2013-14,E3634,36637536,90701,50000,NA,NA,positional_13_14,1148429,2540731,-275000,-50000,-325000,NA,NA,E07000210,3130,700,920,760,750,"VOA/HMRC Valuation Office, Non-domestic rating: stock of properties, 31 March 2025 edition"
2013,2013-14,E1738,62326206,270273,52560,NA,NA,positional_13_14,1570508,234700,-453000,-52560,-505560,NA,NA,E07000091,6510,1580,740,1540,2650,"VOA/HMRC Valuation Office, Non-domestic rating: stock of properties, 31 March 2025 edition"
2013,2013-14,E3036,38799401,0,448935,NA,NA,positional_13_14,1340757,241758,-0,-448935,-448935,NA,NA,E07000175,3850,930,660,1180,1080,"VOA/HMRC Valuation Office, Non-domestic rating: stock of properties, 31 March 2025 edition"
2013,2013-14,E4502,148829722,648839,1127564,NA,NA,positional_13_14,8309817,6476341,-0,-1127564,-1127564,NA,NA,E08000021,9790,2900,2810,1610,2470,"VOA/HMRC Valuation Office, Non-domestic rating: stock of properties, 31 March 2025 edition"
2013,2013-14,E3434,33091008,207228,3660,NA,NA,positional_13_14,2521056,350042,-0,-3660,-3660,NA,NA,E07000195,3300,960,540,930,870,"VOA/HMRC Valuation Office, Non-domestic rating: stock of properties, 31 March 2025 edition"
2013,2013-14,E5045,126941201,890086,454462,NA,NA,positional_13_14,5732251,6271248,-2406067,-454462,-2860529,NA,NA,E09000025,7080,3430,980,1350,1320,"VOA/HMRC Valuation Office, Non-domestic rating: stock of properties, 31 March 2025 edition"
2013,2013-14,E1134,31426686,178118,217033,NA,NA,positional_13_14,1451198,881570,-540807,-217033,-757840,NA,NA,E07000043,5040,1160,400,1120,2360,"VOA/HMRC Valuation Office, Non-domestic rating: stock of properties, 31 March 2025 edition"
2013,2013-14,E1234,13207643,-12703,119366,NA,NA,positional_13_14,427872,154460,-148463,-119366,-267829,NA,NA,E07000050,2300,530,290,800,680,"VOA/HMRC Valuation Office, Non-domestic rating: stock of properties, 31 March 2025 edition"
2013,2013-14,E1038,15481604,192848,-22871,NA,NA,positional_13_14,602639,751707,-159892,22871,-137021,NA,NA,E07000038,2470,540,330,850,750,"VOA/HMRC Valuation Office, Non-domestic rating: stock of properties, 31 March 2025 edition"
2013,2013-14,E2003,64530873,652310,-136708,NA,NA,positional_13_14,7167107,622907,-2922141,136708,-2785433,NA,NA,E06000012,5440,1710,670,1660,1390,"VOA/HMRC Valuation Office, Non-domestic rating: stock of properties, 31 March 2025 edition"
2013,2013-14,E1935,37682429,381612,270492,NA,NA,positional_13_14,2135620,607026,-0,-270492,-270492,NA,NA,E07000099,4160,990,890,1340,940,"VOA/HMRC Valuation Office, Non-domestic rating: stock of properties, 31 March 2025 edition"
2013,2013-14,E2534,22750134,24267,0,NA,NA,positional_13_14,493793,411854,-195000,-0,-195000,NA,NA,E07000139,3020,580,460,1120,860,"VOA/HMRC Valuation Office, Non-domestic rating: stock of properties, 31 March 2025 edition"
2013,2013-14,E2004,87970309,366892,-106900,NA,NA,positional_13_14,4195467,1132545,-699000,106900,-592100,NA,NA,E06000013,5350,1410,530,1850,1560,"VOA/HMRC Valuation Office, Non-domestic rating: stock of properties, 31 March 2025 edition"
2013,2013-14,E2635,23910537,86893,77088,NA,NA,positional_13_14,359621,400184,-0,-77088,-77088,NA,NA,E07000147,6100,1190,280,1120,3510,"VOA/HMRC Valuation Office, Non-domestic rating: stock of properties, 31 March 2025 edition"
2013,2013-14,E0104,59010427,0,958694,NA,NA,positional_13_14,5361769,872778,-2109871,-958694,-3068565,NA,NA,E06000024,5810,1490,1110,1670,1550,"VOA/HMRC Valuation Office, Non-domestic rating: stock of properties, 31 March 2025 edition"
2013,2013-14,E4503,57047474,48445,734610,NA,NA,positional_13_14,5162514,427545,-0,-734610,-734610,NA,NA,E08000022,5270,1770,950,1270,1270,"VOA/HMRC Valuation Office, Non-domestic rating: stock of properties, 31 March 2025 edition"
2013,2013-14,E3731,40762010,81052,81922,NA,NA,positional_13_14,814878,1304848,-96965,-81922,-178887,NA,NA,E07000218,2210,410,370,850,580,"VOA/HMRC Valuation Office, Non-domestic rating: stock of properties, 31 March 2025 edition"
2013,2013-14,E2437,48590206,134735,359251,NA,NA,positional_13_14,1645814,-1485210,-481459,-359251,-840710,NA,NA,E07000134,3170,670,650,1120,730,"VOA/HMRC Valuation Office, Non-domestic rating: stock of properties, 31 March 2025 edition"
2013,2013-14,E2835,98294052,659127,230365,NA,NA,positional_13_14,1907458,1790209,-448950,-230365,-679315,NA,NA,E07000154,6260,1570,1530,1890,1280,"VOA/HMRC Valuation Office, Non-domestic rating: stock of properties, 31 March 2025 edition"
2013,2013-14,E2901,75545981,1038191,343569,NA,NA,positional_13_14,3372058,-212680,-1183116,-343569,-1526684,NA,NA,E06000057,11820,2680,1460,2940,4750,"VOA/HMRC Valuation Office, Non-domestic rating: stock of properties, 31 March 2025 edition"
2013,2013-14,E2636,77482390,715792,678946,NA,NA,positional_13_14,4153799,883880,-0,-678946,-678946,NA,NA,E07000148,6000,1720,1310,1350,1620,"VOA/HMRC Valuation Office, Non-domestic rating: stock of properties, 31 March 2025 edition"
2013,2013-14,E3001,127154561,2536291,68550,NA,NA,positional_13_14,10148160,3833870,-5668200,-68550,-5736750,NA,NA,E06000018,11220,3060,2270,2960,2930,"VOA/HMRC Valuation Office, Non-domestic rating: stock of properties, 31 March 2025 edition"
2013,2013-14,E3732,33697827,155405,140000,NA,NA,positional_13_14,1235136,302357,-230000,-140000,-370000,NA,NA,E07000219,3040,900,370,1130,650,"VOA/HMRC Valuation Office, Non-domestic rating: stock of properties, 31 March 2025 edition"
2013,2013-14,E2438,11545661,65534,75257,NA,NA,positional_13_14,744055,314964,-137578,-75257,-212835,NA,NA,E07000135,1330,410,140,510,270,"VOA/HMRC Valuation Office, Non-domestic rating: stock of properties, 31 March 2025 edition"
2013,2013-14,E4204,56657682,152120,204857,NA,NA,positional_13_14,6697960,818776,-3458971,-204857,-3663828,NA,NA,E08000004,7360,2140,1060,2440,1740,"VOA/HMRC Valuation Office, Non-domestic rating: stock of properties, 31 March 2025 edition"
2013,2013-14,E3132,84468734,231123,90713,NA,NA,positional_13_14,3322689,2173437,-1543697,-90713,-1634410,NA,NA,E07000178,3860,1320,990,450,1100,"VOA/HMRC Valuation Office, Non-domestic rating: stock of properties, 31 March 2025 edition"
2013,2013-14,E2338,18831475,487862,-210000,NA,NA,positional_13_14,1043287,79348,-1020000,210000,-810000,NA,NA,E07000122,3480,1050,500,1240,700,"VOA/HMRC Valuation Office, Non-domestic rating: stock of properties, 31 March 2025 edition"
2013,2013-14,E0501,92150129,-52378,953987,NA,NA,positional_13_14,6151151,2302652,-0,-953987,-953987,NA,NA,E06000031,5590,1420,1230,1690,1250,"VOA/HMRC Valuation Office, Non-domestic rating: stock of properties, 31 March 2025 edition"
2013,2013-14,E1101,88047927,182952,141113,NA,NA,positional_13_14,3696750,-1789074,-576014,-141113,-717127,NA,NA,E06000026,6820,1970,1190,1640,2020,"VOA/HMRC Valuation Office, Non-domestic rating: stock of properties, 31 March 2025 edition"
2013,2013-14,E1201,61022810,266391,-44128,NA,NA,positional_13_14,1293460,1050723,-446760,44128,-402632,NA,NA,E06000029,5460,1210,690,1410,2150,"VOA/HMRC Valuation Office, Non-domestic rating: stock of properties, 31 March 2025 edition"
2013,2013-14,E1701,81196912,467108,561000,NA,NA,positional_13_14,4496777,1045611,-2669000,-561000,-3230000,NA,NA,E06000044,5950,2020,740,1320,1870,"VOA/HMRC Valuation Office, Non-domestic rating: stock of properties, 31 March 2025 edition"
2013,2013-14,E2339,65964697,799109,282733,NA,NA,positional_13_14,2694832,1096992,-1503161,-282733,-1785894,NA,NA,E07000123,5320,1660,1180,1370,1120,"VOA/HMRC Valuation Office, Non-domestic rating: stock of properties, 31 March 2025 edition"
2013,2013-14,E1236,17829473,99053,20000,NA,NA,positional_13_14,553657,233196,-77669,-20000,-97669,NA,NA,E07000051,2330,380,170,590,1190,"VOA/HMRC Valuation Office, Non-domestic rating: stock of properties, 31 March 2025 edition"
2013,2013-14,E0303,105360932,107207,1057071,NA,NA,positional_13_14,4646907,1164988,-925000,-1057071,-1982071,NA,NA,E06000038,4930,1530,1500,910,1000,"VOA/HMRC Valuation Office, Non-domestic rating: stock of properties, 31 March 2025 edition"
2013,2013-14,E5046,53795558,627307,1355000,NA,NA,positional_13_14,8278783,1636745,-5906000,-1355000,-7261000,NA,NA,E09000026,6190,2580,1070,770,1770,"VOA/HMRC Valuation Office, Non-domestic rating: stock of properties, 31 March 2025 edition"
2013,2013-14,E0703,51484006,113488,134632,NA,NA,positional_13_14,7863338,397975,-1090459,-134632,-1225091,NA,NA,E06000003,3780,1210,480,1090,1010,"VOA/HMRC Valuation Office, Non-domestic rating: stock of properties, 31 March 2025 edition"
2013,2013-14,E1835,34349142,167902,134002,NA,NA,positional_13_14,1369339,517243,-961421,-134002,-1095423,NA,NA,E07000236,2410,480,470,1030,430,"VOA/HMRC Valuation Office, Non-domestic rating: stock of properties, 31 March 2025 edition"
2013,2013-14,E3635,49164090,115696,36248,NA,NA,positional_13_14,42672,593892,-93742,-36248,-129990,NA,NA,E07000211,3500,1110,830,710,860,"VOA/HMRC Valuation Office, Non-domestic rating: stock of properties, 31 March 2025 edition"
2013,2013-14,E2340,14021607,62584,80000,NA,NA,positional_13_14,601958,91542,-250000,-80000,-330000,NA,NA,E07000124,2170,530,330,630,690,"VOA/HMRC Valuation Office, Non-domestic rating: stock of properties, 31 March 2025 edition"
2013,2013-14,E5047,82033995,753214,256064,NA,NA,positional_13_14,4447214,-2685588,-0,-256064,-256064,NA,NA,E09000027,5970,2040,1910,580,1440,"VOA/HMRC Valuation Office, Non-domestic rating: stock of properties, 31 March 2025 edition"
2013,2013-14,E2734,12988649,50995,96732,NA,NA,positional_13_14,569029,79324,-111206,-96732,-207938,NA,NA,E07000166,2490,390,240,610,1260,"VOA/HMRC Valuation Office, Non-domestic rating: stock of properties, 31 March 2025 edition"
2013,2013-14,E4205,62470232,680537,488000,NA,NA,positional_13_14,4036410,718651,-1175000,-488000,-1663000,NA,NA,E08000005,6570,2010,890,2120,1540,"VOA/HMRC Valuation Office, Non-domestic rating: stock of properties, 31 March 2025 edition"
2013,2013-14,E1540,15880581,24615,161506,NA,NA,positional_13_14,531381,25419,-110052,-161506,-271558,NA,NA,E07000075,2040,540,280,720,500,"VOA/HMRC Valuation Office, Non-domestic rating: stock of properties, 31 March 2025 edition"
2013,2013-14,E2341,13559483,259805,614940,NA,NA,positional_13_14,1065594,23934,-254189,-614940,-869129,NA,NA,E07000125,2590,660,390,1010,540,"VOA/HMRC Valuation Office, Non-domestic rating: stock of properties, 31 March 2025 edition"
2013,2013-14,E1436,16463986,73144,38573,NA,NA,positional_13_14,626404,63127,-374532,-38573,-413105,NA,NA,E07000064,3470,980,320,860,1320,"VOA/HMRC Valuation Office, Non-domestic rating: stock of properties, 31 March 2025 edition"
2013,2013-14,E4403,73172093,474049,270527,NA,NA,positional_13_14,2578478,547866,-700000,-270527,-970527,NA,NA,E08000018,7190,2080,1100,2410,1600,"VOA/HMRC Valuation Office, Non-domestic rating: stock of properties, 31 March 2025 edition"
2013,2013-14,E3733,40330839,73799,27074,NA,NA,positional_13_14,1004497,573255,-151319,-27074,-178393,NA,NA,E07000220,2880,670,500,900,810,"VOA/HMRC Valuation Office, Non-domestic rating: stock of properties, 31 March 2025 edition"
2013,2013-14,E3636,43149639,16091,353200,NA,NA,positional_13_14,1357079,-826560,-376000,-353200,-729200,NA,NA,E07000212,2370,500,710,560,590,"VOA/HMRC Valuation Office, Non-domestic rating: stock of properties, 31 March 2025 edition"
2013,2013-14,E3038,24729484,0,-131600,NA,NA,positional_13_14,524287,375780,-0,131600,131600,NA,NA,E07000176,2500,630,420,670,780,"VOA/HMRC Valuation Office, Non-domestic rating: stock of properties, 31 March 2025 edition"
2013,2013-14,E1740,44209453,330105,84755,NA,NA,positional_13_14,1397214,1160460,-239601,-84755,-324356,NA,NA,E07000092,2460,790,650,510,510,"VOA/HMRC Valuation Office, Non-domestic rating: stock of properties, 31 March 2025 edition"
2013,2013-14,E2402,9755554,20607,10670,NA,NA,positional_13_14,208419,95815,-93540,-10670,-104210,NA,NA,E06000017,1300,290,210,320,480,"VOA/HMRC Valuation Office, Non-domestic rating: stock of properties, 31 March 2025 edition"
2013,2013-14,E2755,15179360,56216,0,NA,NA,positional_13_14,211159,149384,-100000,-0,-100000,NA,NA,E07000167,2820,590,250,740,1250,"VOA/HMRC Valuation Office, Non-domestic rating: stock of properties, 31 March 2025 edition"
2013,2013-14,E4206,100856614,1416694,3280063,NA,NA,positional_13_14,19419871,3348786,-5606934,-3280063,-8886997,NA,NA,E08000006,10350,2100,1770,2240,4240,"VOA/HMRC Valuation Office, Non-domestic rating: stock of properties, 31 March 2025 edition"
2013,2013-14,E4604,97844729,0,-71026,NA,NA,positional_13_14,4925017,-1061660,-1492740,71026,-1421714,NA,NA,E08000028,10340,2770,1070,4310,2190,"VOA/HMRC Valuation Office, Non-domestic rating: stock of properties, 31 March 2025 edition"
2013,2013-14,E2736,33769912,128668,137415,NA,NA,positional_13_14,1300256,757271,-471395,-137415,-608810,NA,NA,E07000168,6410,1610,550,1120,3140,"VOA/HMRC Valuation Office, Non-domestic rating: stock of properties, 31 March 2025 edition"
2013,2013-14,E3332,35299147,108452,278203,NA,NA,positional_13_14,1166342,292130,-223408,-278203,-501611,NA,NA,E07000188,3820,850,390,1280,1300,"VOA/HMRC Valuation Office, Non-domestic rating: stock of properties, 31 March 2025 edition"
2013,2013-14,E4304,65932430,1817266,-890170,NA,NA,positional_13_14,3563636,423367,-2409270,890170,-1519100,NA,NA,E08000014,7580,3160,890,1860,1670,"VOA/HMRC Valuation Office, Non-domestic rating: stock of properties, 31 March 2025 edition"
2013,2013-14,E2757,41939969,68475,170430,NA,NA,positional_13_14,1330416,386029,-655567,-170430,-825997,NA,NA,E07000169,2490,500,370,880,740,"VOA/HMRC Valuation Office, Non-domestic rating: stock of properties, 31 March 2025 edition"
2013,2013-14,E2239,35177993,442654,54400,NA,NA,positional_13_14,1633082,1072278,-822900,-54400,-877300,NA,NA,E07000111,3830,860,870,1110,980,"VOA/HMRC Valuation Office, Non-domestic rating: stock of properties, 31 March 2025 edition"
2013,2013-14,E4404,215098309,2173180,92000,NA,NA,positional_13_14,14380669,1875166,-0,-92000,-92000,NA,NA,E08000019,17500,5110,2950,4910,4540,"VOA/HMRC Valuation Office, Non-domestic rating: stock of properties, 31 March 2025 edition"
2013,2013-14,E2240,27830103,383240,153418,NA,NA,positional_13_14,1211608,492685,-198947,-153418,-352365,NA,NA,E07000112,3660,1050,460,980,1170,"VOA/HMRC Valuation Office, Non-domestic rating: stock of properties, 31 March 2025 edition"
2013,2013-14,E3202,75981896,0,470634,NA,NA,positional_13_14,3316520,1938011,-1075730,-470634,-1546364,NA,NA,E06000051,11590,2930,1620,3530,3520,"VOA/HMRC Valuation Office, Non-domestic rating: stock of properties, 31 March 2025 edition"
2013,2013-14,E0304,95721467,4938490,-1228970,NA,NA,positional_13_14,7150923,451391,-5277910,1228970,-4048940,NA,NA,E06000039,3330,930,840,1040,530,"VOA/HMRC Valuation Office, Non-domestic rating: stock of properties, 31 March 2025 edition"
2013,2013-14,E4605,105857185,252039,477817,NA,NA,positional_13_14,2312838,4422780,-1189353,-477817,-1667170,NA,NA,E08000029,4470,1400,1410,650,1010,"VOA/HMRC Valuation Office, Non-domestic rating: stock of properties, 31 March 2025 edition"
2013,2013-14,E0434,29020628,4774,217000,NA,NA,positional_13_14,1331202,862093,-237000,-217000,-454000,NA,NA,E07000006,1980,560,460,340,620,"VOA/HMRC Valuation Office, Non-domestic rating: stock of properties, 31 March 2025 edition"
2013,2013-14,E0536,67445978,394875,57511,NA,NA,positional_13_14,1250506,1179438,-98756,-57511,-156267,NA,NA,E07000012,4460,440,1450,1420,1150,"VOA/HMRC Valuation Office, Non-domestic rating: stock of properties, 31 March 2025 edition"
2013,2013-14,E1039,21899574,92386,1360818,NA,NA,positional_13_14,1999347,381449,-0,-1360818,-1360818,NA,NA,E07000039,2130,460,250,770,640,"VOA/HMRC Valuation Office, Non-domestic rating: stock of properties, 31 March 2025 edition"
2013,2013-14,E0103,133756614,270409,-70409,NA,NA,positional_13_14,3881461,2471542,-258000,70409,-187591,NA,NA,E06000025,6240,1480,1250,2040,1460,"VOA/HMRC Valuation Office, Non-domestic rating: stock of properties, 31 March 2025 edition"
2013,2013-14,E1136,28697749,123498,98906,NA,NA,positional_13_14,1351458,268915,-235862,-98906,-334768,NA,NA,E07000044,5170,900,530,1330,2410,"VOA/HMRC Valuation Office, Non-domestic rating: stock of properties, 31 March 2025 edition"
2013,2013-14,E2535,24376737,70462,7000,NA,NA,positional_13_14,608468,294145,-236000,-7000,-243000,NA,NA,E07000140,2680,700,380,840,760,"VOA/HMRC Valuation Office, Non-domestic rating: stock of properties, 31 March 2025 edition"
2013,2013-14,E2536,39476177,444946,101000,NA,NA,positional_13_14,1740689,-737698,-474000,-101000,-575000,NA,NA,E07000141,4250,1190,620,1250,1190,"VOA/HMRC Valuation Office, Non-domestic rating: stock of properties, 31 March 2025 edition"
2013,2013-14,E0936,39936183,275792,145379,NA,NA,positional_13_14,1450038,589185,-657353,-145379,-802732,NA,NA,E07000031,7630,1450,680,1480,4020,"VOA/HMRC Valuation Office, Non-domestic rating: stock of properties, 31 March 2025 edition"
2013,2013-14,E2637,28097228,37123,122435,NA,NA,positional_13_14,1074937,189769,-219785,-122435,-342220,NA,NA,E07000149,3630,710,480,1190,1250,"VOA/HMRC Valuation Office, Non-domestic rating: stock of properties, 31 March 2025 edition"
2013,2013-14,E2836,20239345,146593,88021,NA,NA,positional_13_14,438470,397060,-161024,-88021,-249045,NA,NA,E07000155,2570,350,560,890,780,"VOA/HMRC Valuation Office, Non-domestic rating: stock of properties, 31 March 2025 edition"
2013,2013-14,E3133,41935195,385246,-217600,NA,NA,positional_13_14,1865335,794235,-1055590,217600,-837990,NA,NA,E07000179,4110,890,980,1190,1060,"VOA/HMRC Valuation Office, Non-domestic rating: stock of properties, 31 March 2025 edition"
2013,2013-14,E2342,35215212,240062,-134484,NA,NA,positional_13_14,1207246,323290,-601811,134484,-467327,NA,NA,E07000126,2790,830,430,950,590,"VOA/HMRC Valuation Office, Non-domestic rating: stock of properties, 31 March 2025 edition"
2013,2013-14,E3334,42677414,115927,297100,NA,NA,positional_13_14,2892041,509587,-668300,-297100,-965400,NA,NA,E07000189,5470,1210,640,1900,1730,"VOA/HMRC Valuation Office, Non-domestic rating: stock of properties, 31 March 2025 edition"
2013,2013-14,E3435,21246140,278807,-20000,NA,NA,positional_13_14,860655,170766,-461000,20000,-441000,NA,NA,E07000196,2520,590,350,800,790,"VOA/HMRC Valuation Office, Non-domestic rating: stock of properties, 31 March 2025 edition"
2013,2013-14,E4504,29627722,252896,110141,NA,NA,positional_13_14,1198609,474554,-452948,-110141,-563089,NA,NA,E08000023,3630,1340,530,890,870,"VOA/HMRC Valuation Office, Non-domestic rating: stock of properties, 31 March 2025 edition"
2013,2013-14,E1702,100875135,1192050,-215691,NA,NA,positional_13_14,3773664,2962557,-0,215691,215691,NA,NA,E06000045,6520,2080,1410,1390,1640,"VOA/HMRC Valuation Office, Non-domestic rating: stock of properties, 31 March 2025 edition"
2013,2013-14,E1501,46247279,763429,392004,NA,NA,positional_13_14,1877684,747777,-460618,-392004,-852623,NA,NA,E06000033,5750,2210,840,1150,1550,"VOA/HMRC Valuation Office, Non-domestic rating: stock of properties, 31 March 2025 edition"
2013,2013-14,E5019,197495771,2141252,147179,NA,NA,positional_13_14,7930613,-9279933,-3972020,-147179,-4119199,NA,NA,E09000028,10740,2970,3060,2440,2270,"VOA/HMRC Valuation Office, Non-domestic rating: stock of properties, 31 March 2025 edition"
2013,2013-14,E3637,40455294,172365,-15000,NA,NA,positional_13_14,817103,942205,-289900,15000,-274900,NA,NA,E07000213,2480,810,510,530,620,"VOA/HMRC Valuation Office, Non-domestic rating: stock of properties, 31 March 2025 edition"
2013,2013-14,E1936,60863921,73414,214000,NA,NA,positional_13_14,2330975,562391,-0,-214000,-214000,NA,NA,E07000240,3840,1000,1140,690,1010,"VOA/HMRC Valuation Office, Non-domestic rating: stock of properties, 31 March 2025 edition"
2013,2013-14,E3535,45488941,183391,90660,NA,NA,positional_13_14,1330228,316504,-306502,-90660,-397161,NA,NA,NA,NA,NA,NA,NA,NA,"VOA/HMRC Valuation Office, Non-domestic rating: stock of properties, 31 March 2025 edition"
2013,2013-14,E4303,52617354,619634,408929,NA,NA,positional_13_14,3549980,888689,-1490016,-408929,-1898945,NA,NA,E08000013,4400,1580,610,1280,930,"VOA/HMRC Valuation Office, Non-domestic rating: stock of properties, 31 March 2025 edition"
2013,2013-14,E3436,44183024,103882,302218,NA,NA,positional_13_14,1643503,71648,-533000,-302218,-835218,NA,NA,E07000197,3940,980,750,1130,1080,"VOA/HMRC Valuation Office, Non-domestic rating: stock of properties, 31 March 2025 edition"
2013,2013-14,E3437,17801478,165020,-25496,NA,NA,positional_13_14,562532,125324,-419928,25496,-394432,NA,NA,E07000198,2930,760,190,930,1060,"VOA/HMRC Valuation Office, Non-domestic rating: stock of properties, 31 March 2025 edition"
2013,2013-14,E1937,49110293,6509,889476,NA,NA,positional_13_14,3913040,-1243805,-1724481,-889476,-2613957,NA,NA,E07000243,2080,590,570,490,430,"VOA/HMRC Valuation Office, Non-domestic rating: stock of properties, 31 March 2025 edition"
2013,2013-14,E4207,89835804,1005661,-317867,NA,NA,positional_13_14,12130438,-1389389,-3693761,317867,-3375894,NA,NA,E08000007,10040,2830,2090,2620,2500,"VOA/HMRC Valuation Office, Non-domestic rating: stock of properties, 31 March 2025 edition"
2013,2013-14,E0704,80893072,295133,82518,NA,NA,positional_13_14,1211168,1470911,-925000,-82518,-1007518,NA,NA,E06000004,5050,1490,1030,1300,1240,"VOA/HMRC Valuation Office, Non-domestic rating: stock of properties, 31 March 2025 edition"
2013,2013-14,E3401,84884602,1418768,-621000,NA,NA,positional_13_14,4671739,4975538,-0,621000,621000,NA,NA,E06000021,8590,2710,930,3000,1960,"VOA/HMRC Valuation Office, Non-domestic rating: stock of properties, 31 March 2025 edition"
2013,2013-14,E3734,51686910,351842,18852,NA,NA,positional_13_14,638887,746735,-397193,-18852,-416045,NA,NA,E07000221,4970,990,1050,1410,1520,"VOA/HMRC Valuation Office, Non-domestic rating: stock of properties, 31 March 2025 edition"
2013,2013-14,E1635,24334528,27901,59257,NA,NA,positional_13_14,886524,284543,-265046,-59257,-324303,NA,NA,E07000082,3850,810,640,1550,860,"VOA/HMRC Valuation Office, Non-domestic rating: stock of properties, 31 March 2025 edition"
2013,2013-14,E3536,48756086,53611,44319,NA,NA,positional_13_14,667669,-357765,-304029,-44319,-348348,NA,NA,NA,NA,NA,NA,NA,NA,"VOA/HMRC Valuation Office, Non-domestic rating: stock of properties, 31 March 2025 edition"
2013,2013-14,E4505,90697017,978733,814983,NA,NA,positional_13_14,8382348,584579,-0,-814983,-814983,NA,NA,E08000024,7580,2450,1320,2100,1700,"VOA/HMRC Valuation Office, Non-domestic rating: stock of properties, 31 March 2025 edition"
2013,2013-14,E3638,35007271,204787,302000,NA,NA,positional_13_14,2246434,974349,-674000,-302000,-976000,NA,NA,E07000214,2420,580,660,600,580,"VOA/HMRC Valuation Office, Non-domestic rating: stock of properties, 31 March 2025 edition"
2013,2013-14,E5048,50999625,907184,-101753,NA,NA,positional_13_14,2819861,-793783,-1001949,101753,-900196,NA,NA,E09000029,4190,1810,730,760,890,"VOA/HMRC Valuation Office, Non-domestic rating: stock of properties, 31 March 2025 edition"
2013,2013-14,E2241,41884072,89205,322690,NA,NA,positional_13_14,2151265,891767,-1596921,-322690,-1919611,NA,NA,E07000113,4130,960,570,1440,1160,"VOA/HMRC Valuation Office, Non-domestic rating: stock of properties, 31 March 2025 edition"
2013,2013-14,E3901,105276023,1056069,44630,NA,NA,positional_13_14,3444898,1323850,-0,-44630,-44630,NA,NA,E06000030,5300,1330,1340,1390,1240,"VOA/HMRC Valuation Office, Non-domestic rating: stock of properties, 31 March 2025 edition"
2013,2013-14,E4208,57838509,69581,921003,NA,NA,positional_13_14,5808511,971231,-1454293,-921003,-2375296,NA,NA,E08000008,7190,2230,800,2610,1550,"VOA/HMRC Valuation Office, Non-domestic rating: stock of properties, 31 March 2025 edition"
2013,2013-14,E3439,33038943,165902,-32856,NA,NA,positional_13_14,836109,601347,-789081,32856,-756225,NA,NA,E07000199,1930,520,290,710,400,"VOA/HMRC Valuation Office, Non-domestic rating: stock of properties, 31 March 2025 edition"
2013,2013-14,E3639,20098959,0,102180,NA,NA,positional_13_14,659573,403103,-104119,-102180,-206299,NA,NA,E07000215,2850,620,470,960,790,"VOA/HMRC Valuation Office, Non-domestic rating: stock of properties, 31 March 2025 edition"
2013,2013-14,E3333,39240158,160845,255656,NA,NA,positional_13_14,1210537,706564,-162041,-255656,-417697,NA,NA,NA,NA,NA,NA,NA,NA,"VOA/HMRC Valuation Office, Non-domestic rating: stock of properties, 31 March 2025 edition"
2013,2013-14,E1137,30634866,96938,0,NA,NA,positional_13_14,805564,485660,-400000,-0,-400000,NA,NA,E07000045,4800,1030,530,1480,1770,"VOA/HMRC Valuation Office, Non-domestic rating: stock of properties, 31 March 2025 edition"
2013,2013-14,E3201,68497240,1098654,252000,NA,NA,positional_13_14,3191696,1594884,-1034000,-252000,-1286000,NA,NA,E06000020,4550,1150,670,1640,1090,"VOA/HMRC Valuation Office, Non-domestic rating: stock of properties, 31 March 2025 edition"
2013,2013-14,E1542,25699448,37057,-310816,NA,NA,positional_13_14,515701,527675,-430000,310816,-119184,NA,NA,E07000076,7710,1270,480,1500,4470,"VOA/HMRC Valuation Office, Non-domestic rating: stock of properties, 31 March 2025 edition"
2013,2013-14,E1742,48224798,402335,-203277,NA,NA,positional_13_14,3357963,1060083,-1053553,203277,-850276,NA,NA,E07000093,4090,650,730,1820,890,"VOA/HMRC Valuation Office, Non-domestic rating: stock of properties, 31 March 2025 edition"
2013,2013-14,E1636,35624088,115144,26000,NA,NA,positional_13_14,886920,-355757,-191000,-26000,-217000,NA,NA,E07000083,2770,430,570,1100,670,"VOA/HMRC Valuation Office, Non-domestic rating: stock of properties, 31 March 2025 edition"
2013,2013-14,E2242,31061347,571362,-57457,NA,NA,positional_13_14,2073649,1369065,-1142121,57457,-1084664,NA,NA,E07000114,4690,1570,530,1110,1480,"VOA/HMRC Valuation Office, Non-domestic rating: stock of properties, 31 March 2025 edition"
2013,2013-14,E1938,26869271,249961,61000,NA,NA,positional_13_14,1842462,-1327583,-942000,-61000,-1003000,NA,NA,E07000102,1910,450,460,460,550,"VOA/HMRC Valuation Office, Non-domestic rating: stock of properties, 31 March 2025 edition"
2013,2013-14,E1502,105098628,-5465346,262847,NA,NA,positional_13_14,2368265,128865,-0,-262847,-262847,NA,NA,E06000034,3660,1160,360,1260,880,"VOA/HMRC Valuation Office, Non-domestic rating: stock of properties, 31 March 2025 edition"
2013,2013-14,E2243,52294876,369174,80000,NA,NA,positional_13_14,1722236,1959057,-330000,-80000,-410000,NA,NA,E07000115,3530,660,920,1030,930,"VOA/HMRC Valuation Office, Non-domestic rating: stock of properties, 31 March 2025 edition"
2013,2013-14,E1102,35963299,340563,246085,NA,NA,positional_13_14,1549305,-417097,-665582,-246085,-911667,NA,NA,E06000027,5020,1830,490,920,1790,"VOA/HMRC Valuation Office, Non-domestic rating: stock of properties, 31 March 2025 edition"
2013,2013-14,E1139,10419387,24290,34680,NA,NA,positional_13_14,332068,136162,-74733,-34680,-109413,NA,NA,E07000046,3240,630,190,710,1720,"VOA/HMRC Valuation Office, Non-domestic rating: stock of properties, 31 March 2025 edition"
2013,2013-14,E5020,352905248,1264107,2783878,NA,NA,positional_13_14,12436764,22949202,-0,-2783878,-2783878,NA,NA,E09000030,14780,3170,3840,3250,4520,"VOA/HMRC Valuation Office, Non-domestic rating: stock of properties, 31 March 2025 edition"
2013,2013-14,E4209,159886433,1824112,148382,NA,NA,positional_13_14,6277242,4928446,-3541556,-148382,-3689937,NA,NA,E08000009,9260,2280,2180,1820,2990,"VOA/HMRC Valuation Office, Non-domestic rating: stock of properties, 31 March 2025 edition"
2013,2013-14,E2244,50558518,190988,434119,NA,NA,positional_13_14,2046149,975310,-1466939,-434119,-1901058,NA,NA,E07000116,3960,1200,880,900,980,"VOA/HMRC Valuation Office, Non-domestic rating: stock of properties, 31 March 2025 edition"
2013,2013-14,E1544,41214130,328242,-4230,NA,NA,positional_13_14,868614,371382,-390075,4230,-385845,NA,NA,E07000077,3010,480,800,910,830,"VOA/HMRC Valuation Office, Non-domestic rating: stock of properties, 31 March 2025 edition"
2013,2013-14,E3134,51136887,180439,-125700,NA,NA,positional_13_14,1245286,331677,-685580,125700,-559880,NA,NA,E07000180,3780,650,1180,1030,930,"VOA/HMRC Valuation Office, Non-domestic rating: stock of properties, 31 March 2025 edition"
2013,2013-14,E4705,118963083,1206813,-384536,NA,NA,positional_13_14,1644829,1068863,-1404536,384536,-1020000,NA,NA,E08000036,10270,3220,1700,2970,2380,"VOA/HMRC Valuation Office, Non-domestic rating: stock of properties, 31 March 2025 edition"
2013,2013-14,E4606,69552504,923599,190295,NA,NA,positional_13_14,6173254,1509215,-2514003,-190295,-2704298,NA,NA,E08000030,8150,2400,1000,2920,1840,"VOA/HMRC Valuation Office, Non-domestic rating: stock of properties, 31 March 2025 edition"
2013,2013-14,E5049,57786871,1080835,1065587,NA,NA,positional_13_14,6494083,1756694,-2442299,-1065587,-3507886,NA,NA,E09000031,6530,2900,740,1580,1300,"VOA/HMRC Valuation Office, Non-domestic rating: stock of properties, 31 March 2025 edition"
2013,2013-14,E5021,103055665,917486,493000,NA,NA,positional_13_14,3845349,1338189,-2096000,-493000,-2589000,NA,NA,E09000032,8980,3010,2000,1840,2140,"VOA/HMRC Valuation Office, Non-domestic rating: stock of properties, 31 March 2025 edition"
2013,2013-14,E0602,104789605,7263,2671780,NA,NA,positional_13_14,10939254,-1547612,-4293320,-2671780,-6965100,NA,NA,E06000007,6400,1670,1590,1850,1290,"VOA/HMRC Valuation Office, Non-domestic rating: stock of properties, 31 March 2025 edition"
2013,2013-14,E3735,67389680,367367,0,NA,NA,positional_13_14,1147235,735256,-750000,-0,-750000,NA,NA,E07000222,4480,1320,1160,950,1050,"VOA/HMRC Valuation Office, Non-domestic rating: stock of properties, 31 March 2025 edition"
2013,2013-14,E1939,66092944,1139140,134000,NA,NA,positional_13_14,4903978,-2264760,-1910000,-134000,-2044000,NA,NA,E07000103,3180,1140,730,780,540,"VOA/HMRC Valuation Office, Non-domestic rating: stock of properties, 31 March 2025 edition"
2013,2013-14,E3537,27569225,243390,305000,NA,NA,positional_13_14,1183455,-642904,-274000,-305000,-579000,NA,NA,NA,NA,NA,NA,NA,NA,"VOA/HMRC Valuation Office, Non-domestic rating: stock of properties, 31 March 2025 edition"
2013,2013-14,E3640,36130774,123627,139373,NA,NA,positional_13_14,2202375,777206,-230000,-139373,-369373,NA,NA,E07000216,3840,1030,1040,860,920,"VOA/HMRC Valuation Office, Non-domestic rating: stock of properties, 31 March 2025 edition"
2013,2013-14,E1437,28758679,286855,-600939,NA,NA,positional_13_14,1452156,453762,-867678,600939,-266739,NA,NA,E07000065,5250,1120,790,1900,1440,"VOA/HMRC Valuation Office, Non-domestic rating: stock of properties, 31 March 2025 edition"
2013,2013-14,E2837,28175667,64973,-12700,NA,NA,positional_13_14,599694,289284,-0,12700,12700,NA,NA,E07000156,2540,550,390,1090,510,"VOA/HMRC Valuation Office, Non-domestic rating: stock of properties, 31 March 2025 edition"
2013,2013-14,E1940,57111301,306776,-40525,NA,NA,positional_13_14,898552,11752,-220620,40525,-180095,NA,NA,E07000241,2760,660,680,770,650,"VOA/HMRC Valuation Office, Non-domestic rating: stock of properties, 31 March 2025 edition"
2013,2013-14,E0302,79825012,142497,-500000,NA,NA,positional_13_14,1972611,1849516,-0,500000,500000,NA,NA,E06000037,5120,900,1590,1430,1210,"VOA/HMRC Valuation Office, Non-domestic rating: stock of properties, 31 March 2025 edition"
2013,2013-14,E1140,10421378,44081,-178424,NA,NA,positional_13_14,540667,22923,-260690,178424,-82266,NA,NA,E07000047,2170,510,230,560,880,"VOA/HMRC Valuation Office, Non-domestic rating: stock of properties, 31 March 2025 edition"
2013,2013-14,E1237,29413806,3842,-76000,NA,NA,positional_13_14,1785417,315953,-1538000,76000,-1462000,NA,NA,E07000052,5180,1080,600,1610,1900,"VOA/HMRC Valuation Office, Non-domestic rating: stock of properties, 31 March 2025 edition"
2013,2013-14,E2343,30307677,68499,414595,NA,NA,positional_13_14,4833417,908738,-1001445,-414595,-1416040,NA,NA,E07000127,3120,730,450,1070,870,"VOA/HMRC Valuation Office, Non-domestic rating: stock of properties, 31 March 2025 edition"
2013,2013-14,E2537,14636904,109039,-9788,NA,NA,positional_13_14,529907,457948,-0,9788,9788,NA,NA,E07000142,2700,600,340,880,880,"VOA/HMRC Valuation Office, Non-domestic rating: stock of properties, 31 March 2025 edition"
2013,2013-14,E3135,32956934,60905,99834,NA,NA,positional_13_14,896943,439766,-0,-99834,-99834,NA,NA,E07000181,3780,720,870,1180,1000,"VOA/HMRC Valuation Office, Non-domestic rating: stock of properties, 31 March 2025 edition"
2013,2013-14,E3335,11590884,16110,0,NA,NA,positional_13_14,418904,136671,-75000,-0,-75000,NA,NA,NA,NA,NA,NA,NA,NA,"VOA/HMRC Valuation Office, Non-domestic rating: stock of properties, 31 March 2025 edition"
2013,2013-14,E5022,1735368278,11115293,1420000,NA,NA,positional_13_14,51186391,50858625,-30719645,-1420000,-32139645,NA,NA,E09000033,35170,6750,17950,1190,9280,"VOA/HMRC Valuation Office, Non-domestic rating: stock of properties, 31 March 2025 edition"
2013,2013-14,E1238,15314533,-26035,401000,NA,NA,positional_13_14,1844767,252489,-1221000,-401000,-1622000,NA,NA,E07000053,2710,700,170,480,1360,"VOA/HMRC Valuation Office, Non-domestic rating: stock of properties, 31 March 2025 edition"
2013,2013-14,E4210,80605453,1646383,1795061,NA,NA,positional_13_14,7070283,235978,-2889646,-1795061,-4684707,NA,NA,E08000010,9060,2920,1220,2560,2350,"VOA/HMRC Valuation Office, Non-domestic rating: stock of properties, 31 March 2025 edition"
2013,2013-14,E3902,136878000,1428976,-222200,NA,NA,positional_13_14,6796003,1924093,-1150500,222200,-928300,NA,NA,E06000054,14120,3220,2390,4660,3850,"VOA/HMRC Valuation Office, Non-domestic rating: stock of properties, 31 March 2025 edition"
2013,2013-14,E1743,54392434,131525,229105,NA,NA,positional_13_14,2128623,494704,-939019,-229105,-1168124,NA,NA,E07000094,4190,730,1050,1250,1170,"VOA/HMRC Valuation Office, Non-domestic rating: stock of properties, 31 March 2025 edition"
2013,2013-14,E0305,77937012,825857,70455,NA,NA,positional_13_14,4945113,1067230,-2172409,-70455,-2242864,NA,NA,E06000040,4740,1310,1390,840,1200,"VOA/HMRC Valuation Office, Non-domestic rating: stock of properties, 31 March 2025 edition"
2013,2013-14,E4305,68305283,1011021,563248,NA,NA,positional_13_14,6435016,1027620,-3030054,-563248,-3593302,NA,NA,E08000015,8110,3540,970,1890,1710,"VOA/HMRC Valuation Office, Non-domestic rating: stock of properties, 31 March 2025 edition"
2013,2013-14,E3641,44360345,-35147,66000,NA,NA,positional_13_14,1359095,1057670,-0,-66000,-66000,NA,NA,E07000217,2540,780,710,480,570,"VOA/HMRC Valuation Office, Non-domestic rating: stock of properties, 31 March 2025 edition"
2013,2013-14,E0306,53498530,378066,500000,NA,NA,positional_13_14,2280385,2686329,-256124,-493876,-750000,NA,NA,E06000041,3550,560,1000,1140,850,"VOA/HMRC Valuation Office, Non-domestic rating: stock of properties, 31 March 2025 edition"
2013,2013-14,E4607,76192033,0,2594998,NA,NA,positional_13_14,7067811,388893,-0,-2594998,-2594998,NA,NA,E08000031,8120,2390,1310,2780,1640,"VOA/HMRC Valuation Office, Non-domestic rating: stock of properties, 31 March 2025 edition"
2013,2013-14,E1837,40126153,207468,0,NA,NA,positional_13_14,1233929,632567,-294768,-0,-294768,NA,NA,E07000237,3110,1040,650,710,720,"VOA/HMRC Valuation Office, Non-domestic rating: stock of properties, 31 March 2025 edition"
2013,2013-14,E3837,31898676,645233,-28971,NA,NA,positional_13_14,1555593,-123531,-829051,28971,-800080,NA,NA,E07000229,3120,1310,460,490,860,"VOA/HMRC Valuation Office, Non-domestic rating: stock of properties, 31 March 2025 edition"
2013,2013-14,E1838,38814062,145454,0,NA,NA,positional_13_14,428604,476873,-195000,-0,-195000,NA,NA,E07000238,4520,910,810,1490,1310,"VOA/HMRC Valuation Office, Non-domestic rating: stock of properties, 31 March 2025 edition"
2013,2013-14,E0435,69746165,567663,210000,NA,NA,positional_13_14,3122394,1435538,-1897261,-210000,-2107261,NA,NA,E07000007,5080,1180,1370,1490,1040,"VOA/HMRC Valuation Office, Non-domestic rating: stock of properties, 31 March 2025 edition"
2013,2013-14,E2344,26599704,65900,150142,NA,NA,positional_13_14,948135,462153,-233076,-150142,-383218,NA,NA,E07000128,3830,1230,340,1120,1140,"VOA/HMRC Valuation Office, Non-domestic rating: stock of properties, 31 March 2025 edition"
2013,2013-14,E1839,27881372,133915,0,NA,NA,positional_13_14,2264699,190475,-1269954,-0,-1269954,NA,NA,E07000239,3290,770,540,1010,980,"VOA/HMRC Valuation Office, Non-domestic rating: stock of properties, 31 March 2025 edition"
2013,2013-14,E2701,95878785,458473,-363813,NA,NA,positional_13_14,3762081,1230356,-2464350,363813,-2100537,NA,NA,E06000014,6270,1840,1510,1170,1740,"VOA/HMRC Valuation Office, Non-domestic rating: stock of properties, 31 March 2025 edition"
2014,2014-15,E3831,16663533,120708,-146137,NA,-0,positional_14_15,928872,-319471,-404530,-146137,-429959,120708,NA,E07000223,2100,490,270,550,790,"VOA/HMRC Valuation Office, Non-domestic rating: stock of properties, 31 March 2025 edition"
2014,2014-15,E0931,24513726,92849,-125286,NA,-0,positional_14_15,1010813,-456620,-391505,-125286,-423942,92849,NA,E07000026,4690,1040,370,1120,2160,"VOA/HMRC Valuation Office, Non-domestic rating: stock of properties, 31 March 2025 edition"
2014,2014-15,E1031,29795940,253184,-233184,NA,-0,positional_14_15,454890,-683308,-475000,-233184,-455000,253184,NA,E07000032,3740,1060,490,1220,970,"VOA/HMRC Valuation Office, Non-domestic rating: stock of properties, 31 March 2025 edition"
2014,2014-15,E3832,32921056,184370,-155370,NA,-0,positional_14_15,875673,-353913,-411000,-155370,-382000,184370,NA,E07000224,4330,1380,400,1310,1240,"VOA/HMRC Valuation Office, Non-domestic rating: stock of properties, 31 March 2025 edition"
2014,2014-15,E3031,34386974,373274,-788103,NA,-0,positional_14_15,2068846,-189673,-545380,-788103,-960209,373274,NA,E07000170,3010,990,290,1060,670,"VOA/HMRC Valuation Office, Non-domestic rating: stock of properties, 31 March 2025 edition"
2014,2014-15,E2231,45887976,197390,-46815,NA,17670,positional_14_15,255598,-1262584,-761934,-46815,-611359,197390,NA,E07000105,4180,880,800,1380,1130,"VOA/HMRC Valuation Office, Non-domestic rating: stock of properties, 31 March 2025 edition"
2014,2014-15,E0431,49613040,-0,0,NA,81618,positional_14_15,186823,-1503901,0,0,0,0,NA,E07000004,5000,890,910,1900,1300,"VOA/HMRC Valuation Office, Non-domestic rating: stock of properties, 31 March 2025 edition"
2014,2014-15,E3531,22361538,136465,-138556,NA,-0,positional_14_15,487679,-132933,-353625,-138556,-355716,136465,NA,E07000200,3130,590,520,1080,950,"VOA/HMRC Valuation Office, Non-domestic rating: stock of properties, 31 March 2025 edition"
2014,2014-15,E5030,59463962,-0,-353000,NA,320397,positional_14_15,5533919,-670385,-4692000,-353000,-5045000,0,NA,E09000002,4190,1430,600,1200,960,"VOA/HMRC Valuation Office, Non-domestic rating: stock of properties, 31 March 2025 edition"
2014,2014-15,E5031,108878994,1263243,-672184,NA,-0,positional_14_15,13235001,-6256633,-2724995,-672184,-2133936,1263243,NA,E09000003,8320,3510,2100,880,1830,"VOA/HMRC Valuation Office, Non-domestic rating: stock of properties, 31 March 2025 edition"
2014,2014-15,E4401,52262127,522698,-1140515,NA,-0,positional_14_15,2333187,-233232,-1208318,-1140515,-1826135,522698,NA,E08000016,6670,2030,950,2160,1540,"VOA/HMRC Valuation Office, Non-domestic rating: stock of properties, 31 March 2025 edition"
2014,2014-15,E0932,22991982,140790,152914,NA,-0,positional_14_15,1219997,-1239522,-1330344,152914,-1036640,140790,NA,E07000027,2300,730,290,560,730,"VOA/HMRC Valuation Office, Non-domestic rating: stock of properties, 31 March 2025 edition"
2014,2014-15,E1531,79523394,485708,-474708,NA,-0,positional_14_15,2030339,-950478,-900000,-474708,-889000,485708,NA,E07000066,4690,1020,830,1880,960,"VOA/HMRC Valuation Office, Non-domestic rating: stock of properties, 31 March 2025 edition"
2014,2014-15,E1731,74124534,60091,39909,NA,-0,positional_14_15,2044206,-1156826,-600000,39909,-500000,60091,NA,E07000084,4130,750,1210,1090,1080,"VOA/HMRC Valuation Office, Non-domestic rating: stock of properties, 31 March 2025 edition"
2014,2014-15,E3032,55014620,222598,-278498,NA,-0,positional_14_15,2082875,-789302,-805200,-278498,-861100,222598,NA,E07000171,3780,970,540,1240,1050,"VOA/HMRC Valuation Office, Non-domestic rating: stock of properties, 31 March 2025 edition"
2014,2014-15,E0101,62854787,323167,-353756,NA,-0,positional_14_15,2442090,-1351954,-476108,-353756,-506697,323167,NA,E06000022,5820,1730,1100,1440,1540,"VOA/HMRC Valuation Office, Non-domestic rating: stock of properties, 31 March 2025 edition"
2014,2014-15,E0202,64181907,264214,-492613,NA,-0,positional_14_15,2116914,-286072,-1280708,-492613,-1509107,264214,NA,E06000055,5040,1120,960,1570,1390,"VOA/HMRC Valuation Office, Non-domestic rating: stock of properties, 31 March 2025 edition"
2014,2014-15,E5032,66003945,-0,99000,NA,361545,positional_14_15,2431843,-4709988,-2057000,99000,-1958000,0,NA,E09000004,5430,1860,540,1550,1480,"VOA/HMRC Valuation Office, Non-domestic rating: stock of properties, 31 March 2025 edition"
2014,2014-15,E4601,410835056,11158254,-9251391,NA,-0,positional_14_15,93903706,-15027240,-55441640,-9251391,-53534777,11158254,NA,E08000025,46160,10610,7480,9720,18360,"VOA/HMRC Valuation Office, Non-domestic rating: stock of properties, 31 March 2025 edition"
2014,2014-15,E2431,41808195,-0,10027,NA,217047,positional_14_15,675685,-1082291,-241823,10027,-231796,0,NA,E07000129,2080,420,460,680,510,"VOA/HMRC Valuation Office, Non-domestic rating: stock of properties, 31 March 2025 edition"
2014,2014-15,E2301,47855617,439677,-532677,NA,-0,positional_14_15,2556378,-628770,-1443000,-532677,-1536000,439677,NA,E06000008,6210,1750,1160,2080,1220,"VOA/HMRC Valuation Office, Non-domestic rating: stock of properties, 31 March 2025 edition"
2014,2014-15,E2302,49449678,1769447,-2024216,NA,-0,positional_14_15,4506147,-342469,-1595231,-2024216,-1850000,1769447,NA,E06000009,6830,2390,760,1070,2610,"VOA/HMRC Valuation Office, Non-domestic rating: stock of properties, 31 March 2025 edition"
2014,2014-15,E1032,23476637,-0,-58860,NA,89943,positional_14_15,462056,-762730,-291577,-58860,-350437,0,NA,E07000033,2270,590,340,830,510,"VOA/HMRC Valuation Office, Non-domestic rating: stock of properties, 31 March 2025 edition"
2014,2014-15,E4201,81654001,1659980,-1784167,NA,-0,positional_14_15,7225091,-1406432,-4161145,-1784167,-4285332,1659980,NA,E08000001,9480,2830,1520,2630,2510,"VOA/HMRC Valuation Office, Non-domestic rating: stock of properties, 31 March 2025 edition"
2014,2014-15,E2531,18735458,122465,-211926,NA,-0,positional_14_15,1040460,-587016,-331148,-211926,-420609,122465,NA,E07000136,2100,560,290,690,570,"VOA/HMRC Valuation Office, Non-domestic rating: stock of properties, 31 March 2025 edition"
2014,2014-15,E1202,65945293,151202,-407784,NA,-0,positional_14_15,3677306,-190760,-1414015,-407784,-1670597,151202,NA,E06000028,7300,2520,890,600,3290,"VOA/HMRC Valuation Office, Non-domestic rating: stock of properties, 31 March 2025 edition"
2014,2014-15,E0301,77168132,-0,-959300,NA,170869,positional_14_15,3576004,-1754268,-1299300,-959300,-2258600,0,NA,E06000036,2400,490,920,440,550,"VOA/HMRC Valuation Office, Non-domestic rating: stock of properties, 31 March 2025 edition"
2014,2014-15,E4701,138883905,2837131,-3746342,NA,-0,positional_14_15,11381524,-739397,-5021605,-3746342,-5930816,2837131,NA,E08000032,17850,5620,3040,5430,3760,"VOA/HMRC Valuation Office, Non-domestic rating: stock of properties, 31 March 2025 edition"
2014,2014-15,E1532,40959797,403880,-284920,NA,54594,positional_14_15,1219362,-420406,-403880,-284920,-284920,403880,NA,E07000067,4480,990,690,1710,1090,"VOA/HMRC Valuation Office, Non-domestic rating: stock of properties, 31 March 2025 edition"
2014,2014-15,E2631,29080931,1821,-86246,NA,-0,positional_14_15,1026475,-99360,-247753,-86246,-332178,1821,NA,E07000143,4180,880,400,1570,1340,"VOA/HMRC Valuation Office, Non-domestic rating: stock of properties, 31 March 2025 edition"
2014,2014-15,E5033,113598418,-0,-2484639,NA,328495,positional_14_15,5405641,-3256427,191378,-2484639,-2293261,0,NA,E09000005,8550,2990,1650,2560,1360,"VOA/HMRC Valuation Office, Non-domestic rating: stock of properties, 31 March 2025 edition"
2014,2014-15,E1533,30775927,547918,-586792,NA,-0,positional_14_15,2279485,-582943,-941684,-586792,-980558,547918,NA,E07000068,2200,600,530,530,550,"VOA/HMRC Valuation Office, Non-domestic rating: stock of properties, 31 March 2025 edition"
2014,2014-15,E1401,103806319,281728,-667363,NA,82699,positional_14_15,5316429,-2694875,-2291773,-667363,-2677408,281728,NA,E06000043,9670,3400,1940,1430,2890,"VOA/HMRC Valuation Office, Non-domestic rating: stock of properties, 31 March 2025 edition"
2014,2014-15,E0102,209171805,2204000,-1545000,NA,317474,positional_14_15,4434530,-2560660,-2204000,-1545000,-1545000,2204000,NA,E06000023,15380,4670,3680,3670,3360,"VOA/HMRC Valuation Office, Non-domestic rating: stock of properties, 31 March 2025 edition"
2014,2014-15,E2632,29439415,81758,-122406,NA,-0,positional_14_15,325256,-810492,-114474,-122406,-155122,81758,NA,E07000144,3350,550,360,1240,1200,"VOA/HMRC Valuation Office, Non-domestic rating: stock of properties, 31 March 2025 edition"
2014,2014-15,E5034,84469414,478670,-478670,NA,-0,positional_14_15,1560132,-3598991,-685658,-478670,-685658,478670,NA,E09000006,7350,2950,1420,1110,1880,"VOA/HMRC Valuation Office, Non-domestic rating: stock of properties, 31 March 2025 edition"
2014,2014-15,E1831,27054419,143547,-332840,NA,-0,positional_14_15,1795525,-662142,-546422,-332840,-735715,143547,NA,E07000234,2970,610,720,890,760,"VOA/HMRC Valuation Office, Non-domestic rating: stock of properties, 31 March 2025 edition"
2014,2014-15,E1931,41219009,299602,-295666,NA,-0,positional_14_15,2280704,-529757,-193525,-295666,-189589,299602,NA,E07000095,2240,710,320,740,480,"VOA/HMRC Valuation Office, Non-domestic rating: stock of properties, 31 March 2025 edition"
2014,2014-15,E3033,23683321,276291,-472283,NA,-0,positional_14_15,1425987,-170367,-525598,-472283,-721590,276291,NA,E07000172,2570,910,350,710,610,"VOA/HMRC Valuation Office, Non-domestic rating: stock of properties, 31 March 2025 edition"
2014,2014-15,E2333,26666744,458619,-428882,NA,-0,positional_14_15,1359762,-473851,-925866,-428882,-896129,458619,NA,E07000117,3700,1150,690,1080,790,"VOA/HMRC Valuation Office, Non-domestic rating: stock of properties, 31 March 2025 edition"
2014,2014-15,E4202,48748216,-0,-831147,NA,-0,positional_14_15,0,0,-725601,-831147,-1556748,0,NA,E08000002,5680,1780,950,1590,1370,"VOA/HMRC Valuation Office, Non-domestic rating: stock of properties, 31 March 2025 edition"
2014,2014-15,E4702,60478088,2141676,-1670309,NA,-0,positional_14_15,5477164,-1498924,-3266213,-1670309,-2794846,2141676,NA,E08000033,8850,2210,1440,3250,1960,"VOA/HMRC Valuation Office, Non-domestic rating: stock of properties, 31 March 2025 edition"
2014,2014-15,E0531,92988652,61620,-281146,NA,40360,positional_14_15,1167892,-1610656,-273261,-281146,-492787,61620,NA,E07000008,4050,1180,1220,520,1140,"VOA/HMRC Valuation Office, Non-domestic rating: stock of properties, 31 March 2025 edition"
2014,2014-15,E5011,482453337,2644479,-635468,NA,-0,positional_14_15,5083365,-7758146,-5741769,-635468,-3732758,2644479,NA,E09000007,16760,3690,6850,1410,4810,"VOA/HMRC Valuation Office, Non-domestic rating: stock of properties, 31 March 2025 edition"
2014,2014-15,E3431,35697576,331476,-590163,NA,-0,positional_14_15,2722955,-286722,-1694528,-590163,-1953215,331476,NA,E07000192,3260,940,510,1210,600,"VOA/HMRC Valuation Office, Non-domestic rating: stock of properties, 31 March 2025 edition"
2014,2014-15,E2232,51381835,314275,-334419,NA,-0,positional_14_15,1400247,-1273530,-656198,-334419,-676342,314275,NA,E07000106,5480,1340,760,1100,2280,"VOA/HMRC Valuation Office, Non-domestic rating: stock of properties, 31 March 2025 edition"
2014,2014-15,E0933,40944993,273875,-299098,NA,43006,positional_14_15,820964,-555485,-273875,-299098,-299098,273875,NA,E07000028,4290,1040,730,1280,1250,"VOA/HMRC Valuation Office, Non-domestic rating: stock of properties, 31 March 2025 edition"
2014,2014-15,E1534,14822186,75768,-79907,NA,-0,positional_14_15,247595,-75173,-156014,-79907,-160153,75768,NA,E07000069,2030,660,210,660,500,"VOA/HMRC Valuation Office, Non-domestic rating: stock of properties, 31 March 2025 edition"
2014,2014-15,E0203,78778482,618958,-606383,NA,162730,positional_14_15,4282727,-666676,-618958,-606383,-606383,618958,NA,E06000056,6990,1480,1290,2370,1850,"VOA/HMRC Valuation Office, Non-domestic rating: stock of properties, 31 March 2025 edition"
2014,2014-15,E2432,42845410,-0,-218099,NA,261546,positional_14_15,1195490,-687084,-191533,-218099,-409632,0,NA,E07000130,4550,1260,590,1610,1100,"VOA/HMRC Valuation Office, Non-domestic rating: stock of properties, 31 March 2025 edition"
2014,2014-15,E1535,76230353,-0,89519,NA,697827,positional_14_15,3206876,-1768668,-1011320,89519,-921801,0,NA,E07000070,4680,1060,1030,1480,1110,"VOA/HMRC Valuation Office, Non-domestic rating: stock of properties, 31 March 2025 edition"
2014,2014-15,E1631,55162275,283615,-284849,NA,-0,positional_14_15,1725946,-4299363,-525302,-284849,-526536,283615,NA,E07000078,4060,1190,1310,790,770,"VOA/HMRC Valuation Office, Non-domestic rating: stock of properties, 31 March 2025 edition"
2014,2014-15,E3131,70267218,-0,81671,NA,367389,positional_14_15,908793,-1449465,-309837,81671,-228166,0,NA,E07000177,4660,1090,1150,1340,1090,"VOA/HMRC Valuation Office, Non-domestic rating: stock of properties, 31 March 2025 edition"
2014,2014-15,E0603,138085452,1367574,-1620061,NA,105159,positional_14_15,5980635,-696484,-1367575,-1620061,-1620062,1367574,NA,E06000049,12990,3470,3030,3280,3210,"VOA/HMRC Valuation Office, Non-domestic rating: stock of properties, 31 March 2025 edition"
2014,2014-15,E0604,161233663,1059572,-1304988,NA,-0,positional_14_15,6089435,-3665344,-379204,-1304988,-624620,1059572,NA,E06000050,10840,3330,2230,2490,2790,"VOA/HMRC Valuation Office, Non-domestic rating: stock of properties, 31 March 2025 edition"
2014,2014-15,E1033,35341829,309173,-393609,NA,-0,positional_14_15,1473112,-155677,-735969,-393609,-820405,309173,NA,E07000034,4000,1020,700,1490,800,"VOA/HMRC Valuation Office, Non-domestic rating: stock of properties, 31 March 2025 edition"
2014,2014-15,E3833,43051402,393747,-280000,NA,-0,positional_14_15,1349513,-629352,-710909,-280000,-597162,393747,NA,E07000225,4760,1050,690,1390,1630,"VOA/HMRC Valuation Office, Non-domestic rating: stock of properties, 31 March 2025 edition"
2014,2014-15,E0432,20328663,75454,-331618,NA,-0,positional_14_15,643447,-283740,-139561,-331618,-395725,75454,NA,E07000005,2640,710,700,550,670,"VOA/HMRC Valuation Office, Non-domestic rating: stock of properties, 31 March 2025 edition"
2014,2014-15,E2334,27927736,204846,-168846,NA,-0,positional_14_15,999888,-330613,-702530,-168846,-666530,204846,NA,E07000118,3280,880,610,910,880,"VOA/HMRC Valuation Office, Non-domestic rating: stock of properties, 31 March 2025 edition"
2014,2014-15,E1232,18476819,289469,-251253,NA,-0,positional_14_15,633949,-147817,-338815,-251253,-300599,289469,NA,E07000048,1780,500,260,460,570,"VOA/HMRC Valuation Office, Non-domestic rating: stock of properties, 31 March 2025 edition"
2014,2014-15,E5010,803376855,902838,-1820609,NA,-0,positional_14_15,20437581,-55281949,-10109483,-1820609,-11027254,902838,NA,E09000001,17410,1290,10610,1850,3670,"VOA/HMRC Valuation Office, Non-domestic rating: stock of properties, 31 March 2025 edition"
2014,2014-15,E1536,61039729,127687,-175000,NA,-0,positional_14_15,3349447,-756560,-754563,-175000,-801876,127687,NA,E07000071,5440,1230,1080,1290,1840,"VOA/HMRC Valuation Office, Non-domestic rating: stock of properties, 31 March 2025 edition"
2014,2014-15,E0934,43601402,192726,-191110,NA,-0,positional_14_15,821101,-189441,-289123,-191110,-287507,192726,NA,E07000029,2360,560,300,560,950,"VOA/HMRC Valuation Office, Non-domestic rating: stock of properties, 31 March 2025 edition"
2014,2014-15,E2831,33029409,276985,-396180,NA,-0,positional_14_15,2840541,-672317,-1027124,-396180,-1146319,276985,NA,E07000150,1810,380,270,780,380,"VOA/HMRC Valuation Office, Non-domestic rating: stock of properties, 31 March 2025 edition"
2014,2014-15,E0801,152051052,1263242,287304,NA,-0,positional_14_15,8342118,-5088747,-4267947,287304,-2717401,1263242,NA,E06000052,28610,5790,2430,6740,13650,"VOA/HMRC Valuation Office, Non-domestic rating: stock of properties, 31 March 2025 edition"
2014,2014-15,E1632,28949605,144040,-466478,NA,-0,positional_14_15,1009225,-282954,-47943,-466478,-370381,144040,NA,E07000079,4440,910,730,1280,1530,"VOA/HMRC Valuation Office, Non-domestic rating: stock of properties, 31 March 2025 edition"
2014,2014-15,E4602,118462075,477126,-481877,NA,-0,positional_14_15,8221998,-1810782,-3221866,-481877,-3226617,477126,NA,E08000026,8200,2560,1670,2200,1770,"VOA/HMRC Valuation Office, Non-domestic rating: stock of properties, 31 March 2025 edition"
2014,2014-15,E2731,17310356,98053,-106203,NA,-0,positional_14_15,473454,-113218,-208200,-106203,-216350,98053,NA,E07000163,3080,690,360,770,1260,"VOA/HMRC Valuation Office, Non-domestic rating: stock of properties, 31 March 2025 edition"
2014,2014-15,E3834,113861271,868607,-716283,NA,2612,positional_14_15,1385605,-2604473,-868607,-716283,-716283,868607,NA,E07000226,3190,590,1060,810,740,"VOA/HMRC Valuation Office, Non-domestic rating: stock of properties, 31 March 2025 edition"
2014,2014-15,E5035,110972900,4499377,-5086257,NA,-0,positional_14_15,11097760,-3519290,-10045535,-5086257,-10632415,4499377,NA,E09000008,9080,3480,1970,1420,2210,"VOA/HMRC Valuation Office, Non-domestic rating: stock of properties, 31 March 2025 edition"
2014,2014-15,E1932,61975923,171753,-480942,NA,-0,positional_14_15,3455355,-1496260,-636562,-480942,-945751,171753,NA,E07000096,4520,940,1260,1170,1150,"VOA/HMRC Valuation Office, Non-domestic rating: stock of properties, 31 March 2025 edition"
2014,2014-15,E1301,34400399,551262,-561752,NA,-0,positional_14_15,2063084,-694681,-505510,-561752,-516000,551262,NA,E06000005,3490,1100,620,1050,730,"VOA/HMRC Valuation Office, Non-domestic rating: stock of properties, 31 March 2025 edition"
2014,2014-15,E2233,84472940,455392,-553937,NA,-0,positional_14_15,2863758,-5320317,-1765661,-553937,-1864206,455392,NA,E07000107,2970,950,630,670,720,"VOA/HMRC Valuation Office, Non-domestic rating: stock of properties, 31 March 2025 edition"
2014,2014-15,E2832,39466088,69834,195478,NA,-0,positional_14_15,433604,-69111,-515254,195478,-249942,69834,NA,E07000151,2490,390,390,970,750,"VOA/HMRC Valuation Office, Non-domestic rating: stock of properties, 31 March 2025 edition"
2014,2014-15,E1001,87392641,1646344,-1182270,NA,-0,positional_14_15,5224457,-69797,-3465005,-1182270,-3000931,1646344,NA,E06000015,7200,2240,1600,1680,1690,"VOA/HMRC Valuation Office, Non-domestic rating: stock of properties, 31 March 2025 edition"
2014,2014-15,E1035,17047276,41075,-71075,NA,-0,positional_14_15,1163696,-138141,-198000,-71075,-228000,41075,NA,E07000035,3890,820,390,960,1720,"VOA/HMRC Valuation Office, Non-domestic rating: stock of properties, 31 March 2025 edition"
2014,2014-15,E4402,92161874,1150784,-960831,NA,-0,positional_14_15,9003976,-1658574,-4844296,-960831,-4654343,1150784,NA,E08000017,8780,2860,1210,2530,2180,"VOA/HMRC Valuation Office, Non-domestic rating: stock of properties, 31 March 2025 edition"
2014,2014-15,E2234,33683959,492925,-302744,NA,-0,positional_14_15,2151571,-719889,-1842967,-302744,-1652786,492925,NA,E07000108,3710,910,650,880,1270,"VOA/HMRC Valuation Office, Non-domestic rating: stock of properties, 31 March 2025 edition"
2014,2014-15,E4603,94280861,1409000,-1063000,NA,-0,positional_14_15,5037036,-828110,-2940000,-1063000,-2594000,1409000,NA,E08000027,10210,2790,1590,3700,2130,"VOA/HMRC Valuation Office, Non-domestic rating: stock of properties, 31 March 2025 edition"
2014,2014-15,E1302,116502154,1772730,-2245638,NA,-0,positional_14_15,7165174,-1597991,-4551491,-2245638,-5024399,1772730,NA,E06000047,14800,4250,2080,4040,4430,"VOA/HMRC Valuation Office, Non-domestic rating: stock of properties, 31 March 2025 edition"
2014,2014-15,E5036,142305540,4682827,4108483,NA,-0,positional_14_15,21319336,-5165254,-4322204,4108483,4469106,4682827,NA,E09000009,9680,3570,1610,2720,1780,"VOA/HMRC Valuation Office, Non-domestic rating: stock of properties, 31 March 2025 edition"
2014,2014-15,E0532,18065242,37244,-119005,NA,-0,positional_14_15,511998,-225089,-150517,-119005,-232278,37244,NA,E07000009,2200,400,350,680,770,"VOA/HMRC Valuation Office, Non-domestic rating: stock of properties, 31 March 2025 edition"
2014,2014-15,E1131,31396476,126000,-142831,NA,58882,positional_14_15,671674,-382402,-126000,-142831,-142831,126000,NA,E07000040,5850,1290,450,1720,2380,"VOA/HMRC Valuation Office, Non-domestic rating: stock of properties, 31 March 2025 edition"
2014,2014-15,E1233,21401070,169193,-299970,NA,-0,positional_14_15,869984,-125032,-266006,-299970,-396783,169193,NA,E07000049,2690,510,460,1050,680,"VOA/HMRC Valuation Office, Non-domestic rating: stock of properties, 31 March 2025 edition"
2014,2014-15,E1732,28794107,156566,-80969,NA,-0,positional_14_15,371057,-173074,-268127,-80969,-192530,156566,NA,E07000085,3600,800,660,1250,880,"VOA/HMRC Valuation Office, Non-domestic rating: stock of properties, 31 March 2025 edition"
2014,2014-15,E1933,43433442,930627,-601058,NA,-0,positional_14_15,1859680,-171574,-1396336,-601058,-1066767,930627,NA,E07000242,4230,950,900,1190,1190,"VOA/HMRC Valuation Office, Non-domestic rating: stock of properties, 31 March 2025 edition"
2014,2014-15,E2532,33060171,429903,-571903,NA,-0,positional_14_15,2153165,-1097918,-716000,-571903,-858000,429903,NA,E07000137,7080,1660,510,1670,3230,"VOA/HMRC Valuation Office, Non-domestic rating: stock of properties, 31 March 2025 edition"
2014,2014-15,E2833,22248235,140255,-120168,NA,-0,positional_14_15,123900,-180588,-91054,-120168,-70967,140255,NA,E07000152,2390,570,330,790,710,"VOA/HMRC Valuation Office, Non-domestic rating: stock of properties, 31 March 2025 edition"
2014,2014-15,E2001,106519159,371701,-810725,NA,-0,positional_14_15,4700509,-2347512,-1534304,-810725,-1973328,371701,NA,E06000011,10610,2930,1340,2690,3650,"VOA/HMRC Valuation Office, Non-domestic rating: stock of properties, 31 March 2025 edition"
2014,2014-15,E3432,54672029,453495,-458677,NA,55895,positional_14_15,1933211,-1461779,-138575,-458677,-143757,453495,NA,E07000193,4000,1080,680,1310,930,"VOA/HMRC Valuation Office, Non-domestic rating: stock of properties, 31 March 2025 edition"
2014,2014-15,E1432,32396819,235569,-295920,NA,-0,positional_14_15,1945725,-1174434,-542794,-295920,-603145,235569,NA,E07000061,2880,1100,420,540,820,"VOA/HMRC Valuation Office, Non-domestic rating: stock of properties, 31 March 2025 edition"
2014,2014-15,E1733,56130792,169947,-141386,NA,-0,positional_14_15,1100457,-398419,-491714,-141386,-463153,169947,NA,E07000086,3050,710,620,970,740,"VOA/HMRC Valuation Office, Non-domestic rating: stock of properties, 31 March 2025 edition"
2014,2014-15,E0935,21013577,105194,-191247,NA,-0,positional_14_15,590756,-136193,-51448,-191247,-137501,105194,NA,E07000030,3290,540,290,830,1640,"VOA/HMRC Valuation Office, Non-domestic rating: stock of properties, 31 March 2025 edition"
2014,2014-15,E3631,53524874,233390,-208390,NA,-0,positional_14_15,862101,-599403,-507000,-208390,-482000,233390,NA,E07000207,3580,1190,820,660,910,"VOA/HMRC Valuation Office, Non-domestic rating: stock of properties, 31 March 2025 edition"
2014,2014-15,E5037,104908237,3645536,-1519766,NA,-0,positional_14_15,7142909,-2477170,-6909032,-1519766,-4783262,3645536,NA,E09000010,7020,2700,1020,1730,1570,"VOA/HMRC Valuation Office, Non-domestic rating: stock of properties, 31 March 2025 edition"
2014,2014-15,E1537,34320708,262329,-89595,NA,-0,positional_14_15,1117192,-813086,-505319,-89595,-332585,262329,NA,E07000072,3970,920,710,1410,930,"VOA/HMRC Valuation Office, Non-domestic rating: stock of properties, 31 March 2025 edition"
2014,2014-15,E3632,22878256,108355,-85814,NA,-0,positional_14_15,173613,-361066,-88767,-85814,-66226,108355,NA,E07000208,1740,600,440,220,490,"VOA/HMRC Valuation Office, Non-domestic rating: stock of properties, 31 March 2025 edition"
2014,2014-15,E1036,24266833,245268,-259268,NA,-0,positional_14_15,1343293,-692302,-524000,-259268,-538000,245268,NA,E07000036,3380,940,370,1350,720,"VOA/HMRC Valuation Office, Non-domestic rating: stock of properties, 31 March 2025 edition"
2014,2014-15,E1132,76556890,-0,-130000,NA,-0,positional_14_15,2024891,-1432212,-30000,-130000,-160000,0,NA,E07000041,4710,1210,1290,940,1270,"VOA/HMRC Valuation Office, Non-domestic rating: stock of properties, 31 March 2025 edition"
2014,2014-15,E1734,41526924,326538,-221661,NA,-0,positional_14_15,651139,-636334,-421125,-221661,-316248,326538,NA,E07000087,3040,650,530,970,900,"VOA/HMRC Valuation Office, Non-domestic rating: stock of properties, 31 March 2025 edition"
2014,2014-15,E0533,24978328,59118,-202628,NA,-0,positional_14_15,886225,-91558,-321095,-202628,-464605,59118,NA,E07000010,3020,840,360,1060,750,"VOA/HMRC Valuation Office, Non-domestic rating: stock of properties, 31 March 2025 edition"
2014,2014-15,E3532,22198767,14198,-115430,NA,-0,positional_14_15,835338,-38065,-183251,-115430,-284483,14198,NA,NA,NA,NA,NA,NA,NA,"VOA/HMRC Valuation Office, Non-domestic rating: stock of properties, 31 March 2025 edition"
2014,2014-15,E1633,11695640,186419,-106936,NA,-0,positional_14_15,525359,-144223,-239408,-106936,-159925,186419,NA,E07000080,3110,570,320,1260,960,"VOA/HMRC Valuation Office, Non-domestic rating: stock of properties, 31 March 2025 edition"
2014,2014-15,E2335,24692553,-0,-102799,NA,405055,positional_14_15,1589247,-396737,-636290,-102799,-739089,0,NA,E07000119,2710,840,460,700,720,"VOA/HMRC Valuation Office, Non-domestic rating: stock of properties, 31 March 2025 edition"
2014,2014-15,E4501,89334538,1107580,-1107580,NA,14341,positional_14_15,7556116,-2020843,-3165000,-1107580,-3165000,1107580,NA,E08000037,6540,1830,1440,2080,1190,"VOA/HMRC Valuation Office, Non-domestic rating: stock of properties, 31 March 2025 edition"
2014,2014-15,E3034,20741902,184456,-103796,NA,-0,positional_14_15,274709,-133155,-208687,-103796,-128027,184456,NA,E07000173,2450,750,320,710,680,"VOA/HMRC Valuation Office, Non-domestic rating: stock of properties, 31 March 2025 edition"
2014,2014-15,E1634,51821726,1894753,-294405,NA,-0,positional_14_15,2749177,-864911,-2890420,-294405,-1290072,1894753,NA,E07000081,3950,1050,930,1070,900,"VOA/HMRC Valuation Office, Non-domestic rating: stock of properties, 31 March 2025 edition"
2014,2014-15,E1735,15711046,44298,-115698,NA,-0,positional_14_15,1106894,-102611,-532500,-115698,-603900,44298,NA,E07000088,1920,640,190,600,500,"VOA/HMRC Valuation Office, Non-domestic rating: stock of properties, 31 March 2025 edition"
2014,2014-15,E2236,23185766,103038,-661048,NA,1551,positional_14_15,2116197,-306489,-1357284,-661048,-1915294,103038,NA,E07000109,2270,770,310,540,660,"VOA/HMRC Valuation Office, Non-domestic rating: stock of properties, 31 March 2025 edition"
2014,2014-15,E2633,25723442,292866,97875,NA,-0,positional_14_15,955886,-108574,-320156,97875,70585,292866,NA,E07000145,4700,1080,400,1100,2130,"VOA/HMRC Valuation Office, Non-domestic rating: stock of properties, 31 March 2025 edition"
2014,2014-15,E5012,67311253,722873,-397665,NA,-0,positional_14_15,2928060,-2969455,-2162026,-397665,-1836818,722873,NA,E09000011,5050,1910,720,1100,1320,"VOA/HMRC Valuation Office, Non-domestic rating: stock of properties, 31 March 2025 edition"
2014,2014-15,E3633,79764303,-0,-149000,NA,-0,positional_14_15,1544292,-2228613,-716509,-149000,-865509,0,NA,E07000209,4430,920,1410,860,1240,"VOA/HMRC Valuation Office, Non-domestic rating: stock of properties, 31 March 2025 edition"
2014,2014-15,E5013,91463094,-0,-1321101,NA,-0,positional_14_15,23724640,-9100596,-10707042,-1321101,-12028143,0,NA,E09000012,9920,2820,2470,2710,1920,"VOA/HMRC Valuation Office, Non-domestic rating: stock of properties, 31 March 2025 edition"
2014,2014-15,E0601,51175769,487273,-129898,NA,-0,positional_14_15,3637398,-1133165,-2711050,-129898,-2353675,487273,NA,E06000006,3620,1010,650,1250,710,"VOA/HMRC Valuation Office, Non-domestic rating: stock of properties, 31 March 2025 edition"
2014,2014-15,E2732,26746640,85710,-74841,NA,-0,positional_14_15,47926,-88932,-280156,-74841,-269287,85710,NA,E07000164,3910,730,630,1290,1270,"VOA/HMRC Valuation Office, Non-domestic rating: stock of properties, 31 March 2025 edition"
2014,2014-15,E5014,191844001,-0,4314560,NA,3079190,positional_14_15,22647080,-15570700,-20336268,4314560,-16021708,0,NA,E09000013,9460,2770,3270,940,2470,"VOA/HMRC Valuation Office, Non-domestic rating: stock of properties, 31 March 2025 edition"
2014,2014-15,E2433,38158176,138412,-152265,NA,1425,positional_14_15,669565,-275892,-57549,-152265,-71402,138412,NA,E07000131,2840,580,650,810,800,"VOA/HMRC Valuation Office, Non-domestic rating: stock of properties, 31 March 2025 edition"
2014,2014-15,E5038,62808976,2070000,-5167394,NA,815196,positional_14_15,9536527,-9860253,-2070000,-5167394,-5167394,2070000,NA,E09000014,6830,2920,860,1740,1310,"VOA/HMRC Valuation Office, Non-domestic rating: stock of properties, 31 March 2025 edition"
2014,2014-15,E1538,44771605,257583,533000,NA,-0,positional_14_15,2481492,-542915,-2037500,533000,-1246917,257583,NA,E07000073,2340,540,480,790,530,"VOA/HMRC Valuation Office, Non-domestic rating: stock of properties, 31 March 2025 edition"
2014,2014-15,E2753,61318106,-0,154136,NA,539879,positional_14_15,1593408,-697688,-1165409,154136,-1011273,0,NA,E07000165,6980,1580,1550,1820,2040,"VOA/HMRC Valuation Office, Non-domestic rating: stock of properties, 31 March 2025 edition"
2014,2014-15,E5039,49075378,1171168,-875992,NA,-0,positional_14_15,3331277,-509084,-2496546,-875992,-2201370,1171168,NA,E09000015,5590,2020,1800,650,1110,"VOA/HMRC Valuation Office, Non-domestic rating: stock of properties, 31 March 2025 edition"
2014,2014-15,E1736,28635748,234964,-210432,NA,-0,positional_14_15,1402298,-357955,-66358651,-210432,-66334119,234964,NA,E07000089,2140,510,440,550,630,"VOA/HMRC Valuation Office, Non-domestic rating: stock of properties, 31 March 2025 edition"
2014,2014-15,E0701,32870537,73704,-221146,NA,-0,positional_14_15,1649015,-872866,-773680,-221146,-921122,73704,NA,E06000001,2740,980,340,750,670,"VOA/HMRC Valuation Office, Non-domestic rating: stock of properties, 31 March 2025 edition"
2014,2014-15,E1433,20173468,91201,-116825,NA,5795,positional_14_15,1294463,-417256,-732684,-116825,-758308,91201,NA,E07000062,3300,1040,360,870,1030,"VOA/HMRC Valuation Office, Non-domestic rating: stock of properties, 31 March 2025 edition"
2014,2014-15,E1737,33045692,227790,-408173,NA,-0,positional_14_15,454877,-690759,-192465,-408173,-372848,227790,NA,E07000090,3210,950,470,680,1110,"VOA/HMRC Valuation Office, Non-domestic rating: stock of properties, 31 March 2025 edition"
2014,2014-15,E5040,71015458,1198762,-1190641,NA,24346,positional_14_15,6187303,-3703409,-3556565,-1190641,-3548444,1198762,NA,E09000016,5690,2230,680,1410,1360,"VOA/HMRC Valuation Office, Non-domestic rating: stock of properties, 31 March 2025 edition"
2014,2014-15,E1801,46503274,456979,-368838,NA,-0,positional_14_15,929442,-1080074,-285460,-368838,-197319,456979,NA,E06000019,7690,1660,1050,2440,2530,"VOA/HMRC Valuation Office, Non-domestic rating: stock of properties, 31 March 2025 edition"
2014,2014-15,E1934,45822691,396759,-90260,NA,-0,positional_14_15,1041959,-908877,-606383,-90260,-299884,396759,NA,E07000098,2930,700,890,620,720,"VOA/HMRC Valuation Office, Non-domestic rating: stock of properties, 31 March 2025 edition"
2014,2014-15,E1037,24305855,169033,-442405,NA,-0,positional_14_15,1423175,-1050366,-630337,-442405,-903709,169033,NA,E07000037,3410,910,370,1030,1100,"VOA/HMRC Valuation Office, Non-domestic rating: stock of properties, 31 March 2025 edition"
2014,2014-15,E5041,344965004,696000,-983213,NA,-0,positional_14_15,12198700,-9669364,-3163187,-983213,-3450400,696000,NA,E09000017,8150,3160,1740,1630,1620,"VOA/HMRC Valuation Office, Non-domestic rating: stock of properties, 31 March 2025 edition"
2014,2014-15,E2434,27578083,314292,-341105,NA,-0,positional_14_15,549042,-368254,-32861,-341105,-59674,314292,NA,E07000132,2980,700,400,1190,690,"VOA/HMRC Valuation Office, Non-domestic rating: stock of properties, 31 March 2025 edition"
2014,2014-15,E3835,39399825,523769,-644392,NA,-0,positional_14_15,2514399,-1513776,-972750,-644392,-1093373,523769,NA,E07000227,4250,880,770,1470,1130,"VOA/HMRC Valuation Office, Non-domestic rating: stock of properties, 31 March 2025 edition"
2014,2014-15,E5042,153917410,14180,-3500000,NA,-0,positional_14_15,12306055,-11938675,-2300000,-3500000,-5785820,14180,NA,E09000018,7100,2020,2070,1570,1450,"VOA/HMRC Valuation Office, Non-domestic rating: stock of properties, 31 March 2025 edition"
2014,2014-15,E0551,56921989,323000,-155000,NA,72932,positional_14_15,612816,-64179,69000,-155000,237000,323000,NA,E07000011,4940,950,890,1730,1360,"VOA/HMRC Valuation Office, Non-domestic rating: stock of properties, 31 March 2025 edition"
2014,2014-15,E2336,21587036,44453,31034,NA,-0,positional_14_15,4053112,-714378,-2331892,31034,-2256405,44453,NA,E07000120,3290,1070,390,1160,680,"VOA/HMRC Valuation Office, Non-domestic rating: stock of properties, 31 March 2025 edition"
2014,2014-15,E3533,55634293,694960,-477048,NA,-0,positional_14_15,1411176,-498530,-1030101,-477048,-812189,694960,NA,E07000202,4360,1280,1120,870,1080,"VOA/HMRC Valuation Office, Non-domestic rating: stock of properties, 31 March 2025 edition"
2014,2014-15,E2101,34303090,275221,-328624,NA,-0,positional_14_15,1128822,-558121,-456586,-328624,-509989,275221,NA,E06000046,6270,1660,480,1410,2720,"VOA/HMRC Valuation Office, Non-domestic rating: stock of properties, 31 March 2025 edition"
2014,2014-15,E4001,1563936,179779,0,NA,-0,positional_14_15,50350,-28598,-40804,0,138975,179779,NA,E06000053,450,50,20,90,290,"VOA/HMRC Valuation Office, Non-domestic rating: stock of properties, 31 March 2025 edition"
2014,2014-15,E5015,199268155,3304115,-2472081,NA,75132,positional_14_15,21516432,-13894859,-17084126,-2472081,-16252092,3304115,NA,E09000019,10990,2960,3820,1510,2710,"VOA/HMRC Valuation Office, Non-domestic rating: stock of properties, 31 March 2025 edition"
2014,2014-15,E5016,276304889,-0,324237,NA,1748647,positional_14_15,8158189,-8144050,-948812,324237,-624575,0,NA,E09000020,8440,2870,2350,860,2360,"VOA/HMRC Valuation Office, Non-domestic rating: stock of properties, 31 March 2025 edition"
2014,2014-15,E2834,31455959,210067,-100033,NA,-0,positional_14_15,258875,-449007,-213495,-100033,-103461,210067,NA,E07000153,2530,730,430,720,640,"VOA/HMRC Valuation Office, Non-domestic rating: stock of properties, 31 March 2025 edition"
2014,2014-15,E2634,42750269,335004,-440835,NA,-0,positional_14_15,1111049,-249702,-454248,-440835,-560079,335004,NA,E07000146,5380,1220,450,1280,2430,"VOA/HMRC Valuation Office, Non-domestic rating: stock of properties, 31 March 2025 edition"
2014,2014-15,E2002,86695620,1604702,-1605371,NA,-0,positional_14_15,5985779,-732333,-1327055,-1605371,-1327724,1604702,NA,E06000010,8740,2770,1370,2570,2020,"VOA/HMRC Valuation Office, Non-domestic rating: stock of properties, 31 March 2025 edition"
2014,2014-15,E5043,81091574,623338,-892859,NA,9322,positional_14_15,3635762,-661216,-3616303,-892859,-3885824,623338,NA,E09000021,4830,1540,1430,760,1100,"VOA/HMRC Valuation Office, Non-domestic rating: stock of properties, 31 March 2025 edition"
2014,2014-15,E4703,103497656,2047365,-1802392,NA,-0,positional_14_15,5514201,-940973,-3448216,-1802392,-3203243,2047365,NA,E08000034,15170,4220,2430,5370,3150,"VOA/HMRC Valuation Office, Non-domestic rating: stock of properties, 31 March 2025 edition"
2014,2014-15,E4301,39945719,47375,-225444,NA,-0,positional_14_15,3921044,-1208441,-958572,-225444,-1136641,47375,NA,E08000011,3130,900,440,1120,670,"VOA/HMRC Valuation Office, Non-domestic rating: stock of properties, 31 March 2025 edition"
2014,2014-15,E5017,122132370,742885,-797845,NA,-0,positional_14_15,5601100,-7493073,-3527952,-797845,-3582912,742885,NA,E09000022,8500,3050,1570,1880,2000,"VOA/HMRC Valuation Office, Non-domestic rating: stock of properties, 31 March 2025 edition"
2014,2014-15,E2337,52249998,-0,95774,NA,433090,positional_14_15,888039,-345369,-258470,95774,-162696,0,NA,E07000121,5120,1500,730,1340,1550,"VOA/HMRC Valuation Office, Non-domestic rating: stock of properties, 31 March 2025 edition"
2014,2014-15,E4704,358741979,2695996,-4365996,NA,-0,positional_14_15,16099547,-7123963,-5300000,-4365996,-6970000,2695996,NA,E08000035,27360,7140,7010,6080,7130,"VOA/HMRC Valuation Office, Non-domestic rating: stock of properties, 31 March 2025 edition"
2014,2014-15,E2401,101319858,1468909,-1463288,NA,-0,positional_14_15,6526098,-970006,-2844283,-1463288,-2838662,1468909,NA,E06000016,11980,3710,1810,4130,2330,"VOA/HMRC Valuation Office, Non-domestic rating: stock of properties, 31 March 2025 edition"
2014,2014-15,E1435,24272437,158433,-113715,NA,-0,positional_14_15,625507,-53666,-189541,-113715,-144823,158433,NA,E07000063,3140,760,510,1060,820,"VOA/HMRC Valuation Office, Non-domestic rating: stock of properties, 31 March 2025 edition"
2014,2014-15,E5018,53099859,535943,-1089192,NA,-0,positional_14_15,4807247,-4530201,-2554955,-1089192,-3108204,535943,NA,E09000023,6080,2720,520,1360,1480,"VOA/HMRC Valuation Office, Non-domestic rating: stock of properties, 31 March 2025 edition"
2014,2014-15,E3433,33116100,68451,-303606,NA,-0,positional_14_15,1351067,-771842,-177057,-303606,-412212,68451,NA,E07000194,2880,690,530,920,750,"VOA/HMRC Valuation Office, Non-domestic rating: stock of properties, 31 March 2025 edition"
2014,2014-15,E2533,41540998,283219,-251726,NA,-0,positional_14_15,867207,-1894083,-391497,-251726,-360004,283219,NA,E07000138,3400,1110,740,700,850,"VOA/HMRC Valuation Office, Non-domestic rating: stock of properties, 31 March 2025 edition"
2014,2014-15,E4302,182978322,184079,-2345990,NA,-0,positional_14_15,67964612,-10938257,-49601720,-2345990,-51763631,184079,NA,E08000012,17730,5870,3810,3520,4530,"VOA/HMRC Valuation Office, Non-domestic rating: stock of properties, 31 March 2025 edition"
2014,2014-15,E0201,68426448,647337,-1297337,NA,-0,positional_14_15,11066931,-2064922,7101663,-1297337,6451663,647337,NA,E06000032,5720,1660,1310,1460,1290,"VOA/HMRC Valuation Office, Non-domestic rating: stock of properties, 31 March 2025 edition"
2014,2014-15,E2237,56907650,344264,-718501,NA,-0,positional_14_15,3573405,-429961,-1550080,-718501,-1924317,344264,NA,E07000110,4690,1060,1100,1310,1220,"VOA/HMRC Valuation Office, Non-domestic rating: stock of properties, 31 March 2025 edition"
2014,2014-15,E1539,13694913,31206,0,NA,-0,positional_14_15,728753,-245700,69880,0,101086,31206,NA,E07000074,2340,430,380,870,660,"VOA/HMRC Valuation Office, Non-domestic rating: stock of properties, 31 March 2025 edition"
2014,2014-15,E1851,14889737,-0,0,NA,15258,positional_14_15,428234,-121866,0,0,0,0,NA,E07000235,2780,520,480,870,910,"VOA/HMRC Valuation Office, Non-domestic rating: stock of properties, 31 March 2025 edition"
2014,2014-15,E4203,318775321,3753114,-6423638,NA,-0,positional_14_15,22706438,-14335873,1221743,-6423638,-1448781,3753114,NA,E08000003,24090,5760,7040,4300,6990,"VOA/HMRC Valuation Office, Non-domestic rating: stock of properties, 31 March 2025 edition"
2014,2014-15,E3035,27588390,157425,-305863,NA,-0,positional_14_15,349041,-52415,-643170,-305863,-791608,157425,NA,E07000174,3050,910,530,930,680,"VOA/HMRC Valuation Office, Non-domestic rating: stock of properties, 31 March 2025 edition"
2014,2014-15,E2201,86392543,1067112,-715284,NA,-0,positional_14_15,4729488,-2062264,-2532942,-715284,-2181114,1067112,NA,E06000035,6230,1940,840,1910,1540,"VOA/HMRC Valuation Office, Non-domestic rating: stock of properties, 31 March 2025 edition"
2014,2014-15,E2436,13105759,74494,-86000,NA,-0,positional_14_15,764518,-460051,-160902,-86000,-172408,74494,NA,E07000133,1500,330,160,560,440,"VOA/HMRC Valuation Office, Non-domestic rating: stock of properties, 31 March 2025 edition"
2014,2014-15,E3331,32426265,26324,213630,NA,-0,positional_14_15,991118,-451465,-855704,213630,-615750,26324,NA,E07000187,4030,1040,490,1310,1190,"VOA/HMRC Valuation Office, Non-domestic rating: stock of properties, 31 March 2025 edition"
2014,2014-15,E5044,83540890,788465,-107529,NA,-0,positional_14_15,4038685,-3286986,-2954000,-107529,-2273064,788465,NA,E09000024,5440,1750,1150,1160,1380,"VOA/HMRC Valuation Office, Non-domestic rating: stock of properties, 31 March 2025 edition"
2014,2014-15,E1133,15088311,-0,-13141,NA,141467,positional_14_15,492676,-145946,-189708,-13141,-202849,0,NA,E07000042,2800,540,300,980,980,"VOA/HMRC Valuation Office, Non-domestic rating: stock of properties, 31 March 2025 edition"
2014,2014-15,E3534,21136436,152004,-132043,NA,-0,positional_14_15,956592,-85978,-270842,-132043,-250881,152004,NA,E07000203,3260,470,510,1230,1040,"VOA/HMRC Valuation Office, Non-domestic rating: stock of properties, 31 March 2025 edition"
2014,2014-15,E3836,41998989,290061,-395871,NA,-0,positional_14_15,2267829,-1164162,-1580616,-395871,-1686426,290061,NA,E07000228,4030,1020,930,1020,1050,"VOA/HMRC Valuation Office, Non-domestic rating: stock of properties, 31 March 2025 edition"
2014,2014-15,E0702,41065519,-0,-593593,NA,1351915,positional_14_15,8357802,-1342898,-4625764,-593593,-5219357,0,NA,E06000002,4180,1400,700,980,1110,"VOA/HMRC Valuation Office, Non-domestic rating: stock of properties, 31 March 2025 edition"
2014,2014-15,E0401,150731252,907283,-1477283,NA,-0,positional_14_15,5175280,-2896584,-4160000,-1477283,-4730000,907283,NA,E06000042,6870,1520,1870,2070,1410,"VOA/HMRC Valuation Office, Non-domestic rating: stock of properties, 31 March 2025 edition"
2014,2014-15,E3634,36962050,50212,-95212,NA,-0,positional_14_15,1067130,-773639,-325000,-95212,-370000,50212,NA,E07000210,3170,700,940,770,760,"VOA/HMRC Valuation Office, Non-domestic rating: stock of properties, 31 March 2025 edition"
2014,2014-15,E1738,64930351,378826,-236826,NA,-0,positional_14_15,1225000,-433464,-505560,-236826,-363560,378826,NA,E07000091,6550,1570,740,1550,2690,"VOA/HMRC Valuation Office, Non-domestic rating: stock of properties, 31 March 2025 edition"
2014,2014-15,E3036,37625964,376717,-275332,NA,-0,positional_14_15,1173947,-375267,-448935,-275332,-347550,376717,NA,E07000175,3890,930,680,1190,1080,"VOA/HMRC Valuation Office, Non-domestic rating: stock of properties, 31 March 2025 edition"
2014,2014-15,E4502,145006262,451362,-1988760,NA,-0,positional_14_15,8808587,-4921576,-1127564,-1988760,-2664962,451362,NA,E08000021,10110,2920,3010,1610,2570,"VOA/HMRC Valuation Office, Non-domestic rating: stock of properties, 31 March 2025 edition"
2014,2014-15,E3434,32557301,282198,-221483,NA,-0,positional_14_15,2540006,-438829,-932169,-221483,-871454,282198,NA,E07000195,3330,960,560,940,870,"VOA/HMRC Valuation Office, Non-domestic rating: stock of properties, 31 March 2025 edition"
2014,2014-15,E5045,120301837,2542584,-1887419,NA,-0,positional_14_15,5696361,-6750299,-2860529,-1887419,-2205364,2542584,NA,E09000025,7190,3480,1050,1310,1350,"VOA/HMRC Valuation Office, Non-domestic rating: stock of properties, 31 March 2025 edition"
2014,2014-15,E1134,31827042,313712,-377259,NA,-0,positional_14_15,1343367,-780498,-757840,-377259,-821387,313712,NA,E07000043,5080,1160,400,1140,2390,"VOA/HMRC Valuation Office, Non-domestic rating: stock of properties, 31 March 2025 edition"
2014,2014-15,E1234,13129793,148047,-216264,NA,-0,positional_14_15,1396790,-1164300,-267829,-216264,-336046,148047,NA,E07000050,2350,540,290,800,710,"VOA/HMRC Valuation Office, Non-domestic rating: stock of properties, 31 March 2025 edition"
2014,2014-15,E1038,15837482,126933,-150043,NA,-0,positional_14_15,492663,-166115,-137021,-150043,-160131,126933,NA,E07000038,2540,540,350,870,770,"VOA/HMRC Valuation Office, Non-domestic rating: stock of properties, 31 March 2025 edition"
2014,2014-15,E2003,61669463,233248,169695,NA,-0,positional_14_15,6443451,-1172789,-2785433,169695,-2382490,233248,NA,E06000012,5420,1690,670,1660,1390,"VOA/HMRC Valuation Office, Non-domestic rating: stock of properties, 31 March 2025 edition"
2014,2014-15,E1935,37648668,434706,-287120,NA,-0,positional_14_15,2071707,-535519,-270492,-287120,-122906,434706,NA,E07000099,4210,980,900,1350,980,"VOA/HMRC Valuation Office, Non-domestic rating: stock of properties, 31 March 2025 edition"
2014,2014-15,E2534,23061885,719,-10719,NA,-0,positional_14_15,580677,-148173,-195000,-10719,-205000,719,NA,E07000139,3060,580,470,1120,890,"VOA/HMRC Valuation Office, Non-domestic rating: stock of properties, 31 March 2025 edition"
2014,2014-15,E2004,91130737,795053,-1060053,NA,-0,positional_14_15,5042024,-1141837,-592100,-1060053,-857100,795053,NA,E06000013,5370,1430,520,1870,1550,"VOA/HMRC Valuation Office, Non-domestic rating: stock of properties, 31 March 2025 edition"
2014,2014-15,E2635,23207771,82675,-48717,NA,-0,positional_14_15,304708,-417909,-201920,-48717,-167962,82675,NA,E07000147,6300,1190,280,1140,3690,"VOA/HMRC Valuation Office, Non-domestic rating: stock of properties, 31 March 2025 edition"
2014,2014-15,E0104,56837085,726019,-372171,NA,-0,positional_14_15,4980987,-1521298,-3068565,-372171,-2714717,726019,NA,E06000024,5950,1490,1200,1690,1590,"VOA/HMRC Valuation Office, Non-domestic rating: stock of properties, 31 March 2025 edition"
2014,2014-15,E4503,54908842,1386112,-466955,NA,-0,positional_14_15,5281143,-1332694,-734610,-466955,184547,1386112,NA,E08000022,5340,1770,960,1310,1290,"VOA/HMRC Valuation Office, Non-domestic rating: stock of properties, 31 March 2025 edition"
2014,2014-15,E3731,41687692,99664,-90437,NA,-0,positional_14_15,681702,-321101,-178887,-90437,-169660,99664,NA,E07000218,2240,410,360,880,590,"VOA/HMRC Valuation Office, Non-domestic rating: stock of properties, 31 March 2025 edition"
2014,2014-15,E2437,49547626,379417,-141002,NA,-0,positional_14_15,1014688,-835043,-840710,-141002,-602295,379417,NA,E07000134,3200,670,660,1120,750,"VOA/HMRC Valuation Office, Non-domestic rating: stock of properties, 31 March 2025 edition"
2014,2014-15,E2835,99012774,430288,-426334,NA,-0,positional_14_15,1428255,-788025,-679315,-426334,-675361,430288,NA,E07000154,6320,1570,1540,1890,1330,"VOA/HMRC Valuation Office, Non-domestic rating: stock of properties, 31 March 2025 edition"
2014,2014-15,E2901,76413132,857600,-577986,NA,25459,positional_14_15,2741292,-125003,-1526684,-577986,-1247070,857600,NA,E06000057,12010,2690,1480,2980,4860,"VOA/HMRC Valuation Office, Non-domestic rating: stock of properties, 31 March 2025 edition"
2014,2014-15,E2636,76438051,817372,-771797,NA,-0,positional_14_15,3061486,-1197900,-1581828,-771797,-1536253,817372,NA,E07000148,6120,1710,1350,1370,1680,"VOA/HMRC Valuation Office, Non-domestic rating: stock of properties, 31 March 2025 edition"
2014,2014-15,E3001,121389804,1537900,-2018200,NA,-0,positional_14_15,10957548,-2848885,-5736750,-2018200,-6217050,1537900,NA,E06000018,11260,3060,2270,2940,2990,"VOA/HMRC Valuation Office, Non-domestic rating: stock of properties, 31 March 2025 edition"
2014,2014-15,E3732,34254852,275577,-259177,NA,-0,positional_14_15,953772,-327613,-370000,-259177,-353600,275577,NA,E07000219,3070,900,370,1130,660,"VOA/HMRC Valuation Office, Non-domestic rating: stock of properties, 31 March 2025 edition"
2014,2014-15,E2438,11430647,26001,-70757,NA,-0,positional_14_15,808966,-447837,-212835,-70757,-257591,26001,NA,E07000135,1360,410,150,520,270,"VOA/HMRC Valuation Office, Non-domestic rating: stock of properties, 31 March 2025 edition"
2014,2014-15,E4204,56738384,1149041,-1738986,NA,-0,positional_14_15,7360990,-946333,-3663828,-1738986,-4253773,1149041,NA,E08000004,7480,2150,1090,2450,1790,"VOA/HMRC Valuation Office, Non-domestic rating: stock of properties, 31 March 2025 edition"
2014,2014-15,E3132,85002455,-0,634822,NA,833848,positional_14_15,2238972,-1881764,-1634410,634822,-999588,0,NA,E07000178,3900,1320,970,450,1150,"VOA/HMRC Valuation Office, Non-domestic rating: stock of properties, 31 March 2025 edition"
2014,2014-15,E2338,19377540,-0,10000,NA,94675,positional_14_15,983544,-135499,-810000,10000,-800000,0,NA,E07000122,3520,1070,510,1230,710,"VOA/HMRC Valuation Office, Non-domestic rating: stock of properties, 31 March 2025 edition"
2014,2014-15,E0501,94826931,81239,-1045914,NA,36405,positional_14_15,9112474,-2121957,-953987,-1045914,-1918662,81239,NA,E06000031,5620,1420,1230,1700,1270,"VOA/HMRC Valuation Office, Non-domestic rating: stock of properties, 31 March 2025 edition"
2014,2014-15,E1101,90767482,421009,-673803,NA,-0,positional_14_15,4272441,-1171891,-717127,-673803,-969921,421009,NA,E06000026,6890,1970,1250,1630,2040,"VOA/HMRC Valuation Office, Non-domestic rating: stock of properties, 31 March 2025 edition"
2014,2014-15,E1201,60616991,378482,-461359,NA,-0,positional_14_15,1121384,-1061484,-402632,-461359,-485509,378482,NA,E06000029,5500,1220,690,1430,2170,"VOA/HMRC Valuation Office, Non-domestic rating: stock of properties, 31 March 2025 edition"
2014,2014-15,E1701,81727913,848274,-1061274,NA,-0,positional_14_15,4770496,-1732552,-3230000,-1061274,-3443000,848274,NA,E06000044,5990,2030,750,1310,1900,"VOA/HMRC Valuation Office, Non-domestic rating: stock of properties, 31 March 2025 edition"
2014,2014-15,E2339,67463759,434257,-1098672,NA,-0,positional_14_15,3945299,-929670,-1785894,-1098672,-2450309,434257,NA,E07000123,5400,1660,1210,1390,1140,"VOA/HMRC Valuation Office, Non-domestic rating: stock of properties, 31 March 2025 edition"
2014,2014-15,E1236,16850721,15154,-80000,NA,-0,positional_14_15,707467,-124416,-97669,-80000,-162515,15154,NA,E07000051,2400,380,170,610,1230,"VOA/HMRC Valuation Office, Non-domestic rating: stock of properties, 31 March 2025 edition"
2014,2014-15,E0303,106491341,2766795,-3334723,NA,38821,positional_14_15,5821746,-2058236,-1982071,-3334723,-2549999,2766795,NA,E06000038,4920,1520,1490,910,1010,"VOA/HMRC Valuation Office, Non-domestic rating: stock of properties, 31 March 2025 edition"
2014,2014-15,E5046,52054692,804600,-955000,NA,-0,positional_14_15,8709438,-2070415,-7261000,-955000,-7411400,804600,NA,E09000026,6400,2610,1110,790,1890,"VOA/HMRC Valuation Office, Non-domestic rating: stock of properties, 31 March 2025 edition"
2014,2014-15,E0703,40749909,428497,-682671,NA,-0,positional_14_15,0,-1226716,-1225091,-682671,-1479265,428497,NA,E06000003,3860,1210,530,1090,1040,"VOA/HMRC Valuation Office, Non-domestic rating: stock of properties, 31 March 2025 edition"
2014,2014-15,E1835,36112613,90964,-234369,NA,-0,positional_14_15,2836804,-1005611,-1095423,-234369,-1238828,90964,NA,E07000236,2430,480,480,1030,450,"VOA/HMRC Valuation Office, Non-domestic rating: stock of properties, 31 March 2025 edition"
2014,2014-15,E3635,48583687,193538,-174362,NA,-0,positional_14_15,601450,-1326383,-129990,-174362,-110814,193538,NA,E07000211,3530,1100,820,730,870,"VOA/HMRC Valuation Office, Non-domestic rating: stock of properties, 31 March 2025 edition"
2014,2014-15,E2340,14242381,96236,-96236,NA,-0,positional_14_15,492625,-80032,-330000,-96236,-330000,96236,NA,E07000124,2280,530,360,690,710,"VOA/HMRC Valuation Office, Non-domestic rating: stock of properties, 31 March 2025 edition"
2014,2014-15,E5047,81035285,8422,-52032,NA,-0,positional_14_15,4889057,-2354005,-256064,-52032,-299674,8422,NA,E09000027,6000,2040,1940,570,1450,"VOA/HMRC Valuation Office, Non-domestic rating: stock of properties, 31 March 2025 edition"
2014,2014-15,E2734,8563240,18430,-50193,NA,-0,positional_14_15,521476,-4039664,-207938,-50193,-239701,18430,NA,E07000166,2530,390,240,620,1280,"VOA/HMRC Valuation Office, Non-domestic rating: stock of properties, 31 March 2025 edition"
2014,2014-15,E4205,62346834,1169757,-1093715,NA,-0,positional_14_15,3124243,-662588,-1663000,-1093715,-1586958,1169757,NA,E08000005,6690,2030,950,2140,1560,"VOA/HMRC Valuation Office, Non-domestic rating: stock of properties, 31 March 2025 edition"
2014,2014-15,E1540,15389797,-0,21583,NA,106739,positional_14_15,439022,-18319,-271558,21583,-249975,0,NA,E07000075,2100,540,300,740,520,"VOA/HMRC Valuation Office, Non-domestic rating: stock of properties, 31 March 2025 edition"
2014,2014-15,E2341,13742914,209781,-165258,NA,-0,positional_14_15,1087745,0,-869129,-165258,-824606,209781,NA,E07000125,2620,670,390,1000,550,"VOA/HMRC Valuation Office, Non-domestic rating: stock of properties, 31 March 2025 edition"
2014,2014-15,E1436,16389990,-0,-81862,NA,38492,positional_14_15,687061,-223801,-413105,-81862,-494967,0,NA,E07000064,3810,980,310,1160,1350,"VOA/HMRC Valuation Office, Non-domestic rating: stock of properties, 31 March 2025 edition"
2014,2014-15,E4403,73929448,970527,-482957,NA,79349,positional_14_15,1961994,-404654,-970527,-482957,-482957,970527,NA,E08000018,7400,2110,1100,2450,1750,"VOA/HMRC Valuation Office, Non-domestic rating: stock of properties, 31 March 2025 edition"
2014,2014-15,E3733,41897822,112093,-170813,NA,-0,positional_14_15,905499,-428666,-178393,-170813,-237113,112093,NA,E07000220,2930,670,520,900,830,"VOA/HMRC Valuation Office, Non-domestic rating: stock of properties, 31 March 2025 edition"
2014,2014-15,E3636,42840029,-0,-239400,NA,-0,positional_14_15,1537310,-619511,-729200,-239400,-968600,0,NA,E07000212,2380,500,690,590,600,"VOA/HMRC Valuation Office, Non-domestic rating: stock of properties, 31 March 2025 edition"
2014,2014-15,E3038,26130540,107985,-801485,NA,-0,positional_14_15,513639,-598526,131600,-801485,-561900,107985,NA,E07000176,2530,630,440,660,800,"VOA/HMRC Valuation Office, Non-domestic rating: stock of properties, 31 March 2025 edition"
2014,2014-15,E1740,44377794,147272,-376050,NA,-0,positional_14_15,1860580,-1779453,-324356,-376050,-553134,147272,NA,E07000092,2490,790,670,500,530,"VOA/HMRC Valuation Office, Non-domestic rating: stock of properties, 31 March 2025 edition"
2014,2014-15,E2402,10191488,35133,-40332,NA,-0,positional_14_15,291043,-84341,-104210,-40332,-109409,35133,NA,E06000017,1330,300,220,320,500,"VOA/HMRC Valuation Office, Non-domestic rating: stock of properties, 31 March 2025 edition"
2014,2014-15,E2755,16320900,15792,-45792,NA,-0,positional_14_15,259983,-85201,-100000,-45792,-130000,15792,NA,E07000167,2880,590,250,760,1280,"VOA/HMRC Valuation Office, Non-domestic rating: stock of properties, 31 March 2025 edition"
2014,2014-15,E4206,96525697,1260927,-5504653,NA,-0,positional_14_15,24367175,-3455135,-8886997,-5504653,-13130723,1260927,NA,E08000006,10590,2110,1760,2270,4450,"VOA/HMRC Valuation Office, Non-domestic rating: stock of properties, 31 March 2025 edition"
2014,2014-15,E4604,99879024,2373466,-2500815,NA,-0,positional_14_15,5176477,-598131,-1421714,-2500815,-1549063,2373466,NA,E08000028,10760,2800,1070,4320,2570,"VOA/HMRC Valuation Office, Non-domestic rating: stock of properties, 31 March 2025 edition"
2014,2014-15,E2736,32674404,306778,-397724,NA,-0,positional_14_15,1305462,-761238,-608810,-397724,-699756,306778,NA,E07000168,6580,1610,570,1110,3280,"VOA/HMRC Valuation Office, Non-domestic rating: stock of properties, 31 March 2025 edition"
2014,2014-15,E3332,37425922,-0,-243077,NA,315807,positional_14_15,1540241,-676822,-501611,-243077,-744688,0,NA,E07000188,3900,860,400,1310,1340,"VOA/HMRC Valuation Office, Non-domestic rating: stock of properties, 31 March 2025 edition"
2014,2014-15,E4304,75208310,660150,-700150,NA,-0,positional_14_15,3387961,-799901,-1519100,-700150,-1559100,660150,NA,E08000014,7730,3210,900,1850,1770,"VOA/HMRC Valuation Office, Non-domestic rating: stock of properties, 31 March 2025 edition"
2014,2014-15,E2757,43849031,188404,-59237,NA,-0,positional_14_15,2080815,-242246,-825997,-59237,-696830,188404,NA,E07000169,2530,500,380,890,750,"VOA/HMRC Valuation Office, Non-domestic rating: stock of properties, 31 March 2025 edition"
2014,2014-15,E2239,35429028,435621,-462121,NA,-0,positional_14_15,2008216,-1299730,-877300,-462121,-903800,435621,NA,E07000111,3810,850,870,1090,990,"VOA/HMRC Valuation Office, Non-domestic rating: stock of properties, 31 March 2025 edition"
2014,2014-15,E4404,209789104,5838112,-3444112,NA,-0,positional_14_15,11055907,-1912746,-10551000,-3444112,-8157000,5838112,NA,E08000019,17780,5120,3060,4930,4670,"VOA/HMRC Valuation Office, Non-domestic rating: stock of properties, 31 March 2025 edition"
2014,2014-15,E2240,28481294,318458,-351581,NA,1805,positional_14_15,1083747,-408436,-352365,-351581,-385488,318458,NA,E07000112,3720,1050,520,960,1190,"VOA/HMRC Valuation Office, Non-domestic rating: stock of properties, 31 March 2025 edition"
2014,2014-15,E3202,76818790,759674,-703065,NA,-0,positional_14_15,3183223,-2136619,-1546364,-703065,-1489755,759674,NA,E06000051,11690,2930,1590,3570,3610,"VOA/HMRC Valuation Office, Non-domestic rating: stock of properties, 31 March 2025 edition"
2014,2014-15,E0304,96567706,3237641,-2250238,NA,-0,positional_14_15,5577994,-388598,-4048940,-2250238,-3061537,3237641,NA,E06000039,3310,940,800,1030,540,"VOA/HMRC Valuation Office, Non-domestic rating: stock of properties, 31 March 2025 edition"
2014,2014-15,E4605,112131732,746830,-588822,NA,-0,positional_14_15,2284808,-3839306,-1667170,-588822,-1509162,746830,NA,E08000029,4730,1460,1520,660,1100,"VOA/HMRC Valuation Office, Non-domestic rating: stock of properties, 31 March 2025 edition"
2014,2014-15,E0434,30045593,323503,-212503,NA,-0,positional_14_15,1258023,-535693,-454000,-212503,-343000,323503,NA,E07000006,1960,540,460,340,630,"VOA/HMRC Valuation Office, Non-domestic rating: stock of properties, 31 March 2025 edition"
2014,2014-15,E0536,68075368,357985,-279515,NA,-0,positional_14_15,500777,-949531,-156267,-279515,-77797,357985,NA,E07000012,4600,450,1530,1450,1180,"VOA/HMRC Valuation Office, Non-domestic rating: stock of properties, 31 March 2025 edition"
2014,2014-15,E1039,22737185,107376,-64452,NA,-0,positional_14_15,1867184,-506607,-1360818,-64452,-1317894,107376,NA,E07000039,2150,460,250,770,670,"VOA/HMRC Valuation Office, Non-domestic rating: stock of properties, 31 March 2025 edition"
2014,2014-15,E0103,132055124,210363,-347000,NA,-0,positional_14_15,3060762,-3164993,-187591,-347000,-324228,210363,NA,E06000025,6400,1490,1280,2080,1550,"VOA/HMRC Valuation Office, Non-domestic rating: stock of properties, 31 March 2025 edition"
2014,2014-15,E1136,28750777,175352,-281092,NA,-0,positional_14_15,1663925,-648618,-334768,-281092,-440508,175352,NA,E07000044,5270,900,540,1340,2490,"VOA/HMRC Valuation Office, Non-domestic rating: stock of properties, 31 March 2025 edition"
2014,2014-15,E2535,26201936,66785,-126784,NA,-0,positional_14_15,733894,-441813,-243000,-126784,-302999,66785,NA,E07000140,2720,710,390,840,780,"VOA/HMRC Valuation Office, Non-domestic rating: stock of properties, 31 March 2025 edition"
2014,2014-15,E2536,38505582,273348,-148348,NA,-0,positional_14_15,1400568,-1360732,-575000,-148348,-450000,273348,NA,E07000141,4340,1200,670,1260,1220,"VOA/HMRC Valuation Office, Non-domestic rating: stock of properties, 31 March 2025 edition"
2014,2014-15,E0936,40160426,217841,-202541,NA,-0,positional_14_15,1461940,-850834,-802732,-202541,-787432,217841,NA,E07000031,7770,1450,700,1500,4130,"VOA/HMRC Valuation Office, Non-domestic rating: stock of properties, 31 March 2025 edition"
2014,2014-15,E2637,27794546,107432,-21687,NA,-0,positional_14_15,1079979,-372192,-342220,-21687,-256475,107432,NA,E07000149,3920,720,510,1280,1410,"VOA/HMRC Valuation Office, Non-domestic rating: stock of properties, 31 March 2025 edition"
2014,2014-15,E2836,20593114,-0,-100640,NA,75250,positional_14_15,718196,-156377,-249045,-100640,-349685,0,NA,E07000155,2640,340,580,900,820,"VOA/HMRC Valuation Office, Non-domestic rating: stock of properties, 31 March 2025 edition"
2014,2014-15,E3133,42399925,82948,-224748,NA,-0,positional_14_15,1806430,-898361,-837990,-224748,-979790,82948,NA,E07000179,4200,880,1010,1190,1120,"VOA/HMRC Valuation Office, Non-domestic rating: stock of properties, 31 March 2025 edition"
2014,2014-15,E2342,37634211,298259,-304548,NA,67250,positional_14_15,1124989,-742483,-467327,-304548,-473616,298259,NA,E07000126,2850,840,450,960,600,"VOA/HMRC Valuation Office, Non-domestic rating: stock of properties, 31 March 2025 edition"
2014,2014-15,E3334,43564589,297787,-392500,NA,-0,positional_14_15,3294064,-687258,-965400,-392500,-1060113,297787,NA,E07000189,5520,1200,650,1910,1770,"VOA/HMRC Valuation Office, Non-domestic rating: stock of properties, 31 March 2025 edition"
2014,2014-15,E3435,20836816,180555,-226555,NA,-0,positional_14_15,889580,-224965,-441000,-226555,-487000,180555,NA,E07000196,2530,590,360,790,790,"VOA/HMRC Valuation Office, Non-domestic rating: stock of properties, 31 March 2025 edition"
2014,2014-15,E4504,31290207,542906,-554763,NA,-0,positional_14_15,1271826,-482865,-563089,-554763,-574946,542906,NA,E08000023,3630,1340,530,880,880,"VOA/HMRC Valuation Office, Non-domestic rating: stock of properties, 31 March 2025 edition"
2014,2014-15,E1702,103461312,472667,-693606,NA,-0,positional_14_15,3735023,-2507083,-1247654,-693606,-1468593,472667,NA,E06000045,6520,2060,1390,1400,1670,"VOA/HMRC Valuation Office, Non-domestic rating: stock of properties, 31 March 2025 edition"
2014,2014-15,E1501,45262663,286034,-5140,NA,101221,positional_14_15,2046202,-1487142,-852623,-5140,-571729,286034,NA,E06000033,5800,2230,840,1150,1580,"VOA/HMRC Valuation Office, Non-domestic rating: stock of properties, 31 March 2025 edition"
2014,2014-15,E5019,202978467,-0,-675028,NA,572937,positional_14_15,9441176,-11763643,-4119199,-675028,-4794227,0,NA,E09000028,10830,2970,3200,2400,2270,"VOA/HMRC Valuation Office, Non-domestic rating: stock of properties, 31 March 2025 edition"
2014,2014-15,E3637,42579623,106000,58900,NA,-0,positional_14_15,1087033,-1090113,-274900,58900,-110000,106000,NA,E07000213,2500,810,510,550,630,"VOA/HMRC Valuation Office, Non-domestic rating: stock of properties, 31 March 2025 edition"
2014,2014-15,E1936,61622700,-0,-47000,NA,113945,positional_14_15,2400018,-1137567,-214000,-47000,-261000,0,NA,E07000240,3870,990,1160,690,1030,"VOA/HMRC Valuation Office, Non-domestic rating: stock of properties, 31 March 2025 edition"
2014,2014-15,E3535,46724033,174126,-202588,NA,-0,positional_14_15,1580404,-159893,-397161,-202588,-425623,174126,NA,NA,NA,NA,NA,NA,NA,"VOA/HMRC Valuation Office, Non-domestic rating: stock of properties, 31 March 2025 edition"
2014,2014-15,E4303,51562988,560270,-977160,NA,-0,positional_14_15,3406520,-705180,-1898945,-977160,-2315835,560270,NA,E08000013,4540,1610,650,1290,1000,"VOA/HMRC Valuation Office, Non-domestic rating: stock of properties, 31 March 2025 edition"
2014,2014-15,E3436,44131880,158681,-197372,NA,-0,positional_14_15,1877313,-218348,-835218,-197372,-873909,158681,NA,E07000197,3970,990,750,1150,1090,"VOA/HMRC Valuation Office, Non-domestic rating: stock of properties, 31 March 2025 edition"
2014,2014-15,E3437,17987002,166283,-197853,NA,-0,positional_14_15,789954,-321704,-394432,-197853,-426002,166283,NA,E07000198,2950,750,200,940,1060,"VOA/HMRC Valuation Office, Non-domestic rating: stock of properties, 31 March 2025 edition"
2014,2014-15,E1937,48221917,1184806,-996536,NA,-0,positional_14_15,3157545,-1122591,-2613957,-996536,-2425687,1184806,NA,E07000243,2130,590,580,490,460,"VOA/HMRC Valuation Office, Non-domestic rating: stock of properties, 31 March 2025 edition"
2014,2014-15,E4207,92507562,840245,-1569244,NA,-0,positional_14_15,12392573,-1376394,-3375894,-1569244,-4104893,840245,NA,E08000007,10200,2830,2130,2650,2590,"VOA/HMRC Valuation Office, Non-domestic rating: stock of properties, 31 March 2025 edition"
2014,2014-15,E0704,80523098,316495,-569977,NA,-0,positional_14_15,1128223,-909738,-1007518,-569977,-1261000,316495,NA,E06000004,5170,1490,1030,1330,1320,"VOA/HMRC Valuation Office, Non-domestic rating: stock of properties, 31 March 2025 edition"
2014,2014-15,E3401,84505330,728702,-1588702,NA,-0,positional_14_15,5313463,-4548934,-2606000,-1588702,-3466000,728702,NA,E06000021,8630,2690,960,2990,1990,"VOA/HMRC Valuation Office, Non-domestic rating: stock of properties, 31 March 2025 edition"
2014,2014-15,E3734,52603090,179472,-301274,NA,-0,positional_14_15,1771202,-682799,-416045,-301274,-537847,179472,NA,E07000221,5060,990,1060,1420,1580,"VOA/HMRC Valuation Office, Non-domestic rating: stock of properties, 31 March 2025 edition"
2014,2014-15,E1635,24699554,234492,-384230,NA,-0,positional_14_15,738604,-358777,-324303,-384230,-474041,234492,NA,E07000082,3940,810,670,1550,910,"VOA/HMRC Valuation Office, Non-domestic rating: stock of properties, 31 March 2025 edition"
2014,2014-15,E3536,50669070,-155876,40721,NA,-0,positional_14_15,847765,-395489,-348348,40721,-463503,-155876,NA,NA,NA,NA,NA,NA,NA,"VOA/HMRC Valuation Office, Non-domestic rating: stock of properties, 31 March 2025 edition"
2014,2014-15,E4505,90132886,1151042,-1174076,NA,-0,positional_14_15,7355358,-1438582,-814983,-1174076,-838017,1151042,NA,E08000024,7700,2450,1350,2100,1800,"VOA/HMRC Valuation Office, Non-domestic rating: stock of properties, 31 March 2025 edition"
2014,2014-15,E3638,34893842,350758,-361258,NA,-0,positional_14_15,1176627,-518074,-976000,-361258,-986500,350758,NA,E07000214,2440,580,670,610,580,"VOA/HMRC Valuation Office, Non-domestic rating: stock of properties, 31 March 2025 edition"
2014,2014-15,E5048,50747628,695543,-713108,NA,-0,positional_14_15,2526846,-719634,-900196,-713108,-917761,695543,NA,E09000029,4180,1820,720,750,890,"VOA/HMRC Valuation Office, Non-domestic rating: stock of properties, 31 March 2025 edition"
2014,2014-15,E2241,44831248,192280,-670118,NA,-0,positional_14_15,2555255,-493460,-1919611,-670118,-2397449,192280,NA,E07000113,4220,970,590,1430,1230,"VOA/HMRC Valuation Office, Non-domestic rating: stock of properties, 31 March 2025 edition"
2014,2014-15,E3901,108446253,428955,-472045,NA,-0,positional_14_15,3733882,-455053,-1233460,-472045,-1276550,428955,NA,E06000030,5310,1320,1350,1380,1260,"VOA/HMRC Valuation Office, Non-domestic rating: stock of properties, 31 March 2025 edition"
2014,2014-15,E4208,58446192,159298,-1223312,NA,-0,positional_14_15,6671794,-2079775,-2375296,-1223312,-3439310,159298,NA,E08000008,7240,2220,820,2610,1590,"VOA/HMRC Valuation Office, Non-domestic rating: stock of properties, 31 March 2025 edition"
2014,2014-15,E3439,33443743,179658,-241113,NA,-0,positional_14_15,1077958,-831759,-756225,-241113,-817680,179658,NA,E07000199,1950,520,310,720,410,"VOA/HMRC Valuation Office, Non-domestic rating: stock of properties, 31 March 2025 edition"
2014,2014-15,E3639,19949402,93861,-76650,NA,-0,positional_14_15,0,0,-206299,-76650,-189088,93861,NA,E07000215,2860,620,470,970,800,"VOA/HMRC Valuation Office, Non-domestic rating: stock of properties, 31 March 2025 edition"
2014,2014-15,E3333,40804063,203982,-368130,NA,-0,positional_14_15,1331167,-593672,-417697,-368130,-581845,203982,NA,NA,NA,NA,NA,NA,NA,"VOA/HMRC Valuation Office, Non-domestic rating: stock of properties, 31 March 2025 edition"
2014,2014-15,E1137,31664629,171951,-171951,NA,-0,positional_14_15,644492,-272848,-400000,-171951,-400000,171951,NA,E07000045,4850,1020,530,1510,1790,"VOA/HMRC Valuation Office, Non-domestic rating: stock of properties, 31 March 2025 edition"
2014,2014-15,E3201,70343529,489651,-587651,NA,-0,positional_14_15,3267214,-2129817,-1286000,-587651,-1384000,489651,NA,E06000020,4650,1150,700,1640,1160,"VOA/HMRC Valuation Office, Non-domestic rating: stock of properties, 31 March 2025 edition"
2014,2014-15,E1542,25167302,108438,-78741,NA,-0,positional_14_15,398107,-349664,-119184,-78741,-89487,108438,NA,E07000076,7870,1270,520,1560,4530,"VOA/HMRC Valuation Office, Non-domestic rating: stock of properties, 31 March 2025 edition"
2014,2014-15,E1742,46565106,579652,-720544,NA,-0,positional_14_15,2900639,-387596,-850276,-720544,-991168,579652,NA,E07000093,4230,650,780,1880,930,"VOA/HMRC Valuation Office, Non-domestic rating: stock of properties, 31 March 2025 edition"
2014,2014-15,E1636,31179452,162921,-127921,NA,-0,positional_14_15,576692,-164069,-217000,-127921,-182000,162921,NA,E07000083,2800,430,550,1110,710,"VOA/HMRC Valuation Office, Non-domestic rating: stock of properties, 31 March 2025 edition"
2014,2014-15,E2242,31629988,294732,-307910,NA,-0,positional_14_15,1694462,-718925,-1084664,-307910,-1097842,294732,NA,E07000114,4760,1590,540,1130,1500,"VOA/HMRC Valuation Office, Non-domestic rating: stock of properties, 31 March 2025 edition"
2014,2014-15,E1938,26925270,262336,-260000,NA,-0,positional_14_15,1305139,-907129,-1003000,-260000,-1000664,262336,NA,E07000102,1950,440,460,460,580,"VOA/HMRC Valuation Office, Non-domestic rating: stock of properties, 31 March 2025 edition"
2014,2014-15,E1502,102884842,-0,486712,NA,260897,positional_14_15,2588747,-492198,-262847,486712,223865,0,NA,E06000034,3820,1160,380,1380,900,"VOA/HMRC Valuation Office, Non-domestic rating: stock of properties, 31 March 2025 edition"
2014,2014-15,E2243,53770843,471448,-441448,NA,-0,positional_14_15,1085945,-1097426,-410000,-441448,-380000,471448,NA,E07000115,3590,660,960,1020,950,"VOA/HMRC Valuation Office, Non-domestic rating: stock of properties, 31 March 2025 edition"
2014,2014-15,E1102,35740748,447585,-278410,NA,-0,positional_14_15,1809057,-900280,-911667,-278410,-742492,447585,NA,E06000027,5050,1830,510,920,1800,"VOA/HMRC Valuation Office, Non-domestic rating: stock of properties, 31 March 2025 edition"
2014,2014-15,E1139,10630484,60575,-5723,NA,-0,positional_14_15,361434,-157618,-109413,-5723,-54561,60575,NA,E07000046,3420,630,200,750,1840,"VOA/HMRC Valuation Office, Non-domestic rating: stock of properties, 31 March 2025 edition"
2014,2014-15,E5020,346052987,2356354,-2452756,NA,-0,positional_14_15,13984607,-19775333,-5089672,-2452756,-5186074,2356354,NA,E09000030,15290,3220,4190,3190,4690,"VOA/HMRC Valuation Office, Non-domestic rating: stock of properties, 31 March 2025 edition"
2014,2014-15,E4209,158433935,1554314,-5441254,NA,-0,positional_14_15,9275082,-5136685,-3689937,-5441254,-7576877,1554314,NA,E08000009,9650,2260,2260,1840,3300,"VOA/HMRC Valuation Office, Non-domestic rating: stock of properties, 31 March 2025 edition"
2014,2014-15,E2244,52296311,-0,98388,NA,269474,positional_14_15,1952080,-549856,-1901058,98388,-1802670,0,NA,E07000116,3990,1190,910,900,990,"VOA/HMRC Valuation Office, Non-domestic rating: stock of properties, 31 March 2025 edition"
2014,2014-15,E1544,41604035,-0,-46283,NA,-0,positional_14_15,941763,-434038,-385845,-46283,-432128,0,NA,E07000077,3040,480,800,920,840,"VOA/HMRC Valuation Office, Non-domestic rating: stock of properties, 31 March 2025 edition"
2014,2014-15,E3134,50529476,4086,-232286,NA,-0,positional_14_15,1526264,-910444,-559880,-232286,-788080,4086,NA,E07000180,3820,660,1200,1010,960,"VOA/HMRC Valuation Office, Non-domestic rating: stock of properties, 31 March 2025 edition"
2014,2014-15,E4705,122631848,800731,-800731,NA,-0,positional_14_15,1675869,-983588,-1020000,-800731,-1020000,800731,NA,E08000036,10510,3240,1810,3010,2450,"VOA/HMRC Valuation Office, Non-domestic rating: stock of properties, 31 March 2025 edition"
2014,2014-15,E4606,67315783,-0,-235943,NA,1156860,positional_14_15,6381286,-1775975,-2704298,-235943,-2940241,0,NA,E08000030,8230,2400,1040,2890,1900,"VOA/HMRC Valuation Office, Non-domestic rating: stock of properties, 31 March 2025 edition"
2014,2014-15,E5049,53854143,1315945,183315,NA,-0,positional_14_15,5402335,-2451179,-3507886,183315,-2008626,1315945,NA,E09000031,6580,2920,770,1530,1360,"VOA/HMRC Valuation Office, Non-domestic rating: stock of properties, 31 March 2025 edition"
2014,2014-15,E5021,102203652,383271,8729,NA,-0,positional_14_15,4859586,-2254223,-2589000,8729,-2197000,383271,NA,E09000032,8880,3010,1930,1830,2120,"VOA/HMRC Valuation Office, Non-domestic rating: stock of properties, 31 March 2025 edition"
2014,2014-15,E0602,105718231,-0,596195,NA,10508,positional_14_15,12401336,-1702006,-6965100,596195,-6368905,0,NA,E06000007,6480,1670,1620,1840,1360,"VOA/HMRC Valuation Office, Non-domestic rating: stock of properties, 31 March 2025 edition"
2014,2014-15,E3735,66380840,520335,-270335,NA,-0,positional_14_15,984330,-1069115,-750000,-270335,-500000,520335,NA,E07000222,4590,1310,1220,960,1100,"VOA/HMRC Valuation Office, Non-domestic rating: stock of properties, 31 March 2025 edition"
2014,2014-15,E1939,64689244,821559,-927000,NA,-0,positional_14_15,3961092,-566162,-2044000,-927000,-2149441,821559,NA,E07000103,3210,1130,730,760,590,"VOA/HMRC Valuation Office, Non-domestic rating: stock of properties, 31 March 2025 edition"
2014,2014-15,E3537,26714146,-67,-84015,NA,-0,positional_14_15,1350822,-453911,-579000,-84015,-663082,-67,NA,NA,NA,NA,NA,NA,NA,"VOA/HMRC Valuation Office, Non-domestic rating: stock of properties, 31 March 2025 edition"
2014,2014-15,E3640,36095250,115973,-171600,NA,-0,positional_14_15,2013095,-585429,-369373,-171600,-425000,115973,NA,E07000216,3900,1020,1040,870,960,"VOA/HMRC Valuation Office, Non-domestic rating: stock of properties, 31 March 2025 edition"
2014,2014-15,E1437,29273660,169392,-368719,NA,-0,positional_14_15,1590790,-272572,-266739,-368719,-466066,169392,NA,E07000065,5320,1130,780,1950,1460,"VOA/HMRC Valuation Office, Non-domestic rating: stock of properties, 31 March 2025 edition"
2014,2014-15,E2837,29184878,131789,-96689,NA,-0,positional_14_15,536053,-126585,-201120,-96689,-166020,131789,NA,E07000156,2580,560,360,1100,560,"VOA/HMRC Valuation Office, Non-domestic rating: stock of properties, 31 March 2025 edition"
2014,2014-15,E1940,59222362,174019,-150156,NA,6076,positional_14_15,634663,-65925,-180095,-150156,-156232,174019,NA,E07000241,2820,670,690,770,690,"VOA/HMRC Valuation Office, Non-domestic rating: stock of properties, 31 March 2025 edition"
2014,2014-15,E0302,82604222,236296,-486296,NA,-0,positional_14_15,2230173,-2100428,-500000,-486296,-750000,236296,NA,E06000037,5190,900,1600,1440,1250,"VOA/HMRC Valuation Office, Non-domestic rating: stock of properties, 31 March 2025 edition"
2014,2014-15,E1140,10417257,120254,-260756,NA,-0,positional_14_15,612381,-204520,-82266,-260756,-222768,120254,NA,E07000047,2200,510,230,580,890,"VOA/HMRC Valuation Office, Non-domestic rating: stock of properties, 31 March 2025 edition"
2014,2014-15,E1237,29891428,9097,-121097,NA,-0,positional_14_15,1942778,-356355,-1462000,-121097,-1574000,9097,NA,E07000052,5310,1090,640,1620,1950,"VOA/HMRC Valuation Office, Non-domestic rating: stock of properties, 31 March 2025 edition"
2014,2014-15,E2343,30994411,1105548,-1186773,NA,-0,positional_14_15,5110666,-1375441,-1416040,-1186773,-1497265,1105548,NA,E07000127,3140,730,460,1070,890,"VOA/HMRC Valuation Office, Non-domestic rating: stock of properties, 31 March 2025 edition"
2014,2014-15,E2537,15735665,37144,-82103,NA,-0,positional_14_15,391406,-132124,-260608,-82103,-305567,37144,NA,E07000142,2710,600,350,860,900,"VOA/HMRC Valuation Office, Non-domestic rating: stock of properties, 31 March 2025 edition"
2014,2014-15,E3135,32732993,81490,-217936,NA,-0,positional_14_15,736399,-214134,-99834,-217936,-236280,81490,NA,E07000181,3820,730,890,1190,1020,"VOA/HMRC Valuation Office, Non-domestic rating: stock of properties, 31 March 2025 edition"
2014,2014-15,E3335,12169984,8647,-18647,NA,-0,positional_14_15,445251,-133967,-75000,-18647,-85000,8647,NA,NA,NA,NA,NA,NA,NA,"VOA/HMRC Valuation Office, Non-domestic rating: stock of properties, 31 March 2025 edition"
2014,2014-15,E5022,1729302049,-0,1140000,NA,12527256,positional_14_15,49773040,-126426105,-32139645,1140000,-30999645,0,NA,E09000033,35270,6720,18140,1190,9210,"VOA/HMRC Valuation Office, Non-domestic rating: stock of properties, 31 March 2025 edition"
2014,2014-15,E1238,17459294,10124,-142124,NA,-0,positional_14_15,1968653,-268801,-1622000,-142124,-1754000,10124,NA,E07000053,2740,700,190,480,1390,"VOA/HMRC Valuation Office, Non-domestic rating: stock of properties, 31 March 2025 edition"
2014,2014-15,E4210,78583359,1848613,-2559707,NA,-0,positional_14_15,6455222,-601548,-4684707,-2559707,-5395801,1848613,NA,E08000010,9220,2950,1220,2620,2430,"VOA/HMRC Valuation Office, Non-domestic rating: stock of properties, 31 March 2025 edition"
2014,2014-15,E3902,138253575,1235630,-1143030,NA,-0,positional_14_15,5349308,-1544668,-928300,-1143030,-835700,1235630,NA,E06000054,14430,3220,2490,4710,4000,"VOA/HMRC Valuation Office, Non-domestic rating: stock of properties, 31 March 2025 edition"
2014,2014-15,E1743,55114507,25267,-187379,NA,-0,positional_14_15,2228390,-1490017,-1168124,-187379,-1330236,25267,NA,E07000094,4360,790,1070,1280,1210,"VOA/HMRC Valuation Office, Non-domestic rating: stock of properties, 31 March 2025 edition"
2014,2014-15,E0305,77478322,1295137,-835782,NA,-0,positional_14_15,3861233,-1054299,-2242864,-835782,-1783509,1295137,NA,E06000040,4750,1310,1400,820,1220,"VOA/HMRC Valuation Office, Non-domestic rating: stock of properties, 31 March 2025 edition"
2014,2014-15,E4305,69223359,1327268,-1233320,NA,-0,positional_14_15,5516855,-996202,-3593302,-1233320,-3499354,1327268,NA,E08000015,8200,3550,970,1900,1770,"VOA/HMRC Valuation Office, Non-domestic rating: stock of properties, 31 March 2025 edition"
2014,2014-15,E3641,45174740,-0,-614000,NA,497424,positional_14_15,2674259,-925171,-287000,-614000,-901000,0,NA,E07000217,2580,780,720,470,620,"VOA/HMRC Valuation Office, Non-domestic rating: stock of properties, 31 March 2025 edition"
2014,2014-15,E0306,56889713,208209,0,NA,-0,positional_14_15,2531720,-2726727,-750000,0,-541791,208209,NA,E06000041,3680,560,1120,1150,860,"VOA/HMRC Valuation Office, Non-domestic rating: stock of properties, 31 March 2025 edition"
2014,2014-15,E4607,73866745,1169727,-1060510,NA,-0,positional_14_15,6924501,-1033090,-2594998,-1060510,-2485781,1169727,NA,E08000031,8200,2410,1350,2800,1640,"VOA/HMRC Valuation Office, Non-domestic rating: stock of properties, 31 March 2025 edition"
2014,2014-15,E1837,39867760,168099,-168099,NA,-0,positional_14_15,1227825,-620774,-294768,-168099,-294768,168099,NA,E07000237,3100,1030,650,700,720,"VOA/HMRC Valuation Office, Non-domestic rating: stock of properties, 31 March 2025 edition"
2014,2014-15,E3837,30696885,114622,-179219,NA,-0,positional_14_15,1572337,-449559,-800080,-179219,-864677,114622,NA,E07000229,3140,1310,470,480,880,"VOA/HMRC Valuation Office, Non-domestic rating: stock of properties, 31 March 2025 edition"
2014,2014-15,E1838,39421998,195000,-195000,NA,47658,positional_14_15,821026,-1207896,-195000,-195000,-195000,195000,NA,E07000238,4590,910,820,1520,1340,"VOA/HMRC Valuation Office, Non-domestic rating: stock of properties, 31 March 2025 edition"
2014,2014-15,E0435,70773084,809898,-885652,NA,-0,positional_14_15,2717825,-2526181,-2107261,-885652,-2183015,809898,NA,E07000007,5100,1190,1370,1480,1060,"VOA/HMRC Valuation Office, Non-domestic rating: stock of properties, 31 March 2025 edition"
2014,2014-15,E2344,26967988,207109,-216205,NA,-0,positional_14_15,939457,-529435,-383218,-216205,-392314,207109,NA,E07000128,3850,1220,350,1120,1160,"VOA/HMRC Valuation Office, Non-domestic rating: stock of properties, 31 March 2025 edition"
2014,2014-15,E1839,28640896,375546,-375546,NA,-0,positional_14_15,2392291,-101114,-1269954,-375546,-1269954,375546,NA,E07000239,3330,770,560,1020,990,"VOA/HMRC Valuation Office, Non-domestic rating: stock of properties, 31 March 2025 edition"
2014,2014-15,E2701,99855595,325355,-559058,NA,-0,positional_14_15,3912930,-338674,-2100537,-559058,-2334240,325355,NA,E06000014,6340,1840,1530,1180,1790,"VOA/HMRC Valuation Office, Non-domestic rating: stock of properties, 31 March 2025 edition"
2015,2015-16,E3831,19201042,56677,-107109,NA,-0,positional_15_16,589345,-45097,-429959,-107109,-480391,56677,NA,E07000223,2150,480,270,570,820,"VOA/HMRC Valuation Office, Non-domestic rating: stock of properties, 31 March 2025 edition"
2015,2015-16,E0931,26380597,111652,-140198,NA,-0,positional_15_16,989105,-319616,-423942,-140198,-452488,111652,NA,E07000026,4750,1040,380,1130,2200,"VOA/HMRC Valuation Office, Non-domestic rating: stock of properties, 31 March 2025 edition"
2015,2015-16,E1031,31485373,127316,-72316,NA,-0,positional_15_16,400966,-750782,-455000,-72316,-400000,127316,NA,E07000032,3760,1060,500,1240,960,"VOA/HMRC Valuation Office, Non-domestic rating: stock of properties, 31 March 2025 edition"
2015,2015-16,E3832,33869826,179914,-64914,NA,-0,positional_15_16,718760,-605390,-382000,-64914,-267000,179914,NA,E07000224,4420,1380,380,1310,1350,"VOA/HMRC Valuation Office, Non-domestic rating: stock of properties, 31 March 2025 edition"
2015,2015-16,E3031,33666971,317097,-91147,NA,-0,positional_15_16,1537749,-88251,-960209,-91147,-734259,317097,NA,E07000170,3120,990,370,1080,680,"VOA/HMRC Valuation Office, Non-domestic rating: stock of properties, 31 March 2025 edition"
2015,2015-16,E2231,45687215,42013,-42311,NA,-0,positional_15_16,761725,-317067,-782856,-42311,-783154,42013,NA,E07000105,4280,880,850,1390,1160,"VOA/HMRC Valuation Office, Non-domestic rating: stock of properties, 31 March 2025 edition"
2015,2015-16,E0431,50519562,-0,0,NA,126566,positional_15_16,159997,-1125382,0,0,0,0,NA,E07000004,5080,890,940,1930,1330,"VOA/HMRC Valuation Office, Non-domestic rating: stock of properties, 31 March 2025 edition"
2015,2015-16,E3531,23155401,262623,-291102,NA,-0,positional_15_16,664798,-200030,-355716,-291102,-384195,262623,NA,E07000200,3180,600,530,1090,980,"VOA/HMRC Valuation Office, Non-domestic rating: stock of properties, 31 March 2025 edition"
2015,2015-16,E5030,54925976,-0,306000,NA,806346,positional_15_16,5228783,-571916,-5045000,306000,-4739000,0,NA,E09000002,4230,1440,610,1200,990,"VOA/HMRC Valuation Office, Non-domestic rating: stock of properties, 31 March 2025 edition"
2015,2015-16,E5031,108617649,4926565,-1543205,NA,-0,positional_15_16,9366074,-3501586,-2133936,-1543205,1249424,4926565,NA,E09000003,8470,3490,2160,870,1950,"VOA/HMRC Valuation Office, Non-domestic rating: stock of properties, 31 March 2025 edition"
2015,2015-16,E4401,53151554,792230,-838232,NA,-0,positional_15_16,2634285,-1412442,-1826135,-838232,-1872137,792230,NA,E08000016,6720,2050,960,2180,1530,"VOA/HMRC Valuation Office, Non-domestic rating: stock of properties, 31 March 2025 edition"
2015,2015-16,E0932,22505825,65582,-48512,NA,-0,positional_15_16,1185418,-914972,-1036640,-48512,-1019570,65582,NA,E07000027,2310,720,290,580,720,"VOA/HMRC Valuation Office, Non-domestic rating: stock of properties, 31 March 2025 edition"
2015,2015-16,E1531,80891725,221508,-322208,NA,-0,positional_15_16,1966381,-1760504,-889000,-322208,-989700,221508,NA,E07000066,4760,1020,830,1900,1000,"VOA/HMRC Valuation Office, Non-domestic rating: stock of properties, 31 March 2025 edition"
2015,2015-16,E1731,73259488,314217,-339218,NA,-0,positional_15_16,1977921,-1318063,-500000,-339218,-525001,314217,NA,E07000084,4130,750,1200,1100,1080,"VOA/HMRC Valuation Office, Non-domestic rating: stock of properties, 31 March 2025 edition"
2015,2015-16,E3032,53592040,693774,-633490,NA,-0,positional_15_16,2144936,-1219043,-861100,-633490,-800816,693774,NA,E07000171,3870,970,570,1250,1080,"VOA/HMRC Valuation Office, Non-domestic rating: stock of properties, 31 March 2025 edition"
2015,2015-16,E0101,66557078,506697,-734050,NA,307667,positional_15_16,2901759,-1434423,-506697,-734050,-734050,506697,NA,E06000022,5840,1720,1100,1450,1570,"VOA/HMRC Valuation Office, Non-domestic rating: stock of properties, 31 March 2025 edition"
2015,2015-16,E0202,65439194,260612,-710000,NA,-0,positional_15_16,2728564,-903817,-1509107,-710000,-1958495,260612,NA,E06000055,5100,1120,950,1610,1420,"VOA/HMRC Valuation Office, Non-domestic rating: stock of properties, 31 March 2025 edition"
2015,2015-16,E5032,70381461,-0,261000,NA,708976,positional_15_16,2027543,-1939018,-1958000,261000,-1697000,0,NA,E09000004,5360,1860,530,1550,1430,"VOA/HMRC Valuation Office, Non-domestic rating: stock of properties, 31 March 2025 edition"
2015,2015-16,E4601,403549671,10860138,-12673078,NA,-0,positional_15_16,97661096,-18267058,-53534777,-12673078,-55347717,10860138,NA,E08000025,46650,10710,7630,9770,18530,"VOA/HMRC Valuation Office, Non-domestic rating: stock of properties, 31 March 2025 edition"
2015,2015-16,E2431,43338531,-0,-467375,NA,221348,positional_15_16,1839724,-1033860,-231796,-467375,-699171,0,NA,E07000129,2120,420,470,690,550,"VOA/HMRC Valuation Office, Non-domestic rating: stock of properties, 31 March 2025 edition"
2015,2015-16,E2301,46514699,572981,-619981,NA,-0,positional_15_16,2577468,-967798,-1536000,-619981,-1583000,572981,NA,E06000008,6330,1770,1180,2150,1240,"VOA/HMRC Valuation Office, Non-domestic rating: stock of properties, 31 March 2025 edition"
2015,2015-16,E2302,47256319,1676464,-1700000,NA,-0,positional_15_16,4613736,-392185,-1850000,-1700000,-1873536,1676464,NA,E06000009,6860,2390,780,1090,2600,"VOA/HMRC Valuation Office, Non-domestic rating: stock of properties, 31 March 2025 edition"
2015,2015-16,E1032,23596815,-0,16988,NA,25300,positional_15_16,551243,-306832,-350437,16988,-333449,0,NA,E07000033,2310,580,360,840,530,"VOA/HMRC Valuation Office, Non-domestic rating: stock of properties, 31 March 2025 edition"
2015,2015-16,E4201,82564014,2405495,-3190709,NA,-0,positional_15_16,7252516,-2560763,-3526640,-3190709,-4311854,2405495,NA,E08000001,9590,2830,1550,2620,2580,"VOA/HMRC Valuation Office, Non-domestic rating: stock of properties, 31 March 2025 edition"
2015,2015-16,E2531,18503670,359862,-111862,NA,-0,positional_15_16,803515,-1423153,-420609,-111862,-172609,359862,NA,E07000136,2180,560,310,710,600,"VOA/HMRC Valuation Office, Non-domestic rating: stock of properties, 31 March 2025 edition"
2015,2015-16,E1202,66953297,489391,-656984,NA,-0,positional_15_16,3693038,-304880,-1668774,-656984,-1836367,489391,NA,E06000028,7370,2520,930,600,3330,"VOA/HMRC Valuation Office, Non-domestic rating: stock of properties, 31 March 2025 edition"
2015,2015-16,E0301,53415092,-0,1612800,NA,183479,positional_15_16,1597320,-17159129,-2258600,1612800,-645800,0,NA,E06000036,2430,510,930,420,570,"VOA/HMRC Valuation Office, Non-domestic rating: stock of properties, 31 March 2025 edition"
2015,2015-16,E4701,132635348,3040642,-3237521,NA,-0,positional_15_16,10898529,-1122909,-5930816,-3237521,-6127695,3040642,NA,E08000032,18180,5770,3140,5450,3830,"VOA/HMRC Valuation Office, Non-domestic rating: stock of properties, 31 March 2025 edition"
2015,2015-16,E1532,44032934,203282,-138307,NA,-0,positional_15_16,1089624,-362551,-284920,-138307,-219945,203282,NA,E07000067,4690,1000,740,1800,1150,"VOA/HMRC Valuation Office, Non-domestic rating: stock of properties, 31 March 2025 edition"
2015,2015-16,E2631,30189817,65246,-163011,NA,-0,positional_15_16,1397187,-393505,-332178,-163011,-429943,65246,NA,E07000143,4220,880,400,1570,1370,"VOA/HMRC Valuation Office, Non-domestic rating: stock of properties, 31 March 2025 edition"
2015,2015-16,E5033,119355071,1212476,-855989,NA,-0,positional_15_16,5628091,-2010046,-2293261,-855989,-1936774,1212476,NA,E09000005,8500,2990,1650,2490,1370,"VOA/HMRC Valuation Office, Non-domestic rating: stock of properties, 31 March 2025 edition"
2015,2015-16,E1533,31060808,309039,-855214,NA,-0,positional_15_16,2688223,-508382,-980558,-855214,-1526733,309039,NA,E07000068,2280,600,580,530,580,"VOA/HMRC Valuation Office, Non-domestic rating: stock of properties, 31 March 2025 edition"
2015,2015-16,E1401,105911796,1196682,-160374,NA,310832,positional_15_16,4032294,-3854846,-2677408,-160374,-1641100,1196682,NA,E06000043,9950,3320,2030,1440,3170,"VOA/HMRC Valuation Office, Non-domestic rating: stock of properties, 31 March 2025 edition"
2015,2015-16,E0102,208285331,1545000,-1652000,NA,122461,positional_15_16,4627365,-10857791,-1545000,-1652000,-1652000,1545000,NA,E06000023,15470,4670,3730,3670,3400,"VOA/HMRC Valuation Office, Non-domestic rating: stock of properties, 31 March 2025 edition"
2015,2015-16,E2632,29304821,56928,-44639,NA,-0,positional_15_16,354847,-506618,-155122,-44639,-142833,56928,NA,E07000144,3410,560,380,1230,1240,"VOA/HMRC Valuation Office, Non-domestic rating: stock of properties, 31 March 2025 edition"
2015,2015-16,E5034,84402272,684615,-819215,NA,-0,positional_15_16,1749281,-2466626,-685658,-819215,-820258,684615,NA,E09000006,7360,2950,1410,1100,1900,"VOA/HMRC Valuation Office, Non-domestic rating: stock of properties, 31 March 2025 edition"
2015,2015-16,E1831,26556445,314965,-216842,NA,-0,positional_15_16,1411203,-840992,-735715,-216842,-637592,314965,NA,E07000234,3010,610,730,910,760,"VOA/HMRC Valuation Office, Non-domestic rating: stock of properties, 31 March 2025 edition"
2015,2015-16,E1931,39725165,47209,190565,NA,-0,positional_15_16,2691875,-799259,-189589,190565,48185,47209,NA,E07000095,2290,720,310,750,510,"VOA/HMRC Valuation Office, Non-domestic rating: stock of properties, 31 March 2025 edition"
2015,2015-16,E3033,25234381,-117717,202307,NA,-0,positional_15_16,1040232,-311647,-721590,202307,-637000,-117717,NA,E07000172,2580,900,370,710,610,"VOA/HMRC Valuation Office, Non-domestic rating: stock of properties, 31 March 2025 edition"
2015,2015-16,E2333,28152564,-16970,-446826,NA,-0,positional_15_16,1712418,-162240,-896129,-446826,-1359925,-16970,NA,E07000117,3750,1140,700,1090,810,"VOA/HMRC Valuation Office, Non-domestic rating: stock of properties, 31 March 2025 edition"
2015,2015-16,E4202,49464087,51625,-1117022,NA,-0,positional_15_16,10167854,-2103527,-4384560,-1117022,-5449957,51625,NA,E08000002,5800,1790,980,1590,1430,"VOA/HMRC Valuation Office, Non-domestic rating: stock of properties, 31 March 2025 edition"
2015,2015-16,E4702,57973391,-9025,-729498,NA,-0,positional_15_16,6111095,-3842814,-2794846,-729498,-3533369,-9025,NA,E08000033,9000,2230,1460,3310,2000,"VOA/HMRC Valuation Office, Non-domestic rating: stock of properties, 31 March 2025 edition"
2015,2015-16,E0531,96561630,-13261,-469629,NA,-0,positional_15_16,1355833,-1825561,-492787,-469629,-975677,-13261,NA,E07000008,4040,1180,1190,510,1170,"VOA/HMRC Valuation Office, Non-domestic rating: stock of properties, 31 March 2025 edition"
2015,2015-16,E5011,502894335,2952344,-2516692,NA,-0,positional_15_16,4169891,-7567445,-3732758,-2516692,-3297106,2952344,NA,E09000007,16830,3690,6950,1360,4830,"VOA/HMRC Valuation Office, Non-domestic rating: stock of properties, 31 March 2025 edition"
2015,2015-16,E3431,36262583,310631,38790,NA,-0,positional_15_16,2350501,-320892,-1950041,38790,-1600620,310631,NA,E07000192,3230,950,500,1200,580,"VOA/HMRC Valuation Office, Non-domestic rating: stock of properties, 31 March 2025 edition"
2015,2015-16,E2232,51840616,515820,-188385,NA,-0,positional_15_16,1551930,-1662077,-676342,-188385,-348907,515820,NA,E07000106,5540,1340,780,1120,2310,"VOA/HMRC Valuation Office, Non-domestic rating: stock of properties, 31 March 2025 edition"
2015,2015-16,E0933,42936187,299098,-362010,NA,168643,positional_15_16,1274199,-497828,-299098,-362010,-362010,299098,NA,E07000028,4390,1030,740,1280,1340,"VOA/HMRC Valuation Office, Non-domestic rating: stock of properties, 31 March 2025 edition"
2015,2015-16,E1534,15111157,94405,-71761,NA,-0,positional_15_16,163471,-239510,-160153,-71761,-137509,94405,NA,E07000069,2010,660,210,640,500,"VOA/HMRC Valuation Office, Non-domestic rating: stock of properties, 31 March 2025 edition"
2015,2015-16,E0203,75724630,606383,-586084,NA,87121,positional_15_16,3818031,-1278660,-606383,-586084,-586084,606383,NA,E06000056,7000,1480,1300,2360,1860,"VOA/HMRC Valuation Office, Non-domestic rating: stock of properties, 31 March 2025 edition"
2015,2015-16,E2432,44166030,303415,-242814,NA,-0,positional_15_16,967351,-305186,-409632,-242814,-349031,303415,NA,E07000130,4630,1270,620,1620,1120,"VOA/HMRC Valuation Office, Non-domestic rating: stock of properties, 31 March 2025 edition"
2015,2015-16,E1535,77008886,-0,-26243,NA,725505,positional_15_16,2762248,-1552047,-921801,-26243,-948044,0,NA,E07000070,4770,1070,1060,1510,1130,"VOA/HMRC Valuation Office, Non-domestic rating: stock of properties, 31 March 2025 edition"
2015,2015-16,E1631,54936266,526536,-483035,NA,131183,positional_15_16,1282168,-4422360,-526536,-483035,-483035,526536,NA,E07000078,3990,1180,1280,770,770,"VOA/HMRC Valuation Office, Non-domestic rating: stock of properties, 31 March 2025 edition"
2015,2015-16,E3131,75490885,-0,-27332,NA,1772080,positional_15_16,1364412,-1184792,-228166,-27332,-255498,0,NA,E07000177,4670,1080,1110,1320,1150,"VOA/HMRC Valuation Office, Non-domestic rating: stock of properties, 31 March 2025 edition"
2015,2015-16,E0603,136902874,943161,-1462491,NA,-0,positional_15_16,5714775,-737946,-1620062,-1462491,-2139392,943161,NA,E06000049,13150,3470,3050,3310,3310,"VOA/HMRC Valuation Office, Non-domestic rating: stock of properties, 31 March 2025 edition"
2015,2015-16,E0604,156791195,1068646,-1142643,NA,-0,positional_15_16,3526332,-3766827,-2671050,-1142643,-2745047,1068646,NA,E06000050,10910,3340,2280,2500,2800,"VOA/HMRC Valuation Office, Non-domestic rating: stock of properties, 31 March 2025 edition"
2015,2015-16,E1033,36914882,820405,-635266,NA,1072355,positional_15_16,1195836,-455398,-820405,-635266,-635266,820405,NA,E07000034,4040,1030,720,1490,810,"VOA/HMRC Valuation Office, Non-domestic rating: stock of properties, 31 March 2025 edition"
2015,2015-16,E3833,44123071,217612,-300000,NA,-0,positional_15_16,1456017,-768975,-597162,-300000,-679550,217612,NA,E07000225,4820,1050,690,1410,1670,"VOA/HMRC Valuation Office, Non-domestic rating: stock of properties, 31 March 2025 edition"
2015,2015-16,E0432,21260944,95882,-113891,NA,-0,positional_15_16,798555,-235726,-395725,-113891,-413734,95882,NA,E07000005,2650,710,660,560,720,"VOA/HMRC Valuation Office, Non-domestic rating: stock of properties, 31 March 2025 edition"
2015,2015-16,E2334,27945463,179964,-397649,NA,-0,positional_15_16,1286061,-550576,-666530,-397649,-884215,179964,NA,E07000118,3370,900,610,980,890,"VOA/HMRC Valuation Office, Non-domestic rating: stock of properties, 31 March 2025 edition"
2015,2015-16,E1232,18535177,48722,-48830,NA,-0,positional_15_16,381645,-139103,-300599,-48830,-300707,48722,NA,E07000048,1810,500,260,460,580,"VOA/HMRC Valuation Office, Non-domestic rating: stock of properties, 31 March 2025 edition"
2015,2015-16,E5010,871199172,2037929,-1685318,NA,-0,positional_15_16,22665030,-30140611,-11027254,-1685318,-10674643,2037929,NA,E09000001,17830,1300,10820,1880,3830,"VOA/HMRC Valuation Office, Non-domestic rating: stock of properties, 31 March 2025 edition"
2015,2015-16,E1536,62625146,301866,-461254,NA,-0,positional_15_16,2651729,-579395,-801876,-461254,-961264,301866,NA,E07000071,5550,1230,1120,1310,1890,"VOA/HMRC Valuation Office, Non-domestic rating: stock of properties, 31 March 2025 edition"
2015,2015-16,E0934,13149140,287507,-150000,NA,37550,positional_15_16,546920,-31856776,-287507,-150000,-150000,287507,NA,E07000029,2380,550,310,560,950,"VOA/HMRC Valuation Office, Non-domestic rating: stock of properties, 31 March 2025 edition"
2015,2015-16,E2831,34816506,466733,-208873,NA,-0,positional_15_16,2627210,-612065,-1146319,-208873,-888459,466733,NA,E07000150,1830,380,280,790,390,"VOA/HMRC Valuation Office, Non-domestic rating: stock of properties, 31 March 2025 edition"
2015,2015-16,E0801,154910028,1285691,-1476100,NA,-0,positional_15_16,8151255,-2849887,-2717401,-1476100,-2907810,1285691,NA,E06000052,29130,5790,2480,6820,14030,"VOA/HMRC Valuation Office, Non-domestic rating: stock of properties, 31 March 2025 edition"
2015,2015-16,E1632,29475727,81263,227691,NA,-0,positional_15_16,734607,-175689,-519904,227691,-210950,81263,NA,E07000079,4490,920,740,1280,1550,"VOA/HMRC Valuation Office, Non-domestic rating: stock of properties, 31 March 2025 edition"
2015,2015-16,E4602,121816533,1929576,-1746651,NA,-0,positional_15_16,5916722,-1914081,-3226617,-1746651,-3043692,1929576,NA,E08000026,8300,2570,1670,2210,1840,"VOA/HMRC Valuation Office, Non-domestic rating: stock of properties, 31 March 2025 edition"
2015,2015-16,E2731,17761723,130013,-47363,NA,-0,positional_15_16,346071,-98688,-216350,-47363,-133700,130013,NA,E07000163,3140,710,380,780,1270,"VOA/HMRC Valuation Office, Non-domestic rating: stock of properties, 31 March 2025 edition"
2015,2015-16,E3834,117392981,248973,-395153,NA,-0,positional_15_16,1676644,-2756843,-716283,-395153,-862463,248973,NA,E07000226,3070,580,950,790,760,"VOA/HMRC Valuation Office, Non-domestic rating: stock of properties, 31 March 2025 edition"
2015,2015-16,E5035,110288740,2201171,-2253024,NA,-0,positional_15_16,12275339,-3464355,-10632415,-2253024,-10684268,2201171,NA,E09000008,9050,3490,1930,1420,2220,"VOA/HMRC Valuation Office, Non-domestic rating: stock of properties, 31 March 2025 edition"
2015,2015-16,E1932,61741080,945792,-610746,NA,206078,positional_15_16,2592746,-928743,-945751,-610746,-610705,945792,NA,E07000096,4570,940,1330,1160,1150,"VOA/HMRC Valuation Office, Non-domestic rating: stock of properties, 31 March 2025 edition"
2015,2015-16,E1301,33284626,724844,-562000,NA,-0,positional_15_16,1412514,-499963,-516000,-562000,-353156,724844,NA,E06000005,3480,1090,600,1040,750,"VOA/HMRC Valuation Office, Non-domestic rating: stock of properties, 31 March 2025 edition"
2015,2015-16,E2233,87601855,893046,-387208,NA,-0,positional_15_16,1682690,-2386718,-1864206,-387208,-1358368,893046,NA,E07000107,3020,960,640,680,750,"VOA/HMRC Valuation Office, Non-domestic rating: stock of properties, 31 March 2025 edition"
2015,2015-16,E2832,43600326,56647,-11639,NA,-0,positional_15_16,328585,-101244,-249942,-11639,-204934,56647,NA,E07000151,2550,390,400,990,780,"VOA/HMRC Valuation Office, Non-domestic rating: stock of properties, 31 March 2025 edition"
2015,2015-16,E1001,89478815,262659,-1053482,NA,-0,positional_15_16,6006049,-352587,-3000931,-1053482,-3791754,262659,NA,E06000015,7370,2240,1710,1680,1750,"VOA/HMRC Valuation Office, Non-domestic rating: stock of properties, 31 March 2025 edition"
2015,2015-16,E1035,17238119,165195,-202195,NA,-0,positional_15_16,1164425,-260892,-228000,-202195,-265000,165195,NA,E07000035,3910,830,390,970,1730,"VOA/HMRC Valuation Office, Non-domestic rating: stock of properties, 31 March 2025 edition"
2015,2015-16,E4402,96224617,2394983,-1681368,NA,-14465,positional_15_16,9853687,-1781952,-4654343,-1681368,-3940728,2394983,NA,E08000017,8940,2890,1260,2540,2250,"VOA/HMRC Valuation Office, Non-domestic rating: stock of properties, 31 March 2025 edition"
2015,2015-16,E2234,31542140,336248,-641432,NA,-0,positional_15_16,2800514,-3093794,-1652786,-641432,-1957970,336248,NA,E07000108,3750,900,650,880,1320,"VOA/HMRC Valuation Office, Non-domestic rating: stock of properties, 31 March 2025 edition"
2015,2015-16,E4603,97202234,738613,-1279613,NA,-0,positional_15_16,6210504,-982456,-2594000,-1279613,-3135000,738613,NA,E08000027,10240,2800,1600,3690,2160,"VOA/HMRC Valuation Office, Non-domestic rating: stock of properties, 31 March 2025 edition"
2015,2015-16,E1302,117064735,1722190,-1755771,NA,-0,positional_15_16,6928809,-1889253,-5024399,-1755771,-5057980,1722190,NA,E06000047,14950,4280,2120,4040,4510,"VOA/HMRC Valuation Office, Non-domestic rating: stock of properties, 31 March 2025 edition"
2015,2015-16,E5036,147018302,1972462,-265836,NA,-0,positional_15_16,21941894,-11367953,-13992979,-265836,-12286353,1972462,NA,E09000009,9760,3600,1620,2720,1820,"VOA/HMRC Valuation Office, Non-domestic rating: stock of properties, 31 March 2025 edition"
2015,2015-16,E0532,19447861,-0,-395,NA,-0,positional_15_16,886357,-186046,-232278,-395,-232673,0,NA,E07000009,2250,400,350,710,790,"VOA/HMRC Valuation Office, Non-domestic rating: stock of properties, 31 March 2025 edition"
2015,2015-16,E1131,32398718,96033,-134552,NA,-0,positional_15_16,1180284,-285239,-142831,-134552,-181350,96033,NA,E07000040,5950,1290,470,1760,2420,"VOA/HMRC Valuation Office, Non-domestic rating: stock of properties, 31 March 2025 edition"
2015,2015-16,E1233,21799393,67095,-1119,NA,-0,positional_15_16,558745,-118947,-396783,-1119,-330807,67095,NA,E07000049,2720,510,470,1050,690,"VOA/HMRC Valuation Office, Non-domestic rating: stock of properties, 31 March 2025 edition"
2015,2015-16,E1732,28286340,85469,-234433,NA,-0,positional_15_16,737723,-1143002,-192530,-234433,-341494,85469,NA,E07000085,3650,810,670,1260,910,"VOA/HMRC Valuation Office, Non-domestic rating: stock of properties, 31 March 2025 edition"
2015,2015-16,E1933,44454617,224745,-291819,NA,-0,positional_15_16,1904959,-255456,-1066767,-291819,-1133841,224745,NA,E07000242,4260,960,920,1190,1200,"VOA/HMRC Valuation Office, Non-domestic rating: stock of properties, 31 March 2025 edition"
2015,2015-16,E2532,31871132,304499,-490498,NA,-0,positional_15_16,3044678,-829680,-858000,-490498,-1043999,304499,NA,E07000137,7140,1680,510,1670,3280,"VOA/HMRC Valuation Office, Non-domestic rating: stock of properties, 31 March 2025 edition"
2015,2015-16,E2833,23197891,91957,-141147,NA,-0,positional_15_16,243493,-279626,-70967,-141147,-120157,91957,NA,E07000152,2400,570,330,780,720,"VOA/HMRC Valuation Office, Non-domestic rating: stock of properties, 31 March 2025 edition"
2015,2015-16,E2001,99797700,777783,-549598,NA,-0,positional_15_16,3715344,-2538721,-1973328,-549598,-1745143,777783,NA,E06000011,10790,2910,1380,2740,3750,"VOA/HMRC Valuation Office, Non-domestic rating: stock of properties, 31 March 2025 edition"
2015,2015-16,E3432,55791499,673406,-882739,NA,-0,positional_15_16,1977340,-911210,-458677,-882739,-668010,673406,NA,E07000193,4050,1100,680,1310,960,"VOA/HMRC Valuation Office, Non-domestic rating: stock of properties, 31 March 2025 edition"
2015,2015-16,E1432,34086231,359900,-226949,NA,-0,positional_15_16,2166677,-1369935,-603145,-226949,-470194,359900,NA,E07000061,2890,1110,410,530,840,"VOA/HMRC Valuation Office, Non-domestic rating: stock of properties, 31 March 2025 edition"
2015,2015-16,E1733,57754686,109758,-298804,NA,-0,positional_15_16,1370261,-455905,-463153,-298804,-652199,109758,NA,E07000086,3020,710,600,970,740,"VOA/HMRC Valuation Office, Non-domestic rating: stock of properties, 31 March 2025 edition"
2015,2015-16,E0935,20389232,106145,-103960,NA,-0,positional_15_16,609412,-79858,-137501,-103960,-135316,106145,NA,E07000030,3290,540,280,820,1650,"VOA/HMRC Valuation Office, Non-domestic rating: stock of properties, 31 March 2025 edition"
2015,2015-16,E3631,55963209,208861,-61861,NA,-0,positional_15_16,1166191,-806211,-482000,-61861,-335000,208861,NA,E07000207,3570,1190,800,650,920,"VOA/HMRC Valuation Office, Non-domestic rating: stock of properties, 31 March 2025 edition"
2015,2015-16,E5037,107091811,1004749,-1404104,NA,-0,positional_15_16,7940225,-4690096,-4783262,-1404104,-5182617,1004749,NA,E09000010,7060,2680,1040,1720,1620,"VOA/HMRC Valuation Office, Non-domestic rating: stock of properties, 31 March 2025 edition"
2015,2015-16,E1537,34640378,319724,-320310,NA,-0,positional_15_16,1231539,-961762,-332585,-320310,-333171,319724,NA,E07000072,3980,920,720,1380,950,"VOA/HMRC Valuation Office, Non-domestic rating: stock of properties, 31 March 2025 edition"
2015,2015-16,E3632,23703124,27647,-56763,NA,-0,positional_15_16,206418,-168195,-66226,-56763,-95342,27647,NA,E07000208,1740,600,440,220,490,"VOA/HMRC Valuation Office, Non-domestic rating: stock of properties, 31 March 2025 edition"
2015,2015-16,E1036,25531889,139083,-397083,NA,-0,positional_15_16,1299899,-450650,-538000,-397083,-796000,139083,NA,E07000036,3460,940,380,1420,720,"VOA/HMRC Valuation Office, Non-domestic rating: stock of properties, 31 March 2025 edition"
2015,2015-16,E1132,77771294,-0,40000,NA,533862,positional_15_16,1917255,-1096561,-160000,40000,-120000,0,NA,E07000041,4730,1210,1300,940,1270,"VOA/HMRC Valuation Office, Non-domestic rating: stock of properties, 31 March 2025 edition"
2015,2015-16,E1734,41627399,183129,-140595,NA,-0,positional_15_16,797879,-1150308,-316248,-140595,-273714,183129,NA,E07000087,3050,650,570,960,870,"VOA/HMRC Valuation Office, Non-domestic rating: stock of properties, 31 March 2025 edition"
2015,2015-16,E0533,26132129,11395,-188330,NA,-0,positional_15_16,1150132,-220785,-464605,-188330,-641540,11395,NA,E07000010,3030,810,400,1050,770,"VOA/HMRC Valuation Office, Non-domestic rating: stock of properties, 31 March 2025 edition"
2015,2015-16,E3532,22664005,210647,-169711,NA,-0,positional_15_16,752048,-184227,-284483,-169711,-243547,210647,NA,NA,NA,NA,NA,NA,NA,"VOA/HMRC Valuation Office, Non-domestic rating: stock of properties, 31 March 2025 edition"
2015,2015-16,E1633,11697350,136634,-290988,NA,-0,positional_15_16,612781,-193145,-159925,-290988,-314279,136634,NA,E07000080,3110,560,310,1270,960,"VOA/HMRC Valuation Office, Non-domestic rating: stock of properties, 31 March 2025 edition"
2015,2015-16,E2335,26980573,-0,-31050,NA,476943,positional_15_16,1527286,-370148,-739089,-31050,-770139,0,NA,E07000119,2720,840,450,690,730,"VOA/HMRC Valuation Office, Non-domestic rating: stock of properties, 31 March 2025 edition"
2015,2015-16,E4501,89726577,943799,-943799,NA,-0,positional_15_16,6909759,-2424497,-3165000,-943799,-3165000,943799,NA,E08000037,6600,1830,1470,2080,1230,"VOA/HMRC Valuation Office, Non-domestic rating: stock of properties, 31 March 2025 edition"
2015,2015-16,E3034,21647908,82403,-131042,NA,-0,positional_15_16,265818,-135258,-128027,-131042,-176666,82403,NA,E07000173,2460,750,310,720,680,"VOA/HMRC Valuation Office, Non-domestic rating: stock of properties, 31 March 2025 edition"
2015,2015-16,E1634,53066670,899741,-845753,NA,-284278,positional_15_16,2330682,-1062166,-1288731,-845753,-1234743,899741,NA,E07000081,4000,1060,940,1080,920,"VOA/HMRC Valuation Office, Non-domestic rating: stock of properties, 31 March 2025 edition"
2015,2015-16,E1735,16089285,102354,-213454,NA,-0,positional_15_16,1209352,-189198,-603900,-213454,-715000,102354,NA,E07000088,1920,630,190,600,500,"VOA/HMRC Valuation Office, Non-domestic rating: stock of properties, 31 March 2025 edition"
2015,2015-16,E2236,24705046,251101,504383,NA,369,positional_15_16,1650213,-189356,-1915294,504383,-1159810,251101,NA,E07000109,2270,770,310,540,660,"VOA/HMRC Valuation Office, Non-domestic rating: stock of properties, 31 March 2025 edition"
2015,2015-16,E2633,30181437,89737,-214140,NA,-0,positional_15_16,1493147,-201778,70585,-214140,-53818,89737,NA,E07000145,4740,1070,410,1110,2140,"VOA/HMRC Valuation Office, Non-domestic rating: stock of properties, 31 March 2025 edition"
2015,2015-16,E5012,70753676,677614,-690366,NA,-0,positional_15_16,3552530,-1399581,-1836818,-690366,-1849570,677614,NA,E09000011,5060,1900,740,1090,1340,"VOA/HMRC Valuation Office, Non-domestic rating: stock of properties, 31 March 2025 edition"
2015,2015-16,E3633,81843054,292069,-150300,NA,-0,positional_15_16,1974901,-3585624,-865509,-150300,-723740,292069,NA,E07000209,4440,920,1400,860,1250,"VOA/HMRC Valuation Office, Non-domestic rating: stock of properties, 31 March 2025 edition"
2015,2015-16,E5013,87215816,-0,-2064808,NA,-0,positional_15_16,22711570,-8880731,-12032282,-2064808,-14097090,0,NA,E09000012,10010,2840,2510,2730,1930,"VOA/HMRC Valuation Office, Non-domestic rating: stock of properties, 31 March 2025 edition"
2015,2015-16,E0601,57291887,-4422,-428564,NA,-0,positional_15_16,4409870,-876248,-2353675,-428564,-2786661,-4422,NA,E06000006,3550,1030,630,1180,710,"VOA/HMRC Valuation Office, Non-domestic rating: stock of properties, 31 March 2025 edition"
2015,2015-16,E2732,27313803,175804,-112510,NA,-0,positional_15_16,1183936,-314596,-269287,-112510,-205993,175804,NA,E07000164,4000,740,660,1300,1300,"VOA/HMRC Valuation Office, Non-domestic rating: stock of properties, 31 March 2025 edition"
2015,2015-16,E5014,189752425,1321941,-3001316,NA,-0,positional_15_16,22661245,-17738407,-16021708,-3001316,-17701083,1321941,NA,E09000013,9320,2780,3150,930,2470,"VOA/HMRC Valuation Office, Non-domestic rating: stock of properties, 31 March 2025 edition"
2015,2015-16,E2433,38565932,106933,-71718,NA,-0,positional_15_16,303553,-806718,-71402,-71718,-36187,106933,NA,E07000131,2890,580,670,820,820,"VOA/HMRC Valuation Office, Non-domestic rating: stock of properties, 31 March 2025 edition"
2015,2015-16,E5038,63081221,1695933,-1659726,NA,-0,positional_15_16,9207265,-8849441,-5167394,-1659726,-5131187,1695933,NA,E09000014,6880,2930,890,1740,1330,"VOA/HMRC Valuation Office, Non-domestic rating: stock of properties, 31 March 2025 edition"
2015,2015-16,E1538,46107940,87072,-480662,NA,-0,positional_15_16,2386136,-1040417,-953410,-480662,-1347000,87072,NA,E07000073,2340,540,500,790,520,"VOA/HMRC Valuation Office, Non-domestic rating: stock of properties, 31 March 2025 edition"
2015,2015-16,E2753,60922229,262358,-476740,NA,-0,positional_15_16,2224677,-750200,-1011273,-476740,-1225655,262358,NA,E07000165,7050,1560,1570,1830,2090,"VOA/HMRC Valuation Office, Non-domestic rating: stock of properties, 31 March 2025 edition"
2015,2015-16,E5039,49985524,899541,-1400809,NA,-0,positional_15_16,4000508,-419985,-2201370,-1400809,-2702638,899541,NA,E09000015,5510,2030,1700,650,1130,"VOA/HMRC Valuation Office, Non-domestic rating: stock of properties, 31 March 2025 edition"
2015,2015-16,E1736,26775754,152359,-178309,NA,-0,positional_15_16,1594695,-641693,-647323,-178309,-673273,152359,NA,E07000089,2130,510,420,560,640,"VOA/HMRC Valuation Office, Non-domestic rating: stock of properties, 31 March 2025 edition"
2015,2015-16,E0701,27932077,73629,-277674,NA,-0,positional_15_16,2228612,-4664136,-921122,-277674,-1125167,73629,NA,E06000001,2750,980,350,750,680,"VOA/HMRC Valuation Office, Non-domestic rating: stock of properties, 31 March 2025 edition"
2015,2015-16,E1433,21562461,232581,-305473,NA,5371,positional_15_16,1130098,-256392,-758308,-305473,-831200,232581,NA,E07000062,3350,1050,370,870,1060,"VOA/HMRC Valuation Office, Non-domestic rating: stock of properties, 31 March 2025 edition"
2015,2015-16,E1737,33531946,192776,0,NA,53000,positional_15_16,455387,-410721,-372848,0,-180072,192776,NA,E07000090,3250,960,500,680,1110,"VOA/HMRC Valuation Office, Non-domestic rating: stock of properties, 31 March 2025 edition"
2015,2015-16,E5040,73817683,2933515,-1617417,NA,66913,positional_15_16,3488784,-2761743,-3548444,-1617417,-2232346,2933515,NA,E09000016,5710,2240,680,1410,1390,"VOA/HMRC Valuation Office, Non-domestic rating: stock of properties, 31 March 2025 edition"
2015,2015-16,E1801,48525801,109361,-368400,NA,-0,positional_15_16,1422508,-836745,-197319,-368400,-456358,109361,NA,E06000019,7810,1670,1100,2430,2610,"VOA/HMRC Valuation Office, Non-domestic rating: stock of properties, 31 March 2025 edition"
2015,2015-16,E1934,46464371,44081,-106547,NA,-0,positional_15_16,1232840,-1775662,-299884,-106547,-362350,44081,NA,E07000098,3070,700,900,680,790,"VOA/HMRC Valuation Office, Non-domestic rating: stock of properties, 31 March 2025 edition"
2015,2015-16,E1037,24246049,333033,-76841,NA,-0,positional_15_16,1009685,-214580,-903709,-76841,-647517,333033,NA,E07000037,3430,920,360,1040,1110,"VOA/HMRC Valuation Office, Non-domestic rating: stock of properties, 31 March 2025 edition"
2015,2015-16,E5041,375239375,646335,-635846,NA,150369,positional_15_16,18136867,-7167717,-3450400,-635846,-3439911,646335,NA,E09000017,8120,3070,1740,1640,1670,"VOA/HMRC Valuation Office, Non-domestic rating: stock of properties, 31 March 2025 edition"
2015,2015-16,E2434,30619151,158778,-162903,NA,99105,positional_15_16,735656,-143265,-59674,-162903,-63799,158778,NA,E07000132,2990,690,410,1190,710,"VOA/HMRC Valuation Office, Non-domestic rating: stock of properties, 31 March 2025 edition"
2015,2015-16,E3835,41039620,153169,-464386,NA,-0,positional_15_16,2956381,-1287476,-1093373,-464386,-1404590,153169,NA,E07000227,4310,880,770,1510,1150,"VOA/HMRC Valuation Office, Non-domestic rating: stock of properties, 31 March 2025 edition"
2015,2015-16,E5042,159885385,4779845,1785820,NA,-0,positional_15_16,8598412,-10848925,-5785820,1785820,779845,4779845,NA,E09000018,7230,2030,2130,1600,1470,"VOA/HMRC Valuation Office, Non-domestic rating: stock of properties, 31 March 2025 edition"
2015,2015-16,E0551,56892360,42800,-21400,NA,-0,positional_15_16,244035,-88683,237000,-21400,258400,42800,NA,E07000011,5000,960,920,1730,1390,"VOA/HMRC Valuation Office, Non-domestic rating: stock of properties, 31 March 2025 edition"
2015,2015-16,E2336,21143664,403974,-670751,NA,-0,positional_15_16,4023332,-946442,-2256405,-670751,-2523182,403974,NA,E07000120,3320,1070,390,1160,700,"VOA/HMRC Valuation Office, Non-domestic rating: stock of properties, 31 March 2025 edition"
2015,2015-16,E3533,56683619,524236,-408665,NA,-0,positional_15_16,1188480,-191614,-812189,-408665,-696618,524236,NA,E07000202,4430,1290,1130,870,1130,"VOA/HMRC Valuation Office, Non-domestic rating: stock of properties, 31 March 2025 edition"
2015,2015-16,E2101,31642517,148797,-107610,NA,-0,positional_15_16,1266241,-587491,-509989,-107610,-468802,148797,NA,E06000046,6380,1670,480,1430,2800,"VOA/HMRC Valuation Office, Non-domestic rating: stock of properties, 31 March 2025 edition"
2015,2015-16,E4001,1560631,-0,-10413,NA,-0,positional_15_16,53295,-7883,138975,-10413,128562,0,NA,E06000053,450,50,20,90,300,"VOA/HMRC Valuation Office, Non-domestic rating: stock of properties, 31 March 2025 edition"
2015,2015-16,E5015,195795534,1981162,-1026587,NA,49046,positional_15_16,19879787,-15629423,-16252092,-1026587,-15297517,1981162,NA,E09000019,10980,2950,3940,1480,2620,"VOA/HMRC Valuation Office, Non-domestic rating: stock of properties, 31 March 2025 edition"
2015,2015-16,E5016,277454666,2106122,-1809199,NA,109688,positional_15_16,7438682,-10054381,-3205026,-1809199,-2908103,2106122,NA,E09000020,8500,2880,2440,850,2330,"VOA/HMRC Valuation Office, Non-domestic rating: stock of properties, 31 March 2025 edition"
2015,2015-16,E2834,32038357,55252,-86048,NA,-0,positional_15_16,351878,-205013,-103461,-86048,-134257,55252,NA,E07000153,2550,730,430,730,660,"VOA/HMRC Valuation Office, Non-domestic rating: stock of properties, 31 March 2025 edition"
2015,2015-16,E2634,45313876,407617,-272788,NA,-0,positional_15_16,863929,-335569,-560079,-272788,-425250,407617,NA,E07000146,5470,1200,470,1290,2510,"VOA/HMRC Valuation Office, Non-domestic rating: stock of properties, 31 March 2025 edition"
2015,2015-16,E2002,89770557,1071173,-1076244,NA,-0,positional_15_16,5427528,-1014993,-1327724,-1076244,-1332795,1071173,NA,E06000010,8830,2760,1400,2590,2070,"VOA/HMRC Valuation Office, Non-domestic rating: stock of properties, 31 March 2025 edition"
2015,2015-16,E5043,80716238,139408,-128672,NA,1829,positional_15_16,3168613,-1536732,-3885824,-128672,-3875088,139408,NA,E09000021,4820,1540,1390,760,1130,"VOA/HMRC Valuation Office, Non-domestic rating: stock of properties, 31 March 2025 edition"
2015,2015-16,E4703,102346089,1630491,-1148893,NA,-0,positional_15_16,4826006,-1253396,-3203243,-1148893,-2721645,1630491,NA,E08000034,15360,4250,2480,5420,3210,"VOA/HMRC Valuation Office, Non-domestic rating: stock of properties, 31 March 2025 edition"
2015,2015-16,E4301,42013117,-1450,-643000,NA,-0,positional_15_16,4214637,-210929,-1136641,-643000,-1781091,-1450,NA,E08000011,3220,910,450,1140,720,"VOA/HMRC Valuation Office, Non-domestic rating: stock of properties, 31 March 2025 edition"
2015,2015-16,E5017,121947034,920743,0,NA,-0,positional_15_16,5392335,-14938998,-3582912,0,-2662169,920743,NA,E09000022,8820,3050,1820,1900,2050,"VOA/HMRC Valuation Office, Non-domestic rating: stock of properties, 31 March 2025 edition"
2015,2015-16,E2337,66021585,-0,-297974,NA,164662,positional_15_16,1235451,-612410,-162696,-297974,-460670,0,NA,E07000121,5130,1490,750,1320,1570,"VOA/HMRC Valuation Office, Non-domestic rating: stock of properties, 31 March 2025 edition"
2015,2015-16,E4704,345793153,3485855,-3861281,NA,-0,positional_15_16,11887297,-8131369,-6970000,-3861281,-7345426,3485855,NA,E08000035,27550,7140,7090,6130,7190,"VOA/HMRC Valuation Office, Non-domestic rating: stock of properties, 31 March 2025 edition"
2015,2015-16,E2401,102186515,1315779,-1480200,NA,-0,positional_15_16,7637545,-1084491,-2838662,-1480200,-3003083,1315779,NA,E06000016,12110,3720,1840,4140,2410,"VOA/HMRC Valuation Office, Non-domestic rating: stock of properties, 31 March 2025 edition"
2015,2015-16,E1435,24296344,15514,-58691,NA,-0,positional_15_16,793753,-701188,-144823,-58691,-188000,15514,NA,E07000063,3240,760,530,1130,830,"VOA/HMRC Valuation Office, Non-domestic rating: stock of properties, 31 March 2025 edition"
2015,2015-16,E5018,52922041,1290700,-1332278,NA,-0,positional_15_16,4573166,-6381351,-3108204,-1332278,-3149782,1290700,NA,E09000023,6090,2700,530,1330,1530,"VOA/HMRC Valuation Office, Non-domestic rating: stock of properties, 31 March 2025 edition"
2015,2015-16,E3433,34440579,-10846,-68278,NA,-0,positional_15_16,1259054,-583875,-412212,-68278,-491336,-10846,NA,E07000194,2890,690,530,910,760,"VOA/HMRC Valuation Office, Non-domestic rating: stock of properties, 31 March 2025 edition"
2015,2015-16,E2533,42464470,306763,-317222,NA,-0,positional_15_16,894002,-1184352,-360004,-317222,-370463,306763,NA,E07000138,3390,1110,730,700,860,"VOA/HMRC Valuation Office, Non-domestic rating: stock of properties, 31 March 2025 edition"
2015,2015-16,E4302,188564384,2254,-5103516,NA,-0,positional_15_16,75974770,-10555175,-51763631,-5103516,-56864893,2254,NA,E08000012,18020,5870,3890,3500,4750,"VOA/HMRC Valuation Office, Non-domestic rating: stock of properties, 31 March 2025 edition"
2015,2015-16,E0201,67326383,1674731,-4391151,NA,-0,positional_15_16,11523498,-4002857,-4909533,-4391151,-7625953,1674731,NA,E06000032,5740,1680,1260,1440,1360,"VOA/HMRC Valuation Office, Non-domestic rating: stock of properties, 31 March 2025 edition"
2015,2015-16,E2237,58607516,1254715,-25711,NA,-0,positional_15_16,3271366,-491960,-1924317,-25711,-695313,1254715,NA,E07000110,4720,1050,1120,1310,1240,"VOA/HMRC Valuation Office, Non-domestic rating: stock of properties, 31 March 2025 edition"
2015,2015-16,E1539,14166204,40758,-72758,NA,-0,positional_15_16,821110,-440206,-328000,-72758,-360000,40758,NA,E07000074,2430,440,370,930,700,"VOA/HMRC Valuation Office, Non-domestic rating: stock of properties, 31 March 2025 edition"
2015,2015-16,E1851,12986887,63405,0,NA,-0,positional_15_16,466766,-57079,0,0,63405,63405,NA,E07000235,2790,530,470,880,920,"VOA/HMRC Valuation Office, Non-domestic rating: stock of properties, 31 March 2025 edition"
2015,2015-16,E4203,326843171,4347646,-5952658,NA,-0,positional_15_16,26127160,-16167083,-12467978,-5952658,-14072990,4347646,NA,E08000003,24690,5800,7260,4360,7270,"VOA/HMRC Valuation Office, Non-domestic rating: stock of properties, 31 March 2025 edition"
2015,2015-16,E3035,28810767,365210,-341785,NA,-0,positional_15_16,813588,-138773,-791608,-341785,-768183,365210,NA,E07000174,3080,910,530,940,700,"VOA/HMRC Valuation Office, Non-domestic rating: stock of properties, 31 March 2025 edition"
2015,2015-16,E2201,88855332,837035,-1469004,NA,-0,positional_15_16,4820087,-1919731,-2181114,-1469004,-2813083,837035,NA,E06000035,6240,1930,860,1900,1550,"VOA/HMRC Valuation Office, Non-domestic rating: stock of properties, 31 March 2025 edition"
2015,2015-16,E2436,13729329,156194,-121184,NA,-0,positional_15_16,621140,-248062,-172408,-121184,-137398,156194,NA,E07000133,1540,330,190,570,460,"VOA/HMRC Valuation Office, Non-domestic rating: stock of properties, 31 March 2025 edition"
2015,2015-16,E3331,32629372,147386,-118024,NA,-0,positional_15_16,980343,-669461,-615750,-118024,-586388,147386,NA,E07000187,4090,1030,500,1340,1220,"VOA/HMRC Valuation Office, Non-domestic rating: stock of properties, 31 March 2025 edition"
2015,2015-16,E5044,85073192,663570,-683570,NA,-0,positional_15_16,3589997,-2113015,-2273064,-683570,-2293064,663570,NA,E09000024,5390,1740,1130,1140,1390,"VOA/HMRC Valuation Office, Non-domestic rating: stock of properties, 31 March 2025 edition"
2015,2015-16,E1133,14984276,-0,-18495,NA,23208,positional_15_16,381398,-268131,-202849,-18495,-221344,0,NA,E07000042,2830,540,300,1000,1000,"VOA/HMRC Valuation Office, Non-domestic rating: stock of properties, 31 March 2025 edition"
2015,2015-16,E3534,22612360,292009,-248155,NA,-0,positional_15_16,714333,-33084,-250881,-248155,-207027,292009,NA,E07000203,3310,480,530,1230,1070,"VOA/HMRC Valuation Office, Non-domestic rating: stock of properties, 31 March 2025 edition"
2015,2015-16,E3836,43515449,168168,-258031,NA,-0,positional_15_16,2608034,-1699907,-1686426,-258031,-1776289,168168,NA,E07000228,4140,1020,970,1070,1080,"VOA/HMRC Valuation Office, Non-domestic rating: stock of properties, 31 March 2025 edition"
2015,2015-16,E0702,39632995,572528,-891667,NA,88939,positional_15_16,8753109,-3249072,-5219357,-891667,-5538496,572528,NA,E06000002,4230,1410,730,980,1110,"VOA/HMRC Valuation Office, Non-domestic rating: stock of properties, 31 March 2025 edition"
2015,2015-16,E0401,160746664,1069462,-449462,NA,-0,positional_15_16,6139563,-2409026,-4730000,-449462,-4110000,1069462,NA,E06000042,7030,1520,1920,2070,1510,"VOA/HMRC Valuation Office, Non-domestic rating: stock of properties, 31 March 2025 edition"
2015,2015-16,E3634,37863402,16473,-136473,NA,-0,positional_15_16,1827764,-2212420,-370000,-136473,-490000,16473,NA,E07000210,3230,700,930,840,760,"VOA/HMRC Valuation Office, Non-domestic rating: stock of properties, 31 March 2025 edition"
2015,2015-16,E1738,63593090,168248,-185678,NA,-0,positional_15_16,1276559,-933542,-363560,-185678,-380990,168248,NA,E07000091,6510,1580,750,1560,2630,"VOA/HMRC Valuation Office, Non-domestic rating: stock of properties, 31 March 2025 edition"
2015,2015-16,E3036,38781241,194430,-259252,NA,-0,positional_15_16,1106768,-101426,-347550,-259252,-412372,194430,NA,E07000175,3940,930,720,1200,1100,"VOA/HMRC Valuation Office, Non-domestic rating: stock of properties, 31 March 2025 edition"
2015,2015-16,E4502,151436704,3631407,-4624633,NA,-0,positional_15_16,8143785,-4948515,-1207073,-4624633,-2200299,3631407,NA,E08000021,10360,2930,3110,1600,2720,"VOA/HMRC Valuation Office, Non-domestic rating: stock of properties, 31 March 2025 edition"
2015,2015-16,E3434,33591502,355979,-358776,NA,-0,positional_15_16,2328339,-440754,-871454,-358776,-874251,355979,NA,E07000195,3330,960,550,960,870,"VOA/HMRC Valuation Office, Non-domestic rating: stock of properties, 31 March 2025 edition"
2015,2015-16,E5045,128345759,1068614,-702998,NA,-0,positional_15_16,3128049,-5354003,-2205364,-702998,-1839749,1068614,NA,E09000025,7240,3490,1060,1300,1390,"VOA/HMRC Valuation Office, Non-domestic rating: stock of properties, 31 March 2025 edition"
2015,2015-16,E1134,30904502,198409,-208904,NA,-0,positional_15_16,1360177,-2326776,-821387,-208904,-831882,198409,NA,E07000043,5210,1140,420,1160,2490,"VOA/HMRC Valuation Office, Non-domestic rating: stock of properties, 31 March 2025 edition"
2015,2015-16,E1234,12884542,54976,-71534,NA,-0,positional_15_16,689065,-61899,-336046,-71534,-352604,54976,NA,E07000050,2380,540,290,820,730,"VOA/HMRC Valuation Office, Non-domestic rating: stock of properties, 31 March 2025 edition"
2015,2015-16,E1038,16127042,106022,-152305,NA,-0,positional_15_16,640754,-104248,-160131,-152305,-206414,106022,NA,E07000038,2520,540,340,870,770,"VOA/HMRC Valuation Office, Non-domestic rating: stock of properties, 31 March 2025 edition"
2015,2015-16,E2003,68112954,2563775,-2303569,NA,-0,positional_15_16,4860951,-1568789,-2382490,-2303569,-2122284,2563775,NA,E06000012,5450,1700,650,1680,1430,"VOA/HMRC Valuation Office, Non-domestic rating: stock of properties, 31 March 2025 edition"
2015,2015-16,E1935,37713020,375507,-382381,NA,-0,positional_15_16,2022766,-863138,-122906,-382381,-129780,375507,NA,E07000099,4220,970,900,1350,1000,"VOA/HMRC Valuation Office, Non-domestic rating: stock of properties, 31 March 2025 edition"
2015,2015-16,E2534,24239787,64348,-56121,NA,-0,positional_15_16,295203,-541747,-205000,-56121,-196773,64348,NA,E07000139,3090,580,490,1130,910,"VOA/HMRC Valuation Office, Non-domestic rating: stock of properties, 31 March 2025 edition"
2015,2015-16,E2004,79016431,704577,-905477,NA,-0,positional_15_16,4510044,-1013374,-857100,-905477,-1058000,704577,NA,E06000013,5430,1440,520,1880,1590,"VOA/HMRC Valuation Office, Non-domestic rating: stock of properties, 31 March 2025 edition"
2015,2015-16,E2635,24538271,46610,-79394,NA,-0,positional_15_16,342572,-191723,-167962,-79394,-200746,46610,NA,E07000147,6430,1170,320,1170,3770,"VOA/HMRC Valuation Office, Non-domestic rating: stock of properties, 31 March 2025 edition"
2015,2015-16,E0104,69151356,613428,-123384,NA,-0,positional_15_16,12239609,-2272434,-2714717,-123384,-2224673,613428,NA,E06000024,6110,1490,1310,1700,1610,"VOA/HMRC Valuation Office, Non-domestic rating: stock of properties, 31 March 2025 edition"
2015,2015-16,E4503,57986788,2940,239940,NA,-0,positional_15_16,5397078,-1145608,184547,239940,427427,2940,NA,E08000022,5430,1770,1040,1310,1300,"VOA/HMRC Valuation Office, Non-domestic rating: stock of properties, 31 March 2025 edition"
2015,2015-16,E3731,43267563,196206,-119490,NA,-0,positional_15_16,327202,-3613,-169660,-119490,-92944,196206,NA,E07000218,2260,410,370,890,590,"VOA/HMRC Valuation Office, Non-domestic rating: stock of properties, 31 March 2025 edition"
2015,2015-16,E2437,52222386,174272,110654,NA,-0,positional_15_16,432456,-494832,-602295,110654,-317369,174272,NA,E07000134,3220,670,670,1120,770,"VOA/HMRC Valuation Office, Non-domestic rating: stock of properties, 31 March 2025 edition"
2015,2015-16,E2835,102497439,311576,-216358,NA,-311576,positional_15_16,2598899,-545562,-675361,-216358,-580143,311576,NA,E07000154,6340,1570,1540,1860,1370,"VOA/HMRC Valuation Office, Non-domestic rating: stock of properties, 31 March 2025 edition"
2015,2015-16,E2901,75721058,626270,-585861,NA,-0,positional_15_16,2723496,-1076165,-1247070,-585861,-1206661,626270,NA,E06000057,12210,2700,1500,3000,5020,"VOA/HMRC Valuation Office, Non-domestic rating: stock of properties, 31 March 2025 edition"
2015,2015-16,E2636,78371962,1237615,-885840,NA,-0,positional_15_16,2269182,-946070,-1536253,-885840,-1184478,1237615,NA,E07000148,6190,1710,1390,1360,1730,"VOA/HMRC Valuation Office, Non-domestic rating: stock of properties, 31 March 2025 edition"
2015,2015-16,E3001,126161017,680998,-688498,NA,-0,positional_15_16,9940777,-2492807,-6217050,-688498,-6224550,680998,NA,E06000018,11340,3080,2280,2970,3010,"VOA/HMRC Valuation Office, Non-domestic rating: stock of properties, 31 March 2025 edition"
2015,2015-16,E3732,34777854,208668,-190768,NA,-0,positional_15_16,997567,-172456,-353600,-190768,-335700,208668,NA,E07000219,3080,910,370,1130,680,"VOA/HMRC Valuation Office, Non-domestic rating: stock of properties, 31 March 2025 edition"
2015,2015-16,E2438,12375028,40681,-100999,NA,-0,positional_15_16,1060033,-301977,-257591,-100999,-317909,40681,NA,E07000135,1380,410,160,520,280,"VOA/HMRC Valuation Office, Non-domestic rating: stock of properties, 31 March 2025 edition"
2015,2015-16,E4204,59336981,870636,-1176303,NA,-0,positional_15_16,7916322,-1927159,-4253773,-1176303,-4559440,870636,NA,E08000004,7560,2160,1110,2470,1830,"VOA/HMRC Valuation Office, Non-domestic rating: stock of properties, 31 March 2025 edition"
2015,2015-16,E3132,88507479,-0,-276247,NA,366831,positional_15_16,3001131,-1774271,-999588,-276247,-1275835,0,NA,E07000178,4010,1320,1040,450,1210,"VOA/HMRC Valuation Office, Non-domestic rating: stock of properties, 31 March 2025 edition"
2015,2015-16,E2338,18707665,-0,-140000,NA,245866,positional_15_16,1068287,-110831,-800000,-140000,-940000,0,NA,E07000122,3570,1070,530,1250,720,"VOA/HMRC Valuation Office, Non-domestic rating: stock of properties, 31 March 2025 edition"
2015,2015-16,E0501,104259629,26137,-1107867,NA,-0,positional_15_16,11003822,-1624305,-5304360,-1107867,-6386090,26137,NA,E06000031,5670,1430,1230,1720,1290,"VOA/HMRC Valuation Office, Non-domestic rating: stock of properties, 31 March 2025 edition"
2015,2015-16,E1101,88237367,710890,-481242,NA,-0,positional_15_16,2934568,-1851449,-969921,-481242,-740273,710890,NA,E06000026,7190,2000,1360,1780,2060,"VOA/HMRC Valuation Office, Non-domestic rating: stock of properties, 31 March 2025 edition"
2015,2015-16,E1201,62923016,256838,-203684,NA,-0,positional_15_16,1117244,-702185,-485509,-203684,-432355,256838,NA,E06000029,5570,1230,690,1440,2210,"VOA/HMRC Valuation Office, Non-domestic rating: stock of properties, 31 March 2025 edition"
2015,2015-16,E1701,81716570,1271369,-897369,NA,-0,positional_15_16,4418544,-2492789,-3443000,-897369,-3069000,1271369,NA,E06000044,6000,2020,750,1310,1930,"VOA/HMRC Valuation Office, Non-domestic rating: stock of properties, 31 March 2025 edition"
2015,2015-16,E2339,68922737,1214052,-1540015,NA,-0,positional_15_16,4228872,-1103884,-2450309,-1540015,-2776272,1214052,NA,E07000123,5420,1650,1210,1390,1180,"VOA/HMRC Valuation Office, Non-domestic rating: stock of properties, 31 March 2025 edition"
2015,2015-16,E1236,14672859,144127,-225000,NA,-0,positional_15_16,467533,-129751,-162515,-225000,-243388,144127,NA,E07000051,2470,390,180,630,1280,"VOA/HMRC Valuation Office, Non-domestic rating: stock of properties, 31 March 2025 edition"
2015,2015-16,E0303,109959225,528209,-430794,NA,-0,positional_15_16,4929275,-2044517,-2549999,-430794,-2452584,528209,NA,E06000038,5100,1530,1570,920,1090,"VOA/HMRC Valuation Office, Non-domestic rating: stock of properties, 31 March 2025 edition"
2015,2015-16,E5046,53143671,605293,-1270240,NA,-0,positional_15_16,9133845,-1985949,-7411400,-1270240,-8076347,605293,NA,E09000026,6390,2610,1110,790,1880,"VOA/HMRC Valuation Office, Non-domestic rating: stock of properties, 31 March 2025 edition"
2015,2015-16,E0703,48184291,284840,-10840716,NA,-0,positional_15_16,12538250,-161230,-1479265,-10840716,-12035141,284840,NA,E06000003,3900,1200,540,1110,1050,"VOA/HMRC Valuation Office, Non-domestic rating: stock of properties, 31 March 2025 edition"
2015,2015-16,E1835,36836534,174215,-834910,NA,-0,positional_15_16,2788067,-342084,-1238828,-834910,-1899523,174215,NA,E07000236,2460,480,480,1030,460,"VOA/HMRC Valuation Office, Non-domestic rating: stock of properties, 31 March 2025 edition"
2015,2015-16,E3635,49536962,37512,-63506,NA,-0,positional_15_16,611370,-1528535,-110814,-63506,-136808,37512,NA,E07000211,3500,1100,790,730,870,"VOA/HMRC Valuation Office, Non-domestic rating: stock of properties, 31 March 2025 edition"
2015,2015-16,E2340,14677463,98648,-143648,NA,-0,positional_15_16,638935,-95928,-330000,-143648,-375000,98648,NA,E07000124,2320,530,390,690,720,"VOA/HMRC Valuation Office, Non-domestic rating: stock of properties, 31 March 2025 edition"
2015,2015-16,E5047,82545296,-0,225594,NA,1506050,positional_15_16,4127578,-2214815,-299674,225594,-74080,0,NA,E09000027,5910,2040,1850,560,1460,"VOA/HMRC Valuation Office, Non-domestic rating: stock of properties, 31 March 2025 edition"
2015,2015-16,E2734,12438068,260624,-196716,NA,-0,positional_15_16,575081,-100667,-239701,-196716,-175793,260624,NA,E07000166,2550,390,240,620,1300,"VOA/HMRC Valuation Office, Non-domestic rating: stock of properties, 31 March 2025 edition"
2015,2015-16,E4205,65965520,1271389,-574781,NA,-0,positional_15_16,2090736,-694867,-1586958,-574781,-890350,1271389,NA,E08000005,6810,2040,990,2190,1600,"VOA/HMRC Valuation Office, Non-domestic rating: stock of properties, 31 March 2025 edition"
2015,2015-16,E1540,15177013,-0,113266,NA,145908,positional_15_16,290540,-292247,-249975,113266,-136709,0,NA,E07000075,2120,540,300,750,530,"VOA/HMRC Valuation Office, Non-domestic rating: stock of properties, 31 March 2025 edition"
2015,2015-16,E2341,13303598,83743,-328522,NA,-0,positional_15_16,1076271,-86,-824606,-328522,-1069385,83743,NA,E07000125,2600,670,390,990,560,"VOA/HMRC Valuation Office, Non-domestic rating: stock of properties, 31 March 2025 edition"
2015,2015-16,E1436,17060419,-0,27868,NA,81219,positional_15_16,679738,-619147,-494967,27868,-467099,0,NA,E07000064,3850,980,350,1170,1360,"VOA/HMRC Valuation Office, Non-domestic rating: stock of properties, 31 March 2025 edition"
2015,2015-16,E4403,76408938,435791,-504427,NA,-0,positional_15_16,2827401,-189669,-482957,-504427,-551593,435791,NA,E08000018,7490,2130,1100,2470,1790,"VOA/HMRC Valuation Office, Non-domestic rating: stock of properties, 31 March 2025 edition"
2015,2015-16,E3733,45321696,235579,-227644,NA,-0,positional_15_16,1584367,-641293,-237113,-227644,-229178,235579,NA,E07000220,2950,670,530,910,840,"VOA/HMRC Valuation Office, Non-domestic rating: stock of properties, 31 March 2025 edition"
2015,2015-16,E3636,46160045,-0,339300,NA,434685,positional_15_16,911524,-498433,-968600,339300,-629300,0,NA,E07000212,2420,510,690,600,620,"VOA/HMRC Valuation Office, Non-domestic rating: stock of properties, 31 March 2025 edition"
2015,2015-16,E3038,27637952,22998,-30898,NA,-0,positional_15_16,836331,-268514,-561900,-30898,-569800,22998,NA,E07000176,2590,630,490,670,800,"VOA/HMRC Valuation Office, Non-domestic rating: stock of properties, 31 March 2025 edition"
2015,2015-16,E1740,46034136,124949,-335470,NA,-0,positional_15_16,1822909,-1057815,-553134,-335470,-763655,124949,NA,E07000092,2500,800,670,500,530,"VOA/HMRC Valuation Office, Non-domestic rating: stock of properties, 31 March 2025 edition"
2015,2015-16,E2402,10314324,36288,4875,NA,-0,positional_15_16,123268,-124632,-109409,4875,-68246,36288,NA,E06000017,1400,300,230,360,520,"VOA/HMRC Valuation Office, Non-domestic rating: stock of properties, 31 March 2025 edition"
2015,2015-16,E2755,16643644,78886,-48886,NA,-0,positional_15_16,168363,-259834,-130000,-48886,-100000,78886,NA,E07000167,2890,590,240,780,1290,"VOA/HMRC Valuation Office, Non-domestic rating: stock of properties, 31 March 2025 edition"
2015,2015-16,E4206,97566643,1984915,-4489173,NA,-0,positional_15_16,28571282,-4840954,-13130723,-4489173,-15634981,1984915,NA,E08000006,10750,2110,1820,2310,4500,"VOA/HMRC Valuation Office, Non-domestic rating: stock of properties, 31 March 2025 edition"
2015,2015-16,E4604,103014615,2260605,-2213289,NA,-0,positional_15_16,5496045,-481644,-1549063,-2213289,-1501747,2260605,NA,E08000028,10810,2830,1050,4350,2580,"VOA/HMRC Valuation Office, Non-domestic rating: stock of properties, 31 March 2025 edition"
2015,2015-16,E2736,33417355,226382,-263766,NA,-0,positional_15_16,1517906,-833463,-699756,-263766,-737140,226382,NA,E07000168,6800,1610,570,1130,3480,"VOA/HMRC Valuation Office, Non-domestic rating: stock of properties, 31 March 2025 edition"
2015,2015-16,E3332,36476122,176124,303647,NA,-0,positional_15_16,1316045,-1049780,-744688,303647,-264917,176124,NA,E07000188,3950,850,400,1300,1400,"VOA/HMRC Valuation Office, Non-domestic rating: stock of properties, 31 March 2025 edition"
2015,2015-16,E4304,72412028,1559100,-870100,NA,371351,positional_15_16,2472465,-1138170,-1559100,-870100,-870100,1559100,NA,E08000014,7950,3230,950,1860,1910,"VOA/HMRC Valuation Office, Non-domestic rating: stock of properties, 31 March 2025 edition"
2015,2015-16,E2757,44882371,484106,-329599,NA,-0,positional_15_16,1359903,-311603,-696830,-329599,-542323,484106,NA,E07000169,2540,500,390,890,760,"VOA/HMRC Valuation Office, Non-domestic rating: stock of properties, 31 March 2025 edition"
2015,2015-16,E2239,36298110,155343,-63743,NA,-0,positional_15_16,1888228,-1366847,-903800,-63743,-812200,155343,NA,E07000111,3790,840,860,1100,1000,"VOA/HMRC Valuation Office, Non-domestic rating: stock of properties, 31 March 2025 edition"
2015,2015-16,E4404,213867388,2030077,-1394077,NA,-0,positional_15_16,11672589,-3034191,-8157000,-1394077,-7521000,2030077,NA,E08000019,18280,5140,3240,5070,4840,"VOA/HMRC Valuation Office, Non-domestic rating: stock of properties, 31 March 2025 edition"
2015,2015-16,E2240,27041673,311515,-165790,NA,-0,positional_15_16,747217,-351609,-385488,-165790,-239763,311515,NA,E07000112,3720,1060,500,960,1200,"VOA/HMRC Valuation Office, Non-domestic rating: stock of properties, 31 March 2025 edition"
2015,2015-16,E3202,75926954,374691,-593618,NA,-0,positional_15_16,3272214,-2180010,-1489755,-593618,-1708682,374691,NA,E06000051,11810,2940,1570,3650,3650,"VOA/HMRC Valuation Office, Non-domestic rating: stock of properties, 31 March 2025 edition"
2015,2015-16,E0304,100334024,3064947,-2351260,NA,-0,positional_15_16,4414212,-316302,-3061537,-2351260,-2347850,3064947,NA,E06000039,3470,950,790,1030,700,"VOA/HMRC Valuation Office, Non-domestic rating: stock of properties, 31 March 2025 edition"
2015,2015-16,E4605,121731676,246116,-513708,NA,-0,positional_15_16,6981117,-2831457,-1509162,-513708,-1776754,246116,NA,E08000029,4830,1470,1540,660,1170,"VOA/HMRC Valuation Office, Non-domestic rating: stock of properties, 31 March 2025 edition"
2015,2015-16,E0434,30910197,-79248,-93752,NA,-0,positional_15_16,1305896,-429785,-343000,-93752,-516000,-79248,NA,E07000006,1960,540,440,340,650,"VOA/HMRC Valuation Office, Non-domestic rating: stock of properties, 31 March 2025 edition"
2015,2015-16,E0536,70686122,28137,-66490,NA,-0,positional_15_16,573847,-637385,-77797,-66490,-116150,28137,NA,E07000012,4710,450,1570,1490,1200,"VOA/HMRC Valuation Office, Non-domestic rating: stock of properties, 31 March 2025 edition"
2015,2015-16,E1039,23350830,255249,-90380,NA,-0,positional_15_16,1689123,-200470,-1317894,-90380,-1153025,255249,NA,E07000039,2180,480,260,780,670,"VOA/HMRC Valuation Office, Non-domestic rating: stock of properties, 31 March 2025 edition"
2015,2015-16,E0103,145962635,336608,-315500,NA,-0,positional_15_16,2862044,-2524702,-324228,-315500,-303120,336608,NA,E06000025,6460,1500,1290,2100,1580,"VOA/HMRC Valuation Office, Non-domestic rating: stock of properties, 31 March 2025 edition"
2015,2015-16,E1136,31512697,341941,-267716,NA,-0,positional_15_16,1387961,-315346,-440508,-267716,-366283,341941,NA,E07000044,5340,900,550,1350,2530,"VOA/HMRC Valuation Office, Non-domestic rating: stock of properties, 31 March 2025 edition"
2015,2015-16,E2535,25571928,-54888,-30112,NA,-0,positional_15_16,800359,-847923,-302999,-30112,-387999,-54888,NA,E07000140,2720,710,410,840,780,"VOA/HMRC Valuation Office, Non-domestic rating: stock of properties, 31 March 2025 edition"
2015,2015-16,E2536,38202175,-0,-125000,NA,-0,positional_15_16,1177310,-1165685,-450000,-125000,-575000,0,NA,E07000141,4360,1200,670,1260,1230,"VOA/HMRC Valuation Office, Non-domestic rating: stock of properties, 31 March 2025 edition"
2015,2015-16,E0936,39906401,246106,-232132,NA,-0,positional_15_16,1578383,-527519,-787432,-232132,-773458,246106,NA,E07000031,7880,1450,730,1510,4190,"VOA/HMRC Valuation Office, Non-domestic rating: stock of properties, 31 March 2025 edition"
2015,2015-16,E2637,29994215,18925,-85344,NA,-0,positional_15_16,1522685,-392898,-256475,-85344,-322894,18925,NA,E07000149,4040,720,550,1300,1460,"VOA/HMRC Valuation Office, Non-domestic rating: stock of properties, 31 March 2025 edition"
2015,2015-16,E2836,21442388,-0,-59366,NA,65540,positional_15_16,695735,-441341,-349685,-59366,-409051,0,NA,E07000155,2630,340,560,910,820,"VOA/HMRC Valuation Office, Non-domestic rating: stock of properties, 31 March 2025 edition"
2015,2015-16,E3133,43238622,84490,-409340,NA,-0,positional_15_16,2189072,-835310,-979790,-409340,-1304640,84490,NA,E07000179,4220,880,1000,1190,1150,"VOA/HMRC Valuation Office, Non-domestic rating: stock of properties, 31 March 2025 edition"
2015,2015-16,E2342,39154021,230044,-370532,NA,83130,positional_15_16,1237228,-302599,-473616,-370532,-614104,230044,NA,E07000126,2930,850,470,980,630,"VOA/HMRC Valuation Office, Non-domestic rating: stock of properties, 31 March 2025 edition"
2015,2015-16,E3334,41881980,510464,-903351,NA,-0,positional_15_16,3170063,-2557748,-1060113,-903351,-1453000,510464,NA,E07000189,5610,1200,670,1940,1810,"VOA/HMRC Valuation Office, Non-domestic rating: stock of properties, 31 March 2025 edition"
2015,2015-16,E3435,24632883,196683,-296683,NA,-0,positional_15_16,1126727,-373733,-487000,-296683,-587000,196683,NA,E07000196,2540,590,380,780,790,"VOA/HMRC Valuation Office, Non-domestic rating: stock of properties, 31 March 2025 edition"
2015,2015-16,E4504,31346377,279600,-396437,NA,-0,positional_15_16,2015554,-738806,-574946,-396437,-691783,279600,NA,E08000023,3810,1340,630,930,910,"VOA/HMRC Valuation Office, Non-domestic rating: stock of properties, 31 March 2025 edition"
2015,2015-16,E1702,103064256,580739,-990504,NA,-0,positional_15_16,4643352,-2693440,-1468593,-990504,-1878358,580739,NA,E06000045,6580,2080,1390,1390,1720,"VOA/HMRC Valuation Office, Non-domestic rating: stock of properties, 31 March 2025 edition"
2015,2015-16,E1501,45595778,408097,-503792,NA,83670,positional_15_16,2028757,-1210877,-571729,-503792,-667424,408097,NA,E06000033,5850,2240,850,1140,1620,"VOA/HMRC Valuation Office, Non-domestic rating: stock of properties, 31 March 2025 edition"
2015,2015-16,E5019,224414628,1844645,-782601,NA,-0,positional_15_16,9657220,-17453025,-4793966,-782601,-3731922,1844645,NA,E09000028,10800,2990,3220,2380,2210,"VOA/HMRC Valuation Office, Non-domestic rating: stock of properties, 31 March 2025 edition"
2015,2015-16,E3637,41967497,47620,-790000,NA,-0,positional_15_16,2004492,-1134852,-162955,-790000,-905335,47620,NA,E07000213,2470,810,500,550,620,"VOA/HMRC Valuation Office, Non-domestic rating: stock of properties, 31 March 2025 edition"
2015,2015-16,E1936,63553982,-0,-156000,NA,249337,positional_15_16,2428638,-851622,-1359000,-156000,-1515000,0,NA,E07000240,3870,990,1150,680,1050,"VOA/HMRC Valuation Office, Non-domestic rating: stock of properties, 31 March 2025 edition"
2015,2015-16,E3535,47372083,160248,-189802,NA,-0,positional_15_16,1535963,-463803,-425623,-189802,-455177,160248,NA,NA,NA,NA,NA,NA,NA,"VOA/HMRC Valuation Office, Non-domestic rating: stock of properties, 31 March 2025 edition"
2015,2015-16,E4303,51661928,516557,-858306,NA,-0,positional_15_16,4470264,-1464546,-2315835,-858306,-2657584,516557,NA,E08000013,4580,1590,660,1300,1030,"VOA/HMRC Valuation Office, Non-domestic rating: stock of properties, 31 March 2025 edition"
2015,2015-16,E3436,45864164,258293,-407561,NA,-0,positional_15_16,1778391,-176355,-876786,-407561,-1026054,258293,NA,E07000197,3990,990,750,1150,1100,"VOA/HMRC Valuation Office, Non-domestic rating: stock of properties, 31 March 2025 edition"
2015,2015-16,E3437,18603688,148402,-141868,NA,-0,positional_15_16,692851,-280495,-426002,-141868,-419468,148402,NA,E07000198,2960,760,190,940,1070,"VOA/HMRC Valuation Office, Non-domestic rating: stock of properties, 31 March 2025 edition"
2015,2015-16,E1937,48815130,1796446,-734014,NA,-0,positional_15_16,1671069,-1102376,-2425687,-734014,-1363255,1796446,NA,E07000243,2140,590,580,500,460,"VOA/HMRC Valuation Office, Non-domestic rating: stock of properties, 31 March 2025 edition"
2015,2015-16,E4207,96208244,3088243,-5486636,NA,-0,positional_15_16,11084045,-2162144,-4104893,-5486636,-6503286,3088243,NA,E08000007,10450,2820,2190,2700,2730,"VOA/HMRC Valuation Office, Non-domestic rating: stock of properties, 31 March 2025 edition"
2015,2015-16,E0704,84425345,171033,-149033,NA,-0,positional_15_16,1545429,-1247650,-1261000,-149033,-1239000,171033,NA,E06000004,5220,1500,1040,1340,1340,"VOA/HMRC Valuation Office, Non-domestic rating: stock of properties, 31 March 2025 edition"
2015,2015-16,E3401,87814479,773698,-651698,NA,-0,positional_15_16,4572194,-1771693,-3466000,-651698,-3344000,773698,NA,E06000021,8810,2700,1060,3040,2010,"VOA/HMRC Valuation Office, Non-domestic rating: stock of properties, 31 March 2025 edition"
2015,2015-16,E3734,53118652,179473,-16755,NA,566252,positional_15_16,1379647,-336227,-537847,-16755,-375129,179473,NA,E07000221,5060,1000,1060,1420,1580,"VOA/HMRC Valuation Office, Non-domestic rating: stock of properties, 31 March 2025 edition"
2015,2015-16,E1635,26169379,120705,61282,NA,-0,positional_15_16,603691,-222323,-474041,61282,-292054,120705,NA,E07000082,4000,820,690,1550,940,"VOA/HMRC Valuation Office, Non-domestic rating: stock of properties, 31 March 2025 edition"
2015,2015-16,E3536,66428036,51381,-520596,NA,-0,positional_15_16,1940186,-2706662,-463503,-520596,-932718,51381,NA,NA,NA,NA,NA,NA,NA,"VOA/HMRC Valuation Office, Non-domestic rating: stock of properties, 31 March 2025 edition"
2015,2015-16,E4505,90064364,1061853,-794360,NA,-0,positional_15_16,7197408,-782267,5664338,-794360,5931831,1061853,NA,E08000024,8060,2460,1410,2330,1870,"VOA/HMRC Valuation Office, Non-domestic rating: stock of properties, 31 March 2025 edition"
2015,2015-16,E3638,36212516,109554,-62832,NA,-0,positional_15_16,1645818,-655998,-986500,-62832,-939778,109554,NA,E07000214,2560,580,710,620,640,"VOA/HMRC Valuation Office, Non-domestic rating: stock of properties, 31 March 2025 edition"
2015,2015-16,E5048,51332689,673549,-561208,NA,-0,positional_15_16,2108081,-537658,-917761,-561208,-805420,673549,NA,E09000029,4150,1780,650,720,1000,"VOA/HMRC Valuation Office, Non-domestic rating: stock of properties, 31 March 2025 edition"
2015,2015-16,E2241,44689846,1335083,233599,NA,-0,positional_15_16,969962,-327926,-2397449,233599,-828767,1335083,NA,E07000113,4310,990,610,1450,1260,"VOA/HMRC Valuation Office, Non-domestic rating: stock of properties, 31 March 2025 edition"
2015,2015-16,E3901,110574252,1089654,-1087869,NA,-0,positional_15_16,3642054,-559936,-1276550,-1087869,-1274765,1089654,NA,E06000030,5470,1340,1390,1430,1320,"VOA/HMRC Valuation Office, Non-domestic rating: stock of properties, 31 March 2025 edition"
2015,2015-16,E4208,58976063,702768,-983267,NA,-0,positional_15_16,6934914,-2281422,-3439310,-983267,-3719809,702768,NA,E08000008,7340,2230,840,2650,1620,"VOA/HMRC Valuation Office, Non-domestic rating: stock of properties, 31 March 2025 edition"
2015,2015-16,E3439,34295615,38925,-273036,NA,-0,positional_15_16,1204623,-637651,-817680,-273036,-1051791,38925,NA,E07000199,1940,520,310,700,410,"VOA/HMRC Valuation Office, Non-domestic rating: stock of properties, 31 March 2025 edition"
2015,2015-16,E3639,20001251,127083,-123344,NA,180,positional_15_16,361221,-349850,-127083,-123344,-123344,127083,NA,E07000215,2870,620,470,990,800,"VOA/HMRC Valuation Office, Non-domestic rating: stock of properties, 31 March 2025 edition"
2015,2015-16,E3333,38608826,-0,362409,NA,258193,positional_15_16,1624810,-1086581,-690819,362409,-328410,0,NA,NA,NA,NA,NA,NA,NA,"VOA/HMRC Valuation Office, Non-domestic rating: stock of properties, 31 March 2025 edition"
2015,2015-16,E1137,31694815,52805,-52805,NA,-0,positional_15_16,833704,-546909,-400000,-52805,-400000,52805,NA,E07000045,4920,1020,550,1520,1830,"VOA/HMRC Valuation Office, Non-domestic rating: stock of properties, 31 March 2025 edition"
2015,2015-16,E3201,73338233,750613,-617613,NA,-0,positional_15_16,2725761,-1282897,-1384000,-617613,-1251000,750613,NA,E06000020,4790,1170,720,1660,1240,"VOA/HMRC Valuation Office, Non-domestic rating: stock of properties, 31 March 2025 edition"
2015,2015-16,E1542,26282865,150227,-191920,NA,-0,positional_15_16,594740,-424044,-89487,-191920,-131180,150227,NA,E07000076,8000,1270,530,1590,4610,"VOA/HMRC Valuation Office, Non-domestic rating: stock of properties, 31 March 2025 edition"
2015,2015-16,E1742,49001366,218926,-436124,NA,-0,positional_15_16,3268971,-1412204,-991168,-436124,-1208366,218926,NA,E07000093,4290,660,800,1890,950,"VOA/HMRC Valuation Office, Non-domestic rating: stock of properties, 31 March 2025 edition"
2015,2015-16,E1636,27683150,373792,-293792,NA,-0,positional_15_16,450019,-298822,-182000,-293792,-102000,373792,NA,E07000083,2820,430,560,1110,710,"VOA/HMRC Valuation Office, Non-domestic rating: stock of properties, 31 March 2025 edition"
2015,2015-16,E2242,31840376,289492,-263277,NA,-0,positional_15_16,2139783,-2744604,-1097842,-263277,-1071627,289492,NA,E07000114,4810,1570,560,1150,1520,"VOA/HMRC Valuation Office, Non-domestic rating: stock of properties, 31 March 2025 edition"
2015,2015-16,E1938,28408286,174477,-133376,NA,-0,positional_15_16,1151887,-623109,-1000664,-133376,-959563,174477,NA,E07000102,1950,440,450,460,590,"VOA/HMRC Valuation Office, Non-domestic rating: stock of properties, 31 March 2025 edition"
2015,2015-16,E1502,106131707,-0,35442,NA,296236,positional_15_16,883844,-520093,223865,35442,259307,0,NA,E06000034,4020,1200,390,1480,950,"VOA/HMRC Valuation Office, Non-domestic rating: stock of properties, 31 March 2025 edition"
2015,2015-16,E2243,55043083,281148,-131148,NA,-0,positional_15_16,1056098,-882491,-380000,-131148,-230000,281148,NA,E07000115,3590,660,970,1000,970,"VOA/HMRC Valuation Office, Non-domestic rating: stock of properties, 31 March 2025 edition"
2015,2015-16,E1102,36310249,469112,-542729,NA,-0,positional_15_16,1774738,-697074,-742492,-542729,-816109,469112,NA,E06000027,5060,1830,490,930,1810,"VOA/HMRC Valuation Office, Non-domestic rating: stock of properties, 31 March 2025 edition"
2015,2015-16,E1139,10281077,16914,-52411,NA,-0,positional_15_16,281626,-104163,-54561,-52411,-90058,16914,NA,E07000046,3590,630,190,780,1990,"VOA/HMRC Valuation Office, Non-domestic rating: stock of properties, 31 March 2025 edition"
2015,2015-16,E5020,369909153,1873730,-2063089,NA,-0,positional_15_16,14587290,-19643536,-5186074,-2063089,-5375433,1873730,NA,E09000030,15810,3250,4290,3330,4940,"VOA/HMRC Valuation Office, Non-domestic rating: stock of properties, 31 March 2025 edition"
2015,2015-16,E4209,164755080,552735,-763108,NA,-0,positional_15_16,11411130,-5605084,-7576877,-763108,-7787250,552735,NA,E08000009,9810,2250,2270,1840,3450,"VOA/HMRC Valuation Office, Non-domestic rating: stock of properties, 31 March 2025 edition"
2015,2015-16,E2244,53212779,-0,211640,NA,672542,positional_15_16,1797131,-444294,-1802670,211640,-1591030,0,NA,E07000116,4000,1180,920,900,1010,"VOA/HMRC Valuation Office, Non-domestic rating: stock of properties, 31 March 2025 edition"
2015,2015-16,E1544,43932317,17465,-147890,NA,-0,positional_15_16,2273090,-436161,-432128,-147890,-562553,17465,NA,E07000077,3090,490,780,940,880,"VOA/HMRC Valuation Office, Non-domestic rating: stock of properties, 31 March 2025 edition"
2015,2015-16,E3134,53291406,32913,-242223,NA,-0,positional_15_16,1762744,-896683,-788080,-242223,-997390,32913,NA,E07000180,3850,660,1220,1000,970,"VOA/HMRC Valuation Office, Non-domestic rating: stock of properties, 31 March 2025 edition"
2015,2015-16,E4705,116083699,872511,-872511,NA,-0,positional_15_16,1763596,-1029576,-1020000,-872511,-1020000,872511,NA,E08000036,10660,3250,1820,3020,2570,"VOA/HMRC Valuation Office, Non-domestic rating: stock of properties, 31 March 2025 edition"
2015,2015-16,E4606,66752706,-0,-213043,NA,748964,positional_15_16,6200211,-1621662,-2940241,-213043,-3153284,0,NA,E08000030,8280,2390,1080,2910,1900,"VOA/HMRC Valuation Office, Non-domestic rating: stock of properties, 31 March 2025 edition"
2015,2015-16,E5049,56349150,1487591,-261366,NA,11138,positional_15_16,4653958,-2154960,-2008626,-261366,-782401,1487591,NA,E09000031,6610,2910,780,1530,1400,"VOA/HMRC Valuation Office, Non-domestic rating: stock of properties, 31 March 2025 edition"
2015,2015-16,E5021,98223612,305740,-383740,NA,-0,positional_15_16,4398010,-3601246,-2197000,-383740,-2275000,305740,NA,E09000032,8840,3010,1890,1810,2120,"VOA/HMRC Valuation Office, Non-domestic rating: stock of properties, 31 March 2025 edition"
2015,2015-16,E0602,110222654,-0,1588525,NA,1359219,positional_15_16,12499298,-1549069,-6368905,1588525,-4780380,0,NA,E06000007,6580,1700,1640,1860,1390,"VOA/HMRC Valuation Office, Non-domestic rating: stock of properties, 31 March 2025 edition"
2015,2015-16,E3735,68221348,345737,-345737,NA,-0,positional_15_16,1120753,-474244,-500000,-345737,-500000,345737,NA,E07000222,4650,1310,1270,950,1120,"VOA/HMRC Valuation Office, Non-domestic rating: stock of properties, 31 March 2025 edition"
2015,2015-16,E1939,66640854,658618,118728,NA,-0,positional_15_16,2658227,-1168883,-2149441,118728,-1372095,658618,NA,E07000103,3220,1160,700,750,610,"VOA/HMRC Valuation Office, Non-domestic rating: stock of properties, 31 March 2025 edition"
2015,2015-16,E3537,26831725,82899,-252174,NA,-0,positional_15_16,1416999,-670789,-663082,-252174,-832357,82899,NA,NA,NA,NA,NA,NA,NA,"VOA/HMRC Valuation Office, Non-domestic rating: stock of properties, 31 March 2025 edition"
2015,2015-16,E3640,35791560,261980,-286980,NA,-0,positional_15_16,2068743,-519065,-425000,-286980,-450000,261980,NA,E07000216,3940,1030,1060,880,970,"VOA/HMRC Valuation Office, Non-domestic rating: stock of properties, 31 March 2025 edition"
2015,2015-16,E1437,30275866,181075,-480492,NA,-0,positional_15_16,1730968,-350419,-466066,-480492,-765483,181075,NA,E07000065,5380,1120,770,2000,1490,"VOA/HMRC Valuation Office, Non-domestic rating: stock of properties, 31 March 2025 edition"
2015,2015-16,E2837,28960979,21732,-18532,NA,-0,positional_15_16,434953,-367405,-166020,-18532,-162820,21732,NA,E07000156,2580,560,360,1090,580,"VOA/HMRC Valuation Office, Non-domestic rating: stock of properties, 31 March 2025 edition"
2015,2015-16,E1940,58752053,88645,-91235,NA,67587,positional_15_16,498638,-207001,-156232,-91235,-158822,88645,NA,E07000241,2850,670,700,780,700,"VOA/HMRC Valuation Office, Non-domestic rating: stock of properties, 31 March 2025 edition"
2015,2015-16,E0302,78818945,205914,0,NA,-0,positional_15_16,2451597,-1646510,-750000,0,-544086,205914,NA,E06000037,5240,890,1600,1470,1280,"VOA/HMRC Valuation Office, Non-domestic rating: stock of properties, 31 March 2025 edition"
2015,2015-16,E1140,10545094,48836,-68147,NA,-0,positional_15_16,648883,-252805,-222768,-68147,-242079,48836,NA,E07000047,2250,510,250,580,920,"VOA/HMRC Valuation Office, Non-domestic rating: stock of properties, 31 March 2025 edition"
2015,2015-16,E1237,29730229,632385,5615,NA,-0,positional_15_16,1596616,-634133,-1574000,5615,-936000,632385,NA,E07000052,5420,1110,660,1650,2010,"VOA/HMRC Valuation Office, Non-domestic rating: stock of properties, 31 March 2025 edition"
2015,2015-16,E2343,31671055,801688,-481081,NA,-0,positional_15_16,3767074,-1066643,-1497265,-481081,-1176658,801688,NA,E07000127,3170,730,470,1070,900,"VOA/HMRC Valuation Office, Non-domestic rating: stock of properties, 31 March 2025 edition"
2015,2015-16,E2537,15148509,84592,-104253,NA,-0,positional_15_16,143939,-367573,-305567,-104253,-325228,84592,NA,E07000142,2750,610,360,880,900,"VOA/HMRC Valuation Office, Non-domestic rating: stock of properties, 31 March 2025 edition"
2015,2015-16,E3135,31785750,67299,100972,NA,-0,positional_15_16,735611,-225268,-411076,100972,-242805,67299,NA,E07000181,3840,730,890,1180,1040,"VOA/HMRC Valuation Office, Non-domestic rating: stock of properties, 31 March 2025 edition"
2015,2015-16,E3335,8761613,26987,-81987,NA,-0,positional_15_16,585651,-255969,-85000,-81987,-140000,26987,NA,NA,NA,NA,NA,NA,NA,"VOA/HMRC Valuation Office, Non-domestic rating: stock of properties, 31 March 2025 edition"
2015,2015-16,E5022,1747729199,-0,200000,NA,12170610,positional_15_16,47390310,-116186196,-30999645,200000,-30799645,0,NA,E09000033,35550,6730,18270,1190,9370,"VOA/HMRC Valuation Office, Non-domestic rating: stock of properties, 31 March 2025 edition"
2015,2015-16,E1238,17181720,293603,-242603,NA,-0,positional_15_16,1819416,-131752,-1754000,-242603,-1703000,293603,NA,E07000053,2730,700,160,460,1420,"VOA/HMRC Valuation Office, Non-domestic rating: stock of properties, 31 March 2025 edition"
2015,2015-16,E4210,78870617,1346746,-1922467,NA,-0,positional_15_16,5987769,-354817,-5395801,-1922467,-5971522,1346746,NA,E08000010,9310,2950,1220,2670,2470,"VOA/HMRC Valuation Office, Non-domestic rating: stock of properties, 31 March 2025 edition"
2015,2015-16,E3902,142729230,1124395,-1019095,NA,-0,positional_15_16,4929315,-2099145,-835700,-1019095,-730400,1124395,NA,E06000054,14700,3230,2580,4780,4110,"VOA/HMRC Valuation Office, Non-domestic rating: stock of properties, 31 March 2025 edition"
2015,2015-16,E1743,56551606,97133,-235362,NA,-0,positional_15_16,2445536,-1114402,-1330236,-235362,-1468465,97133,NA,E07000094,4400,790,1080,1300,1230,"VOA/HMRC Valuation Office, Non-domestic rating: stock of properties, 31 March 2025 edition"
2015,2015-16,E0305,78708125,1021613,-221613,NA,-0,positional_15_16,3170430,-1324254,-1783509,-221613,-983509,1021613,NA,E06000040,4720,1320,1390,800,1220,"VOA/HMRC Valuation Office, Non-domestic rating: stock of properties, 31 March 2025 edition"
2015,2015-16,E4305,70412558,1459390,-1274232,NA,-0,positional_15_16,5342958,-873842,-3499354,-1274232,-3314196,1459390,NA,E08000015,8220,3560,980,1890,1790,"VOA/HMRC Valuation Office, Non-domestic rating: stock of properties, 31 March 2025 edition"
2015,2015-16,E3641,48672608,-0,-130000,NA,-109538,positional_15_16,2690707,-999555,-901000,-130000,-1031000,0,NA,E07000217,2670,790,770,490,620,"VOA/HMRC Valuation Office, Non-domestic rating: stock of properties, 31 March 2025 edition"
2015,2015-16,E0306,57414282,195424,-500000,NA,-0,positional_15_16,2843083,-2284738,-541791,-500000,-846367,195424,NA,E06000041,3750,560,1150,1160,880,"VOA/HMRC Valuation Office, Non-domestic rating: stock of properties, 31 March 2025 edition"
2015,2015-16,E4607,75645889,415262,-1364303,NA,-0,positional_15_16,7642848,-1583902,-2485781,-1364303,-3434822,415262,NA,E08000031,8310,2430,1360,2840,1680,"VOA/HMRC Valuation Office, Non-domestic rating: stock of properties, 31 March 2025 edition"
2015,2015-16,E1837,37829324,294768,-294768,NA,157042,positional_15_16,759896,-285172,-294768,-294768,-294768,294768,NA,E07000237,3110,1040,660,690,720,"VOA/HMRC Valuation Office, Non-domestic rating: stock of properties, 31 March 2025 edition"
2015,2015-16,E3837,31564907,24647,-290382,NA,-0,positional_15_16,822187,-472008,-864677,-290382,-1130412,24647,NA,E07000229,3160,1300,490,480,890,"VOA/HMRC Valuation Office, Non-domestic rating: stock of properties, 31 March 2025 edition"
2015,2015-16,E1838,36003209,195000,-195000,NA,112461,positional_15_16,796607,-460384,-195000,-195000,-195000,195000,NA,E07000238,4630,910,800,1540,1380,"VOA/HMRC Valuation Office, Non-domestic rating: stock of properties, 31 March 2025 edition"
2015,2015-16,E0435,72084276,496299,-502999,NA,1756735,positional_15_16,3880932,-2829659,-2183015,-502999,-2189715,496299,NA,E07000007,5080,1180,1320,1480,1100,"VOA/HMRC Valuation Office, Non-domestic rating: stock of properties, 31 March 2025 edition"
2015,2015-16,E2344,25397353,108040,-405489,NA,-0,positional_15_16,1171381,-2016599,-392314,-405489,-689763,108040,NA,E07000128,3890,1210,360,1140,1180,"VOA/HMRC Valuation Office, Non-domestic rating: stock of properties, 31 March 2025 edition"
2015,2015-16,E1839,28357004,313601,-313601,NA,22641,positional_15_16,2493423,-167659,-1269954,-313601,-1269954,313601,NA,E07000239,3300,760,550,970,1020,"VOA/HMRC Valuation Office, Non-domestic rating: stock of properties, 31 March 2025 edition"
2015,2015-16,E2701,101440251,791994,-369341,NA,-0,positional_15_16,3682735,-1332057,-2334240,-369341,-1911587,791994,NA,E06000014,6420,1830,1500,1220,1870,"VOA/HMRC Valuation Office, Non-domestic rating: stock of properties, 31 March 2025 edition"
2016,2016-17,E3831,18673625,145119,-17544,NA,-0,positional_16_17,427907,-1140850,-480391,-17544,-352816,145119,NA,E07000223,2170,480,260,590,840,"VOA/HMRC Valuation Office, Non-domestic rating: stock of properties, 31 March 2025 edition"
2016,2016-17,E0931,27655386,253633,-168176,NA,-0,positional_16_17,793063,-186661,-452488,-168176,-367031,253633,NA,E07000026,4830,1050,390,1140,2260,"VOA/HMRC Valuation Office, Non-domestic rating: stock of properties, 31 March 2025 edition"
2016,2016-17,E1031,30357307,174553,-147597,NA,-0,positional_16_17,373044,-1147822,-400000,-147597,-373044,174553,NA,E07000032,3770,1050,520,1230,960,"VOA/HMRC Valuation Office, Non-domestic rating: stock of properties, 31 March 2025 edition"
2016,2016-17,E3832,37622453,267000,-309000,NA,5914,positional_16_17,822836,-344241,-267000,-309000,-309000,267000,NA,E07000224,4520,1370,390,1380,1380,"VOA/HMRC Valuation Office, Non-domestic rating: stock of properties, 31 March 2025 edition"
2016,2016-17,E3031,36595516,309427,-242944,NA,-0,positional_16_17,1366811,-214831,-734259,-242944,-667776,309427,NA,E07000170,3140,990,360,1090,690,"VOA/HMRC Valuation Office, Non-domestic rating: stock of properties, 31 March 2025 edition"
2016,2016-17,E2231,47203994,286856,235520,NA,-0,positional_16_17,138972,-255031,-783154,235520,-260778,286856,NA,E07000105,4300,880,870,1360,1200,"VOA/HMRC Valuation Office, Non-domestic rating: stock of properties, 31 March 2025 edition"
2016,2016-17,E0431,52325508,-0,0,NA,74131,positional_16_17,204693,-1192487,0,0,0,0,NA,E07000004,5100,890,930,1940,1340,"VOA/HMRC Valuation Office, Non-domestic rating: stock of properties, 31 March 2025 edition"
2016,2016-17,E3531,23423964,57570,0,NA,-0,positional_16_17,397801,-475061,-384195,0,-326625,57570,NA,E07000200,3330,600,550,1180,1010,"VOA/HMRC Valuation Office, Non-domestic rating: stock of properties, 31 March 2025 edition"
2016,2016-17,E5030,56569207,-0,-437000,NA,96006,positional_16_17,5345972,-1106263,-4739000,-437000,-5176000,0,NA,E09000002,4300,1430,680,1210,980,"VOA/HMRC Valuation Office, Non-domestic rating: stock of properties, 31 March 2025 edition"
2016,2016-17,E5031,110181841,2431882,-1761688,NA,-0,positional_16_17,10470076,-4847863,1249424,-1761688,1919618,2431882,NA,E09000003,8650,3490,2360,860,1950,"VOA/HMRC Valuation Office, Non-domestic rating: stock of properties, 31 March 2025 edition"
2016,2016-17,E4401,56106809,906978,-579684,NA,-0,positional_16_17,2773995,-1918203,-1872137,-579684,-1544843,906978,NA,E08000016,6770,2060,950,2210,1540,"VOA/HMRC Valuation Office, Non-domestic rating: stock of properties, 31 March 2025 edition"
2016,2016-17,E0932,23500850,93265,-316427,NA,-0,positional_16_17,1459430,-1123072,-1019570,-316427,-1242732,93265,NA,E07000027,2320,720,290,580,730,"VOA/HMRC Valuation Office, Non-domestic rating: stock of properties, 31 March 2025 edition"
2016,2016-17,E1531,83750263,111997,-355297,NA,-0,positional_16_17,3097956,-1103355,-989700,-355297,-1233000,111997,NA,E07000066,4780,1030,830,1910,1010,"VOA/HMRC Valuation Office, Non-domestic rating: stock of properties, 31 March 2025 edition"
2016,2016-17,E1731,75069821,254487,-164487,NA,-0,positional_16_17,1799878,-1995400,-525001,-164487,-435001,254487,NA,E07000084,4170,760,1210,1120,1090,"VOA/HMRC Valuation Office, Non-domestic rating: stock of properties, 31 March 2025 edition"
2016,2016-17,E3032,51131177,-4009,-62327,NA,-0,positional_16_17,2206792,-876882,-800816,-62327,-867152,-4009,NA,E07000171,3980,980,620,1270,1110,"VOA/HMRC Valuation Office, Non-domestic rating: stock of properties, 31 March 2025 edition"
2016,2016-17,E0101,62931587,734050,-465511,NA,504956,positional_16_17,1895114,-2086122,-734050,-465511,-465511,734050,NA,E06000022,5910,1730,1110,1450,1620,"VOA/HMRC Valuation Office, Non-domestic rating: stock of properties, 31 March 2025 edition"
2016,2016-17,E0202,69036366,254880,-716000,NA,-0,positional_16_17,3207041,-898353,-1958495,-716000,-2419615,254880,NA,E06000055,5160,1130,980,1610,1440,"VOA/HMRC Valuation Office, Non-domestic rating: stock of properties, 31 March 2025 edition"
2016,2016-17,E5032,73262633,-0,50000,NA,624618,positional_16_17,1767267,-2782104,-1697000,50000,-1647000,0,NA,E09000004,5350,1850,510,1550,1440,"VOA/HMRC Valuation Office, Non-domestic rating: stock of properties, 31 March 2025 edition"
2016,2016-17,E4601,429422975,10758570,-8605278,NA,-0,positional_16_17,95231971,-19651025,-55347717,-8605278,-53194425,10758570,NA,E08000025,46630,10860,7720,9820,18230,"VOA/HMRC Valuation Office, Non-domestic rating: stock of properties, 31 March 2025 edition"
2016,2016-17,E2431,43597965,-0,490020,NA,975896,positional_16_17,965553,-1176701,-699171,490020,-209151,0,NA,E07000129,2170,420,490,690,570,"VOA/HMRC Valuation Office, Non-domestic rating: stock of properties, 31 March 2025 edition"
2016,2016-17,E2301,48691393,308805,-661805,NA,-0,positional_16_17,3273644,-943236,-1583000,-661805,-1936000,308805,NA,E06000008,6430,1770,1250,2180,1230,"VOA/HMRC Valuation Office, Non-domestic rating: stock of properties, 31 March 2025 edition"
2016,2016-17,E2302,53642062,1155977,-1552441,NA,-0,positional_16_17,5987416,-116778,-1873536,-1552441,-2270000,1155977,NA,E06000009,6800,2380,790,1100,2540,"VOA/HMRC Valuation Office, Non-domestic rating: stock of properties, 31 March 2025 edition"
2016,2016-17,E1032,26270073,-0,169991,NA,55895,positional_16_17,292077,-815803,-333449,169991,-163458,0,NA,E07000033,2380,590,360,890,540,"VOA/HMRC Valuation Office, Non-domestic rating: stock of properties, 31 March 2025 edition"
2016,2016-17,E4201,89189849,2047592,-2071912,NA,-0,positional_16_17,7262035,-1822941,-4311854,-2071912,-4336174,2047592,NA,E08000001,9640,2830,1570,2670,2570,"VOA/HMRC Valuation Office, Non-domestic rating: stock of properties, 31 March 2025 edition"
2016,2016-17,E2531,20530677,172609,-238217,NA,28295,positional_16_17,592087,-887310,-172609,-238217,-238217,172609,NA,E07000136,2240,560,330,720,630,"VOA/HMRC Valuation Office, Non-domestic rating: stock of properties, 31 March 2025 edition"
2016,2016-17,E1202,67808842,110660,-188352,NA,-0,positional_16_17,3742481,-521775,-1836367,-188352,-1914059,110660,NA,E06000028,7380,2500,930,590,3350,"VOA/HMRC Valuation Office, Non-domestic rating: stock of properties, 31 March 2025 edition"
2016,2016-17,E0301,70521336,-0,-257600,NA,377388,positional_16_17,2344110,-3746017,-645800,-257600,-903400,0,NA,E06000036,2400,520,850,430,600,"VOA/HMRC Valuation Office, Non-domestic rating: stock of properties, 31 March 2025 edition"
2016,2016-17,E4701,143883375,3976688,-2798260,NA,-0,positional_16_17,9638103,-1262603,-6127695,-2798260,-4949267,3976688,NA,E08000032,18620,5890,3330,5580,3820,"VOA/HMRC Valuation Office, Non-domestic rating: stock of properties, 31 March 2025 edition"
2016,2016-17,E1532,42512954,232388,-150785,NA,-0,positional_16_17,614373,-476087,-219945,-150785,-138342,232388,NA,E07000067,4770,1000,770,1840,1160,"VOA/HMRC Valuation Office, Non-domestic rating: stock of properties, 31 March 2025 edition"
2016,2016-17,E2631,30184441,217850,-232478,NA,-0,positional_16_17,1412640,-350911,-429943,-232478,-444571,217850,NA,E07000143,4180,880,390,1560,1350,"VOA/HMRC Valuation Office, Non-domestic rating: stock of properties, 31 March 2025 edition"
2016,2016-17,E5033,123761524,1807064,-968857,NA,-0,positional_16_17,8398505,-6108751,-1936774,-968857,-1098567,1807064,NA,E09000005,8550,3050,1590,2510,1400,"VOA/HMRC Valuation Office, Non-domestic rating: stock of properties, 31 March 2025 edition"
2016,2016-17,E1533,31719937,734618,-422929,NA,-0,positional_16_17,2689187,-766609,-1526733,-422929,-1215044,734618,NA,E07000068,2320,600,590,550,580,"VOA/HMRC Valuation Office, Non-domestic rating: stock of properties, 31 March 2025 edition"
2016,2016-17,E1401,110297348,413139,-863419,NA,125225,positional_16_17,5271833,-4919474,-1641100,-863419,-2091380,413139,NA,E06000043,10030,3300,2050,1420,3250,"VOA/HMRC Valuation Office, Non-domestic rating: stock of properties, 31 March 2025 edition"
2016,2016-17,E0102,219805763,1545000,-2041185,NA,468165,positional_16_17,4263960,-2937074,-1652000,-2041185,-2148185,1545000,NA,E06000023,15800,4650,4040,3670,3440,"VOA/HMRC Valuation Office, Non-domestic rating: stock of properties, 31 March 2025 edition"
2016,2016-17,E2632,30352116,143798,-157517,NA,-0,positional_16_17,338980,-699513,-142833,-157517,-156552,143798,NA,E07000144,3480,560,410,1240,1280,"VOA/HMRC Valuation Office, Non-domestic rating: stock of properties, 31 March 2025 edition"
2016,2016-17,E5034,86081051,260048,-194048,NA,-0,positional_16_17,2120477,-4259571,-820258,-194048,-754258,260048,NA,E09000006,7250,2940,1320,1010,1990,"VOA/HMRC Valuation Office, Non-domestic rating: stock of properties, 31 March 2025 edition"
2016,2016-17,E1831,27893633,133364,-473783,NA,-0,positional_16_17,2149381,-554352,-637592,-473783,-978011,133364,NA,E07000234,3030,610,740,910,770,"VOA/HMRC Valuation Office, Non-domestic rating: stock of properties, 31 March 2025 edition"
2016,2016-17,E1931,40130750,-0,-297621,NA,-0,positional_16_17,3299773,-982218,48185,-297621,-249436,0,NA,E07000095,2280,730,300,750,510,"VOA/HMRC Valuation Office, Non-domestic rating: stock of properties, 31 March 2025 edition"
2016,2016-17,E3033,24644155,74622,-153622,NA,-0,positional_16_17,1202659,-602981,-637000,-153622,-716000,74622,NA,E07000172,2570,900,360,700,610,"VOA/HMRC Valuation Office, Non-domestic rating: stock of properties, 31 March 2025 edition"
2016,2016-17,E2333,29967611,481603,-423528,NA,-0,positional_16_17,1674209,-312768,-1359925,-423528,-1301850,481603,NA,E07000117,3840,1140,730,1140,830,"VOA/HMRC Valuation Office, Non-domestic rating: stock of properties, 31 March 2025 edition"
2016,2016-17,E4202,51992636,3687850,-2007031,NA,-0,positional_16_17,7600201,-1397470,-5449957,-2007031,-3769138,3687850,NA,E08000002,5920,1800,1120,1600,1410,"VOA/HMRC Valuation Office, Non-domestic rating: stock of properties, 31 March 2025 edition"
2016,2016-17,E4702,59431231,1772334,-1001923,NA,-0,positional_16_17,4996297,-1768326,-3533369,-1001923,-2762958,1772334,NA,E08000033,9130,2230,1540,3350,2000,"VOA/HMRC Valuation Office, Non-domestic rating: stock of properties, 31 March 2025 edition"
2016,2016-17,E0531,99494437,414048,-109653,NA,-0,positional_16_17,1355649,-2446499,-975677,-109653,-671282,414048,NA,E07000008,4040,1190,1190,510,1160,"VOA/HMRC Valuation Office, Non-domestic rating: stock of properties, 31 March 2025 edition"
2016,2016-17,E5011,511053967,-192673,-4435879,NA,-0,positional_16_17,10434670,-6692463,-3297106,-4435879,-7925658,-192673,NA,E09000007,16850,3700,7050,1300,4800,"VOA/HMRC Valuation Office, Non-domestic rating: stock of properties, 31 March 2025 edition"
2016,2016-17,E3431,35552422,301763,-32684,NA,-0,positional_16_17,1821678,-337633,-1600620,-32684,-1331541,301763,NA,E07000192,3230,950,500,1200,580,"VOA/HMRC Valuation Office, Non-domestic rating: stock of properties, 31 March 2025 edition"
2016,2016-17,E2232,54154673,492212,-709653,NA,-0,positional_16_17,1483816,-1256124,-348907,-709653,-566348,492212,NA,E07000106,5610,1350,790,1130,2350,"VOA/HMRC Valuation Office, Non-domestic rating: stock of properties, 31 March 2025 edition"
2016,2016-17,E0933,44175326,102543,-81445,NA,-0,positional_16_17,1126393,-889827,-362010,-81445,-340912,102543,NA,E07000028,4380,1030,750,1280,1330,"VOA/HMRC Valuation Office, Non-domestic rating: stock of properties, 31 March 2025 edition"
2016,2016-17,E1534,14804856,87931,-93950,NA,-0,positional_16_17,240677,-298808,-137509,-93950,-143528,87931,NA,E07000069,2010,660,200,650,500,"VOA/HMRC Valuation Office, Non-domestic rating: stock of properties, 31 March 2025 edition"
2016,2016-17,E0203,85200060,691575,-546024,NA,105491,positional_16_17,3544924,-587695,-586084,-546024,-440533,691575,NA,E06000056,7030,1480,1300,2360,1890,"VOA/HMRC Valuation Office, Non-domestic rating: stock of properties, 31 March 2025 edition"
2016,2016-17,E2432,45860783,290538,-239548,NA,-0,positional_16_17,860016,-607343,-349031,-239548,-298041,290538,NA,E07000130,4620,1270,620,1610,1110,"VOA/HMRC Valuation Office, Non-domestic rating: stock of properties, 31 March 2025 edition"
2016,2016-17,E1535,79261260,-0,74169,NA,1105524,positional_16_17,2929075,-1985982,-948044,74169,-873875,0,NA,E07000070,4830,1070,1120,1510,1130,"VOA/HMRC Valuation Office, Non-domestic rating: stock of properties, 31 March 2025 edition"
2016,2016-17,E1631,54756699,303912,-246841,NA,-0,positional_16_17,1139011,-4937533,-483035,-246841,-425964,303912,NA,E07000078,4000,1170,1290,770,780,"VOA/HMRC Valuation Office, Non-domestic rating: stock of properties, 31 March 2025 edition"
2016,2016-17,E3131,74621790,-0,23191,NA,343538,positional_16_17,973499,-2000326,-255498,23191,-232307,0,NA,E07000177,4700,1090,1100,1320,1180,"VOA/HMRC Valuation Office, Non-domestic rating: stock of properties, 31 March 2025 edition"
2016,2016-17,E0603,146475571,1836970,-1496665,NA,-0,positional_16_17,6632131,-579611,-2139392,-1496665,-1799087,1836970,NA,E06000049,13450,3480,3100,3350,3520,"VOA/HMRC Valuation Office, Non-domestic rating: stock of properties, 31 March 2025 edition"
2016,2016-17,E0604,167309366,795694,-1004410,NA,-0,positional_16_17,4407865,-4470983,-2745047,-1004410,-2953763,795694,NA,E06000050,10930,3350,2320,2500,2760,"VOA/HMRC Valuation Office, Non-domestic rating: stock of properties, 31 March 2025 edition"
2016,2016-17,E1033,37630410,452651,-513486,NA,-0,positional_16_17,966325,-841910,-635266,-513486,-696101,452651,NA,E07000034,4070,1030,750,1500,800,"VOA/HMRC Valuation Office, Non-domestic rating: stock of properties, 31 March 2025 edition"
2016,2016-17,E3833,44889277,82696,-300000,NA,-0,positional_16_17,1781490,-986733,-679550,-300000,-896854,82696,NA,E07000225,4810,1040,670,1420,1690,"VOA/HMRC Valuation Office, Non-domestic rating: stock of properties, 31 March 2025 edition"
2016,2016-17,E0432,20439432,89147,7778,NA,-0,positional_16_17,588308,-690079,-413734,7778,-316809,89147,NA,E07000005,2640,700,670,570,710,"VOA/HMRC Valuation Office, Non-domestic rating: stock of properties, 31 March 2025 edition"
2016,2016-17,E2334,29076539,312332,-100299,NA,-0,positional_16_17,988073,-707942,-884215,-100299,-672182,312332,NA,E07000118,3420,900,620,1010,890,"VOA/HMRC Valuation Office, Non-domestic rating: stock of properties, 31 March 2025 edition"
2016,2016-17,E1232,19246091,82655,-72500,NA,-0,positional_16_17,510530,-229401,-300707,-72500,-290552,82655,NA,E07000048,1820,500,260,470,590,"VOA/HMRC Valuation Office, Non-domestic rating: stock of properties, 31 March 2025 edition"
2016,2016-17,E5010,902837837,993667,-417861,NA,-0,positional_16_17,17955125,-69304803,-10674643,-417861,-10098837,993667,NA,E09000001,18320,1310,11320,1930,3770,"VOA/HMRC Valuation Office, Non-domestic rating: stock of properties, 31 March 2025 edition"
2016,2016-17,E1536,64363077,314795,-658490,NA,-0,positional_16_17,2807195,-1952951,-961264,-658490,-1304959,314795,NA,E07000071,5600,1250,1140,1310,1910,"VOA/HMRC Valuation Office, Non-domestic rating: stock of properties, 31 March 2025 edition"
2016,2016-17,E0934,42795255,18390,-43390,NA,-0,positional_16_17,790422,-2143420,-150000,-43390,-175000,18390,NA,E07000029,2380,550,310,560,960,"VOA/HMRC Valuation Office, Non-domestic rating: stock of properties, 31 March 2025 edition"
2016,2016-17,E2831,34868583,214713,-184075,NA,-0,positional_16_17,2570345,-689290,-888459,-184075,-857821,214713,NA,E07000150,1860,380,290,790,400,"VOA/HMRC Valuation Office, Non-domestic rating: stock of properties, 31 March 2025 edition"
2016,2016-17,E0801,158090880,1178946,-735900,NA,-0,positional_16_17,6619843,-4411763,-2907810,-735900,-2464764,1178946,NA,E06000052,29640,5790,2530,6990,14320,"VOA/HMRC Valuation Office, Non-domestic rating: stock of properties, 31 March 2025 edition"
2016,2016-17,E1632,31062427,94015,-175190,NA,-0,positional_16_17,1142343,-252437,-210950,-175190,-292125,94015,NA,E07000079,4500,920,720,1310,1560,"VOA/HMRC Valuation Office, Non-domestic rating: stock of properties, 31 March 2025 edition"
2016,2016-17,E4602,123104630,998264,-666178,NA,-0,positional_16_17,5547447,-2470555,-3043692,-666178,-2711606,998264,NA,E08000026,8320,2610,1640,2200,1880,"VOA/HMRC Valuation Office, Non-domestic rating: stock of properties, 31 March 2025 edition"
2016,2016-17,E2731,18446226,120375,-125425,NA,-0,positional_16_17,374729,-157382,-133700,-125425,-138750,120375,NA,E07000163,3140,710,380,780,1270,"VOA/HMRC Valuation Office, Non-domestic rating: stock of properties, 31 March 2025 edition"
2016,2016-17,E3834,118646104,359937,-1056654,NA,-0,positional_16_17,2912506,-3503684,-862463,-1056654,-1559180,359937,NA,E07000226,3070,590,940,780,760,"VOA/HMRC Valuation Office, Non-domestic rating: stock of properties, 31 March 2025 edition"
2016,2016-17,E5035,112017249,2125258,-2656534,NA,-0,positional_16_17,11510642,-4452655,-10684268,-2656534,-11215544,2125258,NA,E09000008,9110,3490,1950,1400,2270,"VOA/HMRC Valuation Office, Non-domestic rating: stock of properties, 31 March 2025 edition"
2016,2016-17,E1932,62592295,461891,-578206,NA,-0,positional_16_17,2694014,-1562440,-610705,-578206,-727020,461891,NA,E07000096,4510,940,1250,1160,1170,"VOA/HMRC Valuation Office, Non-domestic rating: stock of properties, 31 March 2025 edition"
2016,2016-17,E1301,34831495,373716,-383000,NA,-0,positional_16_17,1448378,-467631,-353156,-383000,-362440,373716,NA,E06000005,3590,1090,690,1070,740,"VOA/HMRC Valuation Office, Non-domestic rating: stock of properties, 31 March 2025 edition"
2016,2016-17,E2233,89101483,235745,-221154,NA,-0,positional_16_17,1200798,-3262725,-1358368,-221154,-1343777,235745,NA,E07000107,3040,960,640,690,760,"VOA/HMRC Valuation Office, Non-domestic rating: stock of properties, 31 March 2025 edition"
2016,2016-17,E2832,45449158,105924,-110186,NA,-0,positional_16_17,366398,-350415,-204934,-110186,-209196,105924,NA,E07000151,2590,390,400,990,810,"VOA/HMRC Valuation Office, Non-domestic rating: stock of properties, 31 March 2025 edition"
2016,2016-17,E1001,89826047,570081,-1141277,NA,-0,positional_16_17,7095088,-479770,-3791754,-1141277,-4362950,570081,NA,E06000015,7470,2260,1770,1680,1770,"VOA/HMRC Valuation Office, Non-domestic rating: stock of properties, 31 March 2025 edition"
2016,2016-17,E1035,17103372,525492,-425492,NA,-0,positional_16_17,790685,-276247,-265000,-425492,-165000,525492,NA,E07000035,3950,830,380,990,1750,"VOA/HMRC Valuation Office, Non-domestic rating: stock of properties, 31 March 2025 edition"
2016,2016-17,E4402,95035771,2412554,-1846951,NA,177283,positional_16_17,7031614,-1680589,-3940728,-1846951,-3375125,2412554,NA,E08000017,9090,2900,1310,2630,2260,"VOA/HMRC Valuation Office, Non-domestic rating: stock of properties, 31 March 2025 edition"
2016,2016-17,E2234,34842167,228710,-32280,NA,-0,positional_16_17,2218812,-659002,-1957970,-32280,-1761540,228710,NA,E07000108,3920,910,750,890,1370,"VOA/HMRC Valuation Office, Non-domestic rating: stock of properties, 31 March 2025 edition"
2016,2016-17,E4603,98603426,1573196,-3248196,NA,-0,positional_16_17,7805788,-645370,-3135000,-3248196,-4810000,1573196,NA,E08000027,10300,2810,1620,3710,2150,"VOA/HMRC Valuation Office, Non-domestic rating: stock of properties, 31 March 2025 edition"
2016,2016-17,E1302,118332349,1891132,-992075,NA,-0,positional_16_17,5838403,-2263434,-5057980,-992075,-4158923,1891132,NA,E06000047,14970,4290,2120,4040,4530,"VOA/HMRC Valuation Office, Non-domestic rating: stock of properties, 31 March 2025 edition"
2016,2016-17,E5036,148818123,3178306,-577191,NA,-0,positional_16_17,18132520,-9190952,-12286353,-577191,-9685238,3178306,NA,E09000009,9900,3630,1710,2740,1820,"VOA/HMRC Valuation Office, Non-domestic rating: stock of properties, 31 March 2025 edition"
2016,2016-17,E0532,19895157,51323,-45294,NA,-0,positional_16_17,763306,-287349,-232673,-45294,-226644,51323,NA,E07000009,2280,400,360,730,790,"VOA/HMRC Valuation Office, Non-domestic rating: stock of properties, 31 March 2025 edition"
2016,2016-17,E1131,33402076,82862,-209587,NA,-0,positional_16_17,1113465,-539442,-181350,-209587,-308075,82862,NA,E07000040,5980,1290,490,1790,2410,"VOA/HMRC Valuation Office, Non-domestic rating: stock of properties, 31 March 2025 edition"
2016,2016-17,E1233,21705210,117882,-100829,NA,-0,positional_16_17,502389,-160596,-330807,-100829,-313754,117882,NA,E07000049,2730,510,470,1060,700,"VOA/HMRC Valuation Office, Non-domestic rating: stock of properties, 31 March 2025 edition"
2016,2016-17,E1732,29038921,211308,-302000,NA,-0,positional_16_17,1434039,-1163381,-341494,-302000,-432186,211308,NA,E07000085,3720,820,670,1320,910,"VOA/HMRC Valuation Office, Non-domestic rating: stock of properties, 31 March 2025 edition"
2016,2016-17,E1933,45562496,585605,-456241,NA,-0,positional_16_17,1776110,-666828,-1133841,-456241,-1004477,585605,NA,E07000242,4320,960,900,1230,1230,"VOA/HMRC Valuation Office, Non-domestic rating: stock of properties, 31 March 2025 edition"
2016,2016-17,E2532,36217142,514777,-685776,NA,-0,positional_16_17,2870466,-749479,-1043999,-685776,-1214998,514777,NA,E07000137,7220,1700,510,1700,3320,"VOA/HMRC Valuation Office, Non-domestic rating: stock of properties, 31 March 2025 edition"
2016,2016-17,E2833,24357790,86351,-98948,NA,-0,positional_16_17,269553,-297527,-120157,-98948,-132754,86351,NA,E07000152,2420,570,340,790,730,"VOA/HMRC Valuation Office, Non-domestic rating: stock of properties, 31 March 2025 edition"
2016,2016-17,E2001,109898498,375897,-539051,NA,-0,positional_16_17,3761183,-2254454,-1745143,-539051,-1908297,375897,NA,E06000011,10890,2920,1410,2760,3810,"VOA/HMRC Valuation Office, Non-domestic rating: stock of properties, 31 March 2025 edition"
2016,2016-17,E3432,57400930,356338,-279906,NA,-0,positional_16_17,1995558,-1951253,-668010,-279906,-591578,356338,NA,E07000193,4050,1110,670,1310,960,"VOA/HMRC Valuation Office, Non-domestic rating: stock of properties, 31 March 2025 edition"
2016,2016-17,E1432,32645246,-130525,111431,NA,-0,positional_16_17,1930966,-2807277,-470194,111431,-489288,-130525,NA,E07000061,2900,1110,430,540,830,"VOA/HMRC Valuation Office, Non-domestic rating: stock of properties, 31 March 2025 edition"
2016,2016-17,E1733,59533718,445226,-267173,NA,-0,positional_16_17,1019966,-1044033,-652199,-267173,-474146,445226,NA,E07000086,3040,700,600,980,750,"VOA/HMRC Valuation Office, Non-domestic rating: stock of properties, 31 March 2025 edition"
2016,2016-17,E0935,18378392,109335,-129592,NA,-0,positional_16_17,711017,-100690,-135316,-129592,-155573,109335,NA,E07000030,3290,530,290,830,1650,"VOA/HMRC Valuation Office, Non-domestic rating: stock of properties, 31 March 2025 edition"
2016,2016-17,E3631,57569306,232501,-232501,NA,-0,positional_16_17,622712,-1820847,-335000,-232501,-335000,232501,NA,E07000207,3560,1200,790,650,920,"VOA/HMRC Valuation Office, Non-domestic rating: stock of properties, 31 March 2025 edition"
2016,2016-17,E5037,111518565,1074869,196214,NA,-0,positional_16_17,5824679,-3730370,-5182617,196214,-3911534,1074869,NA,E09000010,7020,2670,1030,1720,1600,"VOA/HMRC Valuation Office, Non-domestic rating: stock of properties, 31 March 2025 edition"
2016,2016-17,E1537,36181619,290399,-228176,NA,-0,positional_16_17,1112962,-1316220,-333171,-228176,-270948,290399,NA,E07000072,4090,930,820,1390,950,"VOA/HMRC Valuation Office, Non-domestic rating: stock of properties, 31 March 2025 edition"
2016,2016-17,E3632,23580931,81109,-76787,NA,-0,positional_16_17,161385,-108894,-95342,-76787,-91020,81109,NA,E07000208,1720,600,420,210,480,"VOA/HMRC Valuation Office, Non-domestic rating: stock of properties, 31 March 2025 edition"
2016,2016-17,E1036,24514648,299675,-190175,NA,-0,positional_16_17,1145410,-867561,-796000,-190175,-686500,299675,NA,E07000036,3460,940,390,1410,720,"VOA/HMRC Valuation Office, Non-domestic rating: stock of properties, 31 March 2025 edition"
2016,2016-17,E1132,78528933,-0,-90000,NA,274428,positional_16_17,2965661,-1470008,-120000,-90000,-210000,0,NA,E07000041,4790,1220,1330,950,1300,"VOA/HMRC Valuation Office, Non-domestic rating: stock of properties, 31 March 2025 edition"
2016,2016-17,E1734,40876479,89982,-202129,NA,-0,positional_16_17,908760,-1302986,-273714,-202129,-385861,89982,NA,E07000087,3120,660,600,990,870,"VOA/HMRC Valuation Office, Non-domestic rating: stock of properties, 31 March 2025 edition"
2016,2016-17,E0533,25781187,11370,-95624,NA,-0,positional_16_17,1485217,-250806,-641540,-95624,-725794,11370,NA,E07000010,3050,800,410,1060,770,"VOA/HMRC Valuation Office, Non-domestic rating: stock of properties, 31 March 2025 edition"
2016,2016-17,E3532,23847898,181446,-190113,NA,-0,positional_16_17,793300,-334673,-243547,-190113,-252214,181446,NA,NA,NA,NA,NA,NA,NA,"VOA/HMRC Valuation Office, Non-domestic rating: stock of properties, 31 March 2025 edition"
2016,2016-17,E1633,11910268,187463,-143184,NA,-0,positional_16_17,410612,-134067,-314279,-143184,-270000,187463,NA,E07000080,3160,570,310,1310,970,"VOA/HMRC Valuation Office, Non-domestic rating: stock of properties, 31 March 2025 edition"
2016,2016-17,E2335,27169546,191891,-295978,NA,-0,positional_16_17,1844380,-929582,-770139,-295978,-874226,191891,NA,E07000119,2750,830,470,710,750,"VOA/HMRC Valuation Office, Non-domestic rating: stock of properties, 31 March 2025 edition"
2016,2016-17,E4501,92890842,3165000,-3165000,NA,179958,positional_16_17,4646834,-2284362,-3165000,-3165000,-3165000,3165000,NA,E08000037,6630,1820,1490,2070,1240,"VOA/HMRC Valuation Office, Non-domestic rating: stock of properties, 31 March 2025 edition"
2016,2016-17,E3034,22435020,61680,-75890,NA,-0,positional_16_17,432934,-320968,-176666,-75890,-190876,61680,NA,E07000173,2500,760,320,730,690,"VOA/HMRC Valuation Office, Non-domestic rating: stock of properties, 31 March 2025 edition"
2016,2016-17,E1634,53012693,29158,-484855,NA,-0,positional_16_17,2469895,-1153394,-1234743,-484855,-1690440,29158,NA,E07000081,4030,1070,940,1100,920,"VOA/HMRC Valuation Office, Non-domestic rating: stock of properties, 31 March 2025 edition"
2016,2016-17,E1735,15234230,115483,-335683,NA,-0,positional_16_17,1165692,-37017,-715000,-335683,-935200,115483,NA,E07000088,1900,630,190,600,500,"VOA/HMRC Valuation Office, Non-domestic rating: stock of properties, 31 March 2025 edition"
2016,2016-17,E2236,24806558,231302,-128931,NA,-1335,positional_16_17,1194227,-17598,-1159810,-128931,-1057439,231302,NA,E07000109,2270,770,290,540,670,"VOA/HMRC Valuation Office, Non-domestic rating: stock of properties, 31 March 2025 edition"
2016,2016-17,E2633,30761736,97466,-77781,NA,-0,positional_16_17,1638589,-950278,-53818,-77781,-34133,97466,NA,E07000145,4760,1080,410,1110,2150,"VOA/HMRC Valuation Office, Non-domestic rating: stock of properties, 31 March 2025 edition"
2016,2016-17,E5012,82818217,579901,-930082,NA,-0,positional_16_17,3875519,-2855107,-1849570,-930082,-2199751,579901,NA,E09000011,5140,1920,780,1080,1370,"VOA/HMRC Valuation Office, Non-domestic rating: stock of properties, 31 March 2025 edition"
2016,2016-17,E3633,81696936,-0,-176260,NA,-0,positional_16_17,160549,-2187260,-723740,-176260,-900000,0,NA,E07000209,4340,910,1320,850,1250,"VOA/HMRC Valuation Office, Non-domestic rating: stock of properties, 31 March 2025 edition"
2016,2016-17,E5013,95761735,-0,-3269773,NA,-0,positional_16_17,24748993,-10839397,-14097090,-3269773,-17366863,0,NA,E09000012,10100,2850,2590,2700,1960,"VOA/HMRC Valuation Office, Non-domestic rating: stock of properties, 31 March 2025 edition"
2016,2016-17,E0601,58628151,746014,-747761,NA,-0,positional_16_17,4123116,-380183,-2786661,-747761,-2788408,746014,NA,E06000006,3600,1040,650,1190,720,"VOA/HMRC Valuation Office, Non-domestic rating: stock of properties, 31 March 2025 edition"
2016,2016-17,E2732,27305505,133615,-161599,NA,-0,positional_16_17,671930,-625742,-205993,-161599,-233977,133615,NA,E07000164,4030,730,670,1310,1310,"VOA/HMRC Valuation Office, Non-domestic rating: stock of properties, 31 March 2025 edition"
2016,2016-17,E5014,181512134,2249051,-501920,NA,-0,positional_16_17,20268720,-18226507,-17701083,-501920,-15953952,2249051,NA,E09000013,9340,2780,3190,900,2470,"VOA/HMRC Valuation Office, Non-domestic rating: stock of properties, 31 March 2025 edition"
2016,2016-17,E2433,39853972,64903,-65711,NA,-0,positional_16_17,291093,-510330,-36187,-65711,-36995,64903,NA,E07000131,2910,580,660,840,830,"VOA/HMRC Valuation Office, Non-domestic rating: stock of properties, 31 March 2025 edition"
2016,2016-17,E5038,66311996,1504770,-1342028,NA,-0,positional_16_17,8601312,-8994973,-5131187,-1342028,-4968445,1504770,NA,E09000014,6890,2930,890,1760,1310,"VOA/HMRC Valuation Office, Non-domestic rating: stock of properties, 31 March 2025 edition"
2016,2016-17,E1538,45515486,233817,-379817,NA,-0,positional_16_17,2478472,-2304040,-1347000,-379817,-1493000,233817,NA,E07000073,2350,520,490,800,540,"VOA/HMRC Valuation Office, Non-domestic rating: stock of properties, 31 March 2025 edition"
2016,2016-17,E2753,61824988,454122,-273470,NA,-0,positional_16_17,1844476,-1812379,-1225655,-273470,-1045003,454122,NA,E07000165,7240,1560,1650,1870,2160,"VOA/HMRC Valuation Office, Non-domestic rating: stock of properties, 31 March 2025 edition"
2016,2016-17,E5039,51141888,1317698,-391832,NA,-0,positional_16_17,2586065,-353083,-2702638,-391832,-1776772,1317698,NA,E09000015,5420,2030,1600,650,1150,"VOA/HMRC Valuation Office, Non-domestic rating: stock of properties, 31 March 2025 edition"
2016,2016-17,E1736,29510874,308775,-106938,NA,-0,positional_16_17,1502324,-822944,-673273,-106938,-471436,308775,NA,E07000089,2130,500,420,560,640,"VOA/HMRC Valuation Office, Non-domestic rating: stock of properties, 31 March 2025 edition"
2016,2016-17,E0701,32409443,551604,-379909,NA,-0,positional_16_17,1911671,-1471285,-1125167,-379909,-953472,551604,NA,E06000001,2780,970,360,760,690,"VOA/HMRC Valuation Office, Non-domestic rating: stock of properties, 31 March 2025 edition"
2016,2016-17,E1433,21016062,310894,-270164,NA,9989,positional_16_17,1114379,-684556,-831200,-270164,-790470,310894,NA,E07000062,3420,1050,410,870,1100,"VOA/HMRC Valuation Office, Non-domestic rating: stock of properties, 31 March 2025 edition"
2016,2016-17,E1737,34524688,134562,-111000,NA,-0,positional_16_17,631569,-805653,-180072,-111000,-156510,134562,NA,E07000090,3260,960,490,700,1120,"VOA/HMRC Valuation Office, Non-domestic rating: stock of properties, 31 March 2025 edition"
2016,2016-17,E5040,75137311,749486,-497341,NA,-0,positional_16_17,2299929,-3711877,-2232346,-497341,-1980201,749486,NA,E09000016,5740,2240,690,1420,1390,"VOA/HMRC Valuation Office, Non-domestic rating: stock of properties, 31 March 2025 edition"
2016,2016-17,E1801,48968055,153071,-245597,NA,-0,positional_16_17,1521568,-1117115,-456358,-245597,-548884,153071,NA,E06000019,7860,1660,1110,2460,2620,"VOA/HMRC Valuation Office, Non-domestic rating: stock of properties, 31 March 2025 edition"
2016,2016-17,E1934,46699067,54092,29054,NA,-0,positional_16_17,863336,-2391968,-362350,29054,-279204,54092,NA,E07000098,3180,700,960,710,810,"VOA/HMRC Valuation Office, Non-domestic rating: stock of properties, 31 March 2025 edition"
2016,2016-17,E1037,24888784,7611,-81809,NA,-0,positional_16_17,1140949,-489718,-647517,-81809,-721715,7611,NA,E07000037,3470,920,380,1050,1120,"VOA/HMRC Valuation Office, Non-domestic rating: stock of properties, 31 March 2025 edition"
2016,2016-17,E5041,376436961,1196371,883346,NA,1153999,positional_16_17,12192238,-22588604,-3439911,883346,-1360194,1196371,NA,E09000017,8430,3190,1880,1640,1720,"VOA/HMRC Valuation Office, Non-domestic rating: stock of properties, 31 March 2025 edition"
2016,2016-17,E2434,33550359,184273,-318007,NA,120474,positional_16_17,303954,-223077,-63799,-318007,-197533,184273,NA,E07000132,3070,700,420,1200,760,"VOA/HMRC Valuation Office, Non-domestic rating: stock of properties, 31 March 2025 edition"
2016,2016-17,E3835,42230361,308856,-448137,NA,-0,positional_16_17,2812217,-2056975,-1404590,-448137,-1543871,308856,NA,E07000227,4430,880,790,1590,1170,"VOA/HMRC Valuation Office, Non-domestic rating: stock of properties, 31 March 2025 edition"
2016,2016-17,E5042,162842777,2317752,-6597597,NA,-0,positional_16_17,9461897,-12742442,779845,-6597597,-3500000,2317752,NA,E09000018,7150,2040,2040,1600,1470,"VOA/HMRC Valuation Office, Non-domestic rating: stock of properties, 31 March 2025 edition"
2016,2016-17,E0551,59979641,189147,175547,NA,-0,positional_16_17,286868,-137765,258400,175547,623094,189147,NA,E07000011,5050,960,940,1740,1410,"VOA/HMRC Valuation Office, Non-domestic rating: stock of properties, 31 March 2025 edition"
2016,2016-17,E2336,23394027,879395,-1406362,NA,-0,positional_16_17,4347090,-1077161,-2523182,-1406362,-3050149,879395,NA,E07000120,3330,1070,390,1170,690,"VOA/HMRC Valuation Office, Non-domestic rating: stock of properties, 31 March 2025 edition"
2016,2016-17,E3533,56321935,385825,-471408,NA,-0,positional_16_17,1475797,-238366,-696618,-471408,-782201,385825,NA,E07000202,4430,1270,1140,880,1150,"VOA/HMRC Valuation Office, Non-domestic rating: stock of properties, 31 March 2025 edition"
2016,2016-17,E2101,35627851,413451,-391781,NA,-0,positional_16_17,1093814,-419417,-468802,-391781,-447132,413451,NA,E06000046,6660,1660,510,1560,2930,"VOA/HMRC Valuation Office, Non-domestic rating: stock of properties, 31 March 2025 edition"
2016,2016-17,E4001,1493046,-0,-25920,NA,-0,positional_16_17,62725,-29213,-22132,-25920,-48052,0,NA,E06000053,440,50,20,80,300,"VOA/HMRC Valuation Office, Non-domestic rating: stock of properties, 31 March 2025 edition"
2016,2016-17,E5015,209251142,2018305,-2587021,NA,103994,positional_16_17,18879468,-13732407,-15297517,-2587021,-15866233,2018305,NA,E09000019,10960,2960,3990,1450,2570,"VOA/HMRC Valuation Office, Non-domestic rating: stock of properties, 31 March 2025 edition"
2016,2016-17,E5016,284936593,1972876,-2426432,NA,221974,positional_16_17,8527556,-7687751,-2908103,-2426432,-3361659,1972876,NA,E09000020,8630,2880,2560,860,2330,"VOA/HMRC Valuation Office, Non-domestic rating: stock of properties, 31 March 2025 edition"
2016,2016-17,E2834,31514923,89022,-58330,NA,-0,positional_16_17,368427,-849827,-134257,-58330,-103565,89022,NA,E07000153,2600,740,430,730,700,"VOA/HMRC Valuation Office, Non-domestic rating: stock of properties, 31 March 2025 edition"
2016,2016-17,E2634,46653109,223685,-310651,NA,522910,positional_16_17,1039150,-461080,-425250,-310651,-512216,223685,NA,E07000146,5560,1200,470,1310,2590,"VOA/HMRC Valuation Office, Non-domestic rating: stock of properties, 31 March 2025 edition"
2016,2016-17,E2002,82807895,1251731,-1168936,NA,-0,positional_16_17,4831072,-500289,-1332795,-1168936,-1250000,1251731,NA,E06000010,8850,2770,1420,2590,2070,"VOA/HMRC Valuation Office, Non-domestic rating: stock of properties, 31 March 2025 edition"
2016,2016-17,E5043,84249752,25521,-1773573,NA,7519,positional_16_17,5230397,-1106373,-3875088,-1773573,-5623140,25521,NA,E09000021,4780,1530,1370,760,1130,"VOA/HMRC Valuation Office, Non-domestic rating: stock of properties, 31 March 2025 edition"
2016,2016-17,E4703,106406539,1356243,-1423614,NA,-0,positional_16_17,5111685,-886476,-2721645,-1423614,-2789016,1356243,NA,E08000034,15520,4280,2560,5480,3210,"VOA/HMRC Valuation Office, Non-domestic rating: stock of properties, 31 March 2025 edition"
2016,2016-17,E4301,43560598,16763,0,NA,-0,positional_16_17,4303577,-1268677,-1781091,0,-1764328,16763,NA,E08000011,3280,910,460,1160,760,"VOA/HMRC Valuation Office, Non-domestic rating: stock of properties, 31 March 2025 edition"
2016,2016-17,E5017,120240569,1186248,-1813254,NA,-0,positional_16_17,4300368,-8884592,-2662169,-1813254,-3289175,1186248,NA,E09000022,8850,3080,1800,1910,2060,"VOA/HMRC Valuation Office, Non-domestic rating: stock of properties, 31 March 2025 edition"
2016,2016-17,E2337,59869764,-0,18041,NA,351290,positional_16_17,877592,-493142,-460670,18041,-442629,0,NA,E07000121,5140,1470,740,1340,1590,"VOA/HMRC Valuation Office, Non-domestic rating: stock of properties, 31 March 2025 edition"
2016,2016-17,E4704,373635530,4375991,-3607203,NA,-0,positional_16_17,12934457,-9389378,-7345426,-3607203,-6576638,4375991,NA,E08000035,27910,7180,7290,6180,7260,"VOA/HMRC Valuation Office, Non-domestic rating: stock of properties, 31 March 2025 edition"
2016,2016-17,E2401,105436621,855691,-1866674,NA,-0,positional_16_17,9655630,-2382978,-3003083,-1866674,-4014066,855691,NA,E06000016,12120,3730,1910,4160,2320,"VOA/HMRC Valuation Office, Non-domestic rating: stock of properties, 31 March 2025 edition"
2016,2016-17,E1435,24851458,67064,-184064,NA,-0,positional_16_17,1134690,-670406,-188000,-184064,-305000,67064,NA,E07000063,3270,760,520,1150,840,"VOA/HMRC Valuation Office, Non-domestic rating: stock of properties, 31 March 2025 edition"
2016,2016-17,E5018,53723650,806775,4624,NA,-0,positional_16_17,3931027,-7230830,-3149782,4624,-2338383,806775,NA,E09000023,6050,2690,550,1270,1540,"VOA/HMRC Valuation Office, Non-domestic rating: stock of properties, 31 March 2025 edition"
2016,2016-17,E3433,35520312,448052,-305526,NA,-0,positional_16_17,1208399,-1100382,-491336,-305526,-348810,448052,NA,E07000194,2890,690,530,900,760,"VOA/HMRC Valuation Office, Non-domestic rating: stock of properties, 31 March 2025 edition"
2016,2016-17,E2533,43135815,255421,-349957,NA,-0,positional_16_17,1011684,-2029449,-370463,-349957,-464999,255421,NA,E07000138,3400,1110,720,700,870,"VOA/HMRC Valuation Office, Non-domestic rating: stock of properties, 31 March 2025 edition"
2016,2016-17,E4302,199920257,32799151,-17400455,NA,-0,positional_16_17,48445860,-2326672,-56864893,-17400455,-41466197,32799151,NA,E08000012,18270,5830,3920,3530,4990,"VOA/HMRC Valuation Office, Non-domestic rating: stock of properties, 31 March 2025 edition"
2016,2016-17,E0201,68591062,380514,-290891,NA,-0,positional_16_17,12710654,-4305198,-7625953,-290891,-7536330,380514,NA,E06000032,5690,1700,1230,1420,1340,"VOA/HMRC Valuation Office, Non-domestic rating: stock of properties, 31 March 2025 edition"
2016,2016-17,E2237,60507372,816543,-1957723,NA,-0,positional_16_17,4102122,-1146381,-695313,-1957723,-1836493,816543,NA,E07000110,4780,1060,1130,1330,1260,"VOA/HMRC Valuation Office, Non-domestic rating: stock of properties, 31 March 2025 edition"
2016,2016-17,E1539,14850763,65918,10082,NA,-0,positional_16_17,692374,-433164,-360000,10082,-284000,65918,NA,E07000074,2440,440,360,940,700,"VOA/HMRC Valuation Office, Non-domestic rating: stock of properties, 31 March 2025 edition"
2016,2016-17,E1851,16552665,17947,-170431,NA,-0,positional_16_17,419521,-119095,0,-170431,-152484,17947,NA,E07000235,2810,540,470,890,910,"VOA/HMRC Valuation Office, Non-domestic rating: stock of properties, 31 March 2025 edition"
2016,2016-17,E4203,342359126,1591385,-2980324,NA,-0,positional_16_17,28415087,-15476910,-14072990,-2980324,-15461929,1591385,NA,E08000003,25060,5860,7370,4390,7450,"VOA/HMRC Valuation Office, Non-domestic rating: stock of properties, 31 March 2025 edition"
2016,2016-17,E3035,29600669,285469,-153915,NA,-0,positional_16_17,631544,-62783,-768183,-153915,-636629,285469,NA,E07000174,3110,910,540,960,700,"VOA/HMRC Valuation Office, Non-domestic rating: stock of properties, 31 March 2025 edition"
2016,2016-17,E2201,92659034,923826,-1035447,NA,-0,positional_16_17,4424648,-1740437,-2813083,-1035447,-2924704,923826,NA,E06000035,6220,1920,880,1860,1560,"VOA/HMRC Valuation Office, Non-domestic rating: stock of properties, 31 March 2025 edition"
2016,2016-17,E2436,14115350,122815,-108944,NA,-0,positional_16_17,520407,-233240,-137398,-108944,-123527,122815,NA,E07000133,1560,330,190,570,480,"VOA/HMRC Valuation Office, Non-domestic rating: stock of properties, 31 March 2025 edition"
2016,2016-17,E3331,33497740,193011,-14799,NA,-0,positional_16_17,703118,-2381086,-586388,-14799,-408176,193011,NA,E07000187,4170,1030,530,1380,1230,"VOA/HMRC Valuation Office, Non-domestic rating: stock of properties, 31 March 2025 edition"
2016,2016-17,E5044,86431051,556239,-673314,NA,-0,positional_16_17,3483846,-2865079,-2293064,-673314,-2410139,556239,NA,E09000024,5370,1720,1080,1130,1440,"VOA/HMRC Valuation Office, Non-domestic rating: stock of properties, 31 March 2025 edition"
2016,2016-17,E1133,14260439,-0,62569,NA,141847,positional_16_17,377028,-1043367,-221344,62569,-158775,0,NA,E07000042,2860,530,290,1010,1030,"VOA/HMRC Valuation Office, Non-domestic rating: stock of properties, 31 March 2025 edition"
2016,2016-17,E3534,22567796,100625,-28598,NA,-0,positional_16_17,519981,-414847,-207027,-28598,-135000,100625,NA,E07000203,3270,480,500,1220,1070,"VOA/HMRC Valuation Office, Non-domestic rating: stock of properties, 31 March 2025 edition"
2016,2016-17,E3836,43996168,614085,-173591,NA,-0,positional_16_17,2200894,-1670512,-1776289,-173591,-1335795,614085,NA,E07000228,4210,1020,1000,1090,1100,"VOA/HMRC Valuation Office, Non-domestic rating: stock of properties, 31 March 2025 edition"
2016,2016-17,E0702,42476413,2027323,-2160408,NA,-340784,positional_16_17,7610339,-2458663,-5538496,-2160408,-5671581,2027323,NA,E06000002,4270,1400,780,980,1120,"VOA/HMRC Valuation Office, Non-domestic rating: stock of properties, 31 March 2025 edition"
2016,2016-17,E0401,162417726,692010,1717990,NA,-0,positional_16_17,3803113,-3555232,-4110000,1717990,-1700000,692010,NA,E06000042,7330,1570,2110,2110,1530,"VOA/HMRC Valuation Office, Non-domestic rating: stock of properties, 31 March 2025 edition"
2016,2016-17,E3634,38034734,81850,-181850,NA,-0,positional_16_17,1342633,-881488,-490000,-181850,-590000,81850,NA,E07000210,3250,690,940,850,760,"VOA/HMRC Valuation Office, Non-domestic rating: stock of properties, 31 March 2025 edition"
2016,2016-17,E1738,61606063,227881,-293651,NA,-0,positional_16_17,1220382,-2633975,-380990,-293651,-446760,227881,NA,E07000091,6640,1590,760,1630,2660,"VOA/HMRC Valuation Office, Non-domestic rating: stock of properties, 31 March 2025 edition"
2016,2016-17,E3036,39575421,128648,-92903,NA,-0,positional_16_17,1131160,-241093,-412372,-92903,-376627,128648,NA,E07000175,3980,930,740,1200,1110,"VOA/HMRC Valuation Office, Non-domestic rating: stock of properties, 31 March 2025 edition"
2016,2016-17,E4502,148573132,2902559,-4005050,NA,-0,positional_16_17,8248622,-6632442,-2200299,-4005050,-3302790,2902559,NA,E08000021,10570,2940,3250,1610,2770,"VOA/HMRC Valuation Office, Non-domestic rating: stock of properties, 31 March 2025 edition"
2016,2016-17,E3434,34678369,555223,-448062,NA,-0,positional_16_17,1931465,-431133,-874251,-448062,-767090,555223,NA,E07000195,3350,960,560,970,870,"VOA/HMRC Valuation Office, Non-domestic rating: stock of properties, 31 March 2025 edition"
2016,2016-17,E5045,126352679,32500,-943741,NA,-0,positional_16_17,4414837,-13362145,-1839749,-943741,-2750990,32500,NA,E09000025,7360,3550,1080,1330,1400,"VOA/HMRC Valuation Office, Non-domestic rating: stock of properties, 31 March 2025 edition"
2016,2016-17,E1134,32186783,297743,-312234,NA,-0,positional_16_17,1848626,-1005395,-831882,-312234,-846373,297743,NA,E07000043,5280,1140,430,1170,2540,"VOA/HMRC Valuation Office, Non-domestic rating: stock of properties, 31 March 2025 edition"
2016,2016-17,E1234,13951032,154815,-294211,NA,-0,positional_16_17,516530,-170510,-352604,-294211,-492000,154815,NA,E07000050,2430,550,290,850,750,"VOA/HMRC Valuation Office, Non-domestic rating: stock of properties, 31 March 2025 edition"
2016,2016-17,E1038,16022889,125206,-198598,NA,-0,positional_16_17,798661,-198241,-206414,-198598,-279806,125206,NA,E07000038,2570,550,340,870,800,"VOA/HMRC Valuation Office, Non-domestic rating: stock of properties, 31 March 2025 edition"
2016,2016-17,E2003,65562626,224333,-445155,NA,-0,positional_16_17,5854322,-3032696,-2122284,-445155,-2343106,224333,NA,E06000012,5470,1710,660,1680,1420,"VOA/HMRC Valuation Office, Non-domestic rating: stock of properties, 31 March 2025 edition"
2016,2016-17,E1935,38888308,-456786,-389481,NA,-0,positional_16_17,1434265,-747387,-129780,-389481,-976047,-456786,NA,E07000099,4300,970,910,1380,1040,"VOA/HMRC Valuation Office, Non-domestic rating: stock of properties, 31 March 2025 edition"
2016,2016-17,E2534,26262384,170675,-144094,NA,-0,positional_16_17,643302,-732484,-196773,-144094,-170192,170675,NA,E07000139,3140,580,490,1140,930,"VOA/HMRC Valuation Office, Non-domestic rating: stock of properties, 31 March 2025 edition"
2016,2016-17,E2004,90839152,831341,-1517341,NA,-0,positional_16_17,4093686,-258032,-1058000,-1517341,-1744000,831341,NA,E06000013,5470,1430,510,1910,1620,"VOA/HMRC Valuation Office, Non-domestic rating: stock of properties, 31 March 2025 edition"
2016,2016-17,E2635,25455364,48275,-37696,NA,-0,positional_16_17,331919,-284576,-200746,-37696,-190167,48275,NA,E07000147,6670,1180,330,1210,3960,"VOA/HMRC Valuation Office, Non-domestic rating: stock of properties, 31 March 2025 edition"
2016,2016-17,E0104,62374252,385719,-255181,NA,-0,positional_16_17,4181107,-1809571,-2224673,-255181,-2094135,385719,NA,E06000024,6100,1490,1250,1700,1660,"VOA/HMRC Valuation Office, Non-domestic rating: stock of properties, 31 March 2025 edition"
2016,2016-17,E4503,60228296,1489113,-513947,NA,-0,positional_16_17,5331335,-1669681,-3325246,-513947,-2350080,1489113,NA,E08000022,5510,1760,1100,1340,1310,"VOA/HMRC Valuation Office, Non-domestic rating: stock of properties, 31 March 2025 edition"
2016,2016-17,E3731,43695012,170692,-149878,NA,-0,positional_16_17,298890,-42748,-92944,-149878,-72130,170692,NA,E07000218,2270,410,370,900,590,"VOA/HMRC Valuation Office, Non-domestic rating: stock of properties, 31 March 2025 edition"
2016,2016-17,E2437,54288547,368895,-311246,NA,-0,positional_16_17,464780,-1495957,-317369,-311246,-259720,368895,NA,E07000134,3250,670,680,1110,790,"VOA/HMRC Valuation Office, Non-domestic rating: stock of properties, 31 March 2025 edition"
2016,2016-17,E2835,103585253,580143,-619998,NA,278682,positional_16_17,4992120,-1867038,-580143,-619998,-619998,580143,NA,E07000154,6330,1570,1540,1870,1360,"VOA/HMRC Valuation Office, Non-domestic rating: stock of properties, 31 March 2025 edition"
2016,2016-17,E2901,79156505,656608,-1020397,NA,-0,positional_16_17,2874345,-276137,-1206661,-1020397,-1570450,656608,NA,E06000057,12430,2710,1540,3070,5120,"VOA/HMRC Valuation Office, Non-domestic rating: stock of properties, 31 March 2025 edition"
2016,2016-17,E2636,80867435,447552,-1301591,NA,-0,positional_16_17,3514145,-1066217,-1184478,-1301591,-2038517,447552,NA,E07000148,6270,1710,1380,1380,1800,"VOA/HMRC Valuation Office, Non-domestic rating: stock of properties, 31 March 2025 edition"
2016,2016-17,E3001,131248233,997600,-1392500,NA,-0,positional_16_17,10735128,-2212665,-6224550,-1392500,-6619450,997600,NA,E06000018,11340,3090,2300,3010,2940,"VOA/HMRC Valuation Office, Non-domestic rating: stock of properties, 31 March 2025 edition"
2016,2016-17,E3732,35731104,275856,-243256,NA,-0,positional_16_17,1358265,-153368,-335700,-243256,-303100,275856,NA,E07000219,3090,910,370,1140,680,"VOA/HMRC Valuation Office, Non-domestic rating: stock of properties, 31 March 2025 edition"
2016,2016-17,E2438,12219154,69179,-47672,NA,-0,positional_16_17,986312,-380690,-317909,-47672,-296402,69179,NA,E07000135,1380,410,150,540,290,"VOA/HMRC Valuation Office, Non-domestic rating: stock of properties, 31 March 2025 edition"
2016,2016-17,E4204,58810160,1649992,-738567,NA,-0,positional_16_17,5849630,-2227735,-4559440,-738567,-3648015,1649992,NA,E08000004,7710,2180,1170,2540,1820,"VOA/HMRC Valuation Office, Non-domestic rating: stock of properties, 31 March 2025 edition"
2016,2016-17,E3132,86126365,-0,144251,NA,571322,positional_16_17,2045407,-2980815,-1275835,144251,-1131584,0,NA,E07000178,3990,1300,1050,440,1210,"VOA/HMRC Valuation Office, Non-domestic rating: stock of properties, 31 March 2025 edition"
2016,2016-17,E2338,20304085,-0,260000,NA,201648,positional_16_17,631116,-243780,-940000,260000,-680000,0,NA,E07000122,3580,1080,520,1250,730,"VOA/HMRC Valuation Office, Non-domestic rating: stock of properties, 31 March 2025 edition"
2016,2016-17,E0501,99085061,281762,-2356438,NA,-0,positional_16_17,10591316,-2619982,-6386090,-2356438,-8460766,281762,NA,E06000031,5730,1440,1290,1720,1280,"VOA/HMRC Valuation Office, Non-domestic rating: stock of properties, 31 March 2025 edition"
2016,2016-17,E1101,91614773,655447,-546061,NA,-0,positional_16_17,2337891,-1897902,-740273,-546061,-630887,655447,NA,E06000026,7290,1990,1400,1830,2070,"VOA/HMRC Valuation Office, Non-domestic rating: stock of properties, 31 March 2025 edition"
2016,2016-17,E1201,62764720,301351,-309724,NA,-0,positional_16_17,1208671,-1200806,-432355,-309724,-440728,301351,NA,E06000029,5550,1230,670,1440,2210,"VOA/HMRC Valuation Office, Non-domestic rating: stock of properties, 31 March 2025 edition"
2016,2016-17,E1701,86550295,740631,-584631,NA,-0,positional_16_17,3407220,-2621411,-3069000,-584631,-2913000,740631,NA,E06000044,6040,2020,800,1290,1930,"VOA/HMRC Valuation Office, Non-domestic rating: stock of properties, 31 March 2025 edition"
2016,2016-17,E2339,69491624,235990,-1329054,NA,-0,positional_16_17,5662820,-1754885,-2776272,-1329054,-3869336,235990,NA,E07000123,5480,1660,1190,1410,1220,"VOA/HMRC Valuation Office, Non-domestic rating: stock of properties, 31 March 2025 edition"
2016,2016-17,E1236,11138239,96783,-24000,NA,-0,positional_16_17,539107,-368021,-243388,-24000,-170605,96783,NA,E07000051,2590,390,180,710,1310,"VOA/HMRC Valuation Office, Non-domestic rating: stock of properties, 31 March 2025 edition"
2016,2016-17,E0303,113422254,265739,-722654,NA,-0,positional_16_17,6075322,-2625725,-2452584,-722654,-2909499,265739,NA,E06000038,5140,1520,1540,920,1160,"VOA/HMRC Valuation Office, Non-domestic rating: stock of properties, 31 March 2025 edition"
2016,2016-17,E5046,55206733,1391164,-1661166,NA,-596744,positional_16_17,9379417,-3306138,-8076347,-1661166,-8346349,1391164,NA,E09000026,6520,2640,1170,810,1890,"VOA/HMRC Valuation Office, Non-domestic rating: stock of properties, 31 March 2025 edition"
2016,2016-17,E0703,37056401,226224,19372,NA,-0,positional_16_17,14060645,-1247291,-12035141,19372,-11789545,226224,NA,E06000003,3940,1200,540,1120,1070,"VOA/HMRC Valuation Office, Non-domestic rating: stock of properties, 31 March 2025 edition"
2016,2016-17,E1835,37073228,175575,58805,NA,-0,positional_16_17,2774253,-309513,-1899523,58805,-1665143,175575,NA,E07000236,2510,490,500,1060,470,"VOA/HMRC Valuation Office, Non-domestic rating: stock of properties, 31 March 2025 edition"
2016,2016-17,E3635,50551701,157407,-115751,NA,-0,positional_16_17,571552,-1747481,-136808,-115751,-95152,157407,NA,E07000211,3520,1110,790,750,860,"VOA/HMRC Valuation Office, Non-domestic rating: stock of properties, 31 March 2025 edition"
2016,2016-17,E2340,15227605,130947,-85947,NA,-0,positional_16_17,495809,-139946,-375000,-85947,-330000,130947,NA,E07000124,2330,530,390,690,720,"VOA/HMRC Valuation Office, Non-domestic rating: stock of properties, 31 March 2025 edition"
2016,2016-17,E5047,83156720,-0,-34052,NA,589998,positional_16_17,3563756,-2833259,-74080,-34052,-108132,0,NA,E09000027,5800,2040,1750,550,1460,"VOA/HMRC Valuation Office, Non-domestic rating: stock of properties, 31 March 2025 edition"
2016,2016-17,E2734,13233303,130041,-115239,NA,-0,positional_16_17,330523,-201454,-175793,-115239,-160991,130041,NA,E07000166,2630,400,250,650,1330,"VOA/HMRC Valuation Office, Non-domestic rating: stock of properties, 31 March 2025 edition"
2016,2016-17,E4205,65305007,890350,-698655,NA,312472,positional_16_17,1808362,-1167553,-890350,-698655,-698655,890350,NA,E08000005,6860,2030,1020,2230,1580,"VOA/HMRC Valuation Office, Non-domestic rating: stock of properties, 31 March 2025 edition"
2016,2016-17,E1540,15760115,-0,-21245,NA,70406,positional_16_17,296558,-179029,-136709,-21245,-157954,0,NA,E07000075,2140,540,310,760,530,"VOA/HMRC Valuation Office, Non-domestic rating: stock of properties, 31 March 2025 edition"
2016,2016-17,E2341,14739591,92766,-165177,NA,-0,positional_16_17,1511030,-157746,-1069385,-165177,-1141796,92766,NA,E07000125,2630,670,380,1010,570,"VOA/HMRC Valuation Office, Non-domestic rating: stock of properties, 31 March 2025 edition"
2016,2016-17,E1436,17711215,-0,-31353,NA,39576,positional_16_17,738356,-206025,-467099,-31353,-498452,0,NA,E07000064,3890,980,340,1180,1390,"VOA/HMRC Valuation Office, Non-domestic rating: stock of properties, 31 March 2025 edition"
2016,2016-17,E4403,75400000,551595,-1129250,NA,3193,positional_16_17,2817004,-851449,-551593,-1129250,-1129248,551595,NA,E08000018,7470,2120,1080,2480,1790,"VOA/HMRC Valuation Office, Non-domestic rating: stock of properties, 31 March 2025 edition"
2016,2016-17,E3733,49350973,55112,-47367,NA,-0,positional_16_17,1152502,-418678,-229178,-47367,-221433,55112,NA,E07000220,2990,690,540,920,840,"VOA/HMRC Valuation Office, Non-domestic rating: stock of properties, 31 March 2025 edition"
2016,2016-17,E3636,46805719,-0,1400,NA,-9648,positional_16_17,983900,-1103300,-629300,1400,-627900,0,NA,E07000212,2420,500,670,620,630,"VOA/HMRC Valuation Office, Non-domestic rating: stock of properties, 31 March 2025 edition"
2016,2016-17,E3038,28876335,249593,-60091,NA,-0,positional_16_17,521724,-723016,-569800,-60091,-380298,249593,NA,E07000176,2680,630,520,680,850,"VOA/HMRC Valuation Office, Non-domestic rating: stock of properties, 31 March 2025 edition"
2016,2016-17,E1740,47886987,260288,-272370,NA,-0,positional_16_17,1523730,-1346802,-763655,-272370,-775737,260288,NA,E07000092,2450,790,640,500,540,"VOA/HMRC Valuation Office, Non-domestic rating: stock of properties, 31 March 2025 edition"
2016,2016-17,E2402,10742999,10133,-10133,NA,-0,positional_16_17,114527,-1462,-68246,-10133,-68246,10133,NA,E06000017,1460,300,250,370,530,"VOA/HMRC Valuation Office, Non-domestic rating: stock of properties, 31 March 2025 edition"
2016,2016-17,E2755,16872649,22062,17938,NA,-0,positional_16_17,126223,-174001,-100000,17938,-60000,22062,NA,E07000167,2890,590,250,770,1290,"VOA/HMRC Valuation Office, Non-domestic rating: stock of properties, 31 March 2025 edition"
2016,2016-17,E4206,97920072,5159454,-3348233,NA,-0,positional_16_17,28016080,-6337401,-15634981,-3348233,-13823760,5159454,NA,E08000006,11140,2110,1830,2300,4910,"VOA/HMRC Valuation Office, Non-domestic rating: stock of properties, 31 March 2025 edition"
2016,2016-17,E4604,104341472,3025272,-2857317,NA,-0,positional_16_17,4517730,-781530,-1501747,-2857317,-1333792,3025272,NA,E08000028,10910,2850,1080,4380,2600,"VOA/HMRC Valuation Office, Non-domestic rating: stock of properties, 31 March 2025 edition"
2016,2016-17,E2736,34277198,330465,-432028,NA,-0,positional_16_17,1510475,-1083658,-737140,-432028,-838703,330465,NA,E07000168,6900,1600,580,1150,3570,"VOA/HMRC Valuation Office, Non-domestic rating: stock of properties, 31 March 2025 edition"
2016,2016-17,E3332,39023307,136632,-252912,NA,-0,positional_16_17,853581,-1875563,-264917,-252912,-381197,136632,NA,E07000188,3960,850,420,1320,1380,"VOA/HMRC Valuation Office, Non-domestic rating: stock of properties, 31 March 2025 edition"
2016,2016-17,E4304,71886728,823509,-1228909,NA,-0,positional_16_17,2086242,-1552237,-870100,-1228909,-1275500,823509,NA,E08000014,8030,3220,990,1860,1960,"VOA/HMRC Valuation Office, Non-domestic rating: stock of properties, 31 March 2025 edition"
2016,2016-17,E2757,40923009,243362,-128339,NA,-0,positional_16_17,1161094,-595232,-542323,-128339,-427300,243362,NA,E07000169,2590,500,390,910,790,"VOA/HMRC Valuation Office, Non-domestic rating: stock of properties, 31 March 2025 edition"
2016,2016-17,E2239,36322837,219586,-194286,NA,-0,positional_16_17,1736700,-1515535,-812200,-194286,-786900,219586,NA,E07000111,3820,830,860,1120,1010,"VOA/HMRC Valuation Office, Non-domestic rating: stock of properties, 31 March 2025 edition"
2016,2016-17,E4404,217720521,1424904,-3707570,NA,-0,positional_16_17,13824846,-4878410,-7521000,-3707570,-9803666,1424904,NA,E08000019,18110,5140,3210,5080,4680,"VOA/HMRC Valuation Office, Non-domestic rating: stock of properties, 31 March 2025 edition"
2016,2016-17,E2240,28821103,135657,-142500,NA,-0,positional_16_17,732835,-644366,-239763,-142500,-246606,135657,NA,E07000112,3720,1060,510,940,1210,"VOA/HMRC Valuation Office, Non-domestic rating: stock of properties, 31 March 2025 edition"
2016,2016-17,E3202,78790098,238463,-339514,NA,-0,positional_16_17,3619020,-3363560,-1708682,-339514,-1809733,238463,NA,E06000051,11940,2960,1660,3670,3660,"VOA/HMRC Valuation Office, Non-domestic rating: stock of properties, 31 March 2025 edition"
2016,2016-17,E0304,99093139,1326883,-1091546,NA,-0,positional_16_17,4041585,-596810,-2347850,-1091546,-2112513,1326883,NA,E06000039,3510,970,740,1040,760,"VOA/HMRC Valuation Office, Non-domestic rating: stock of properties, 31 March 2025 edition"
2016,2016-17,E4605,116101566,356906,-609313,NA,-0,positional_16_17,3340899,-5330146,-1776754,-609313,-2029161,356906,NA,E08000029,4990,1580,1570,670,1180,"VOA/HMRC Valuation Office, Non-domestic rating: stock of properties, 31 March 2025 edition"
2016,2016-17,E0434,31420356,46556,-202556,NA,-0,positional_16_17,1337257,-453932,-516000,-202556,-672000,46556,NA,E07000006,1980,540,460,340,650,"VOA/HMRC Valuation Office, Non-domestic rating: stock of properties, 31 March 2025 edition"
2016,2016-17,E0536,78903023,57772,-141622,NA,-0,positional_16_17,331559,-2495466,-116150,-141622,-200000,57772,NA,E07000012,4840,470,1600,1510,1260,"VOA/HMRC Valuation Office, Non-domestic rating: stock of properties, 31 March 2025 edition"
2016,2016-17,E1039,23786839,136968,-226030,NA,-0,positional_16_17,2187816,-774227,-1153025,-226030,-1242087,136968,NA,E07000039,2200,480,260,790,670,"VOA/HMRC Valuation Office, Non-domestic rating: stock of properties, 31 March 2025 edition"
2016,2016-17,E0103,138793723,303120,-327112,NA,20303,positional_16_17,824835,-2488263,-303120,-327112,-327112,303120,NA,E06000025,6760,1510,1430,2170,1660,"VOA/HMRC Valuation Office, Non-domestic rating: stock of properties, 31 March 2025 edition"
2016,2016-17,E1136,30856048,68781,-340737,NA,-0,positional_16_17,2572378,-652821,-366283,-340737,-638239,68781,NA,E07000044,5420,910,570,1390,2550,"VOA/HMRC Valuation Office, Non-domestic rating: stock of properties, 31 March 2025 edition"
2016,2016-17,E2535,26549216,202044,-142044,NA,-0,positional_16_17,1232684,-853412,-387999,-142044,-327999,202044,NA,E07000140,2700,710,390,830,770,"VOA/HMRC Valuation Office, Non-domestic rating: stock of properties, 31 March 2025 edition"
2016,2016-17,E2536,42226643,-0,-70000,NA,161810,positional_16_17,1521799,-1939273,-575000,-70000,-645000,0,NA,E07000141,4370,1190,710,1250,1230,"VOA/HMRC Valuation Office, Non-domestic rating: stock of properties, 31 March 2025 edition"
2016,2016-17,E0936,40645513,296808,-169531,NA,-0,positional_16_17,1261262,-668674,-773458,-169531,-646181,296808,NA,E07000031,8010,1450,790,1520,4250,"VOA/HMRC Valuation Office, Non-domestic rating: stock of properties, 31 March 2025 edition"
2016,2016-17,E2637,31187528,36044,-222819,NA,-0,positional_16_17,1659192,-286779,-322894,-222819,-509669,36044,NA,E07000149,4120,720,600,1310,1480,"VOA/HMRC Valuation Office, Non-domestic rating: stock of properties, 31 March 2025 edition"
2016,2016-17,E2836,23069233,-0,-198050,NA,9300,positional_16_17,972054,-1145626,-409051,-198050,-607101,0,NA,E07000155,2660,340,560,930,840,"VOA/HMRC Valuation Office, Non-domestic rating: stock of properties, 31 March 2025 edition"
2016,2016-17,E3133,42501756,249459,-90619,NA,-0,positional_16_17,1952648,-1433530,-1304640,-90619,-1145800,249459,NA,E07000179,4240,890,1010,1180,1160,"VOA/HMRC Valuation Office, Non-domestic rating: stock of properties, 31 March 2025 edition"
2016,2016-17,E2342,39508051,195161,-97949,NA,13128,positional_16_17,1154359,-771409,-614104,-97949,-516892,195161,NA,E07000126,2940,850,470,980,640,"VOA/HMRC Valuation Office, Non-domestic rating: stock of properties, 31 March 2025 edition"
2016,2016-17,E3334,45617272,755394,-389994,NA,-0,positional_16_17,2248694,-791598,-1453000,-389994,-1087600,755394,NA,E07000189,5700,1210,710,1970,1810,"VOA/HMRC Valuation Office, Non-domestic rating: stock of properties, 31 March 2025 edition"
2016,2016-17,E3435,24833341,117583,-63583,NA,-0,positional_16_17,929121,-200111,-587000,-63583,-533000,117583,NA,E07000196,2580,590,400,780,810,"VOA/HMRC Valuation Office, Non-domestic rating: stock of properties, 31 March 2025 edition"
2016,2016-17,E4504,31579730,177905,-232565,NA,-0,positional_16_17,1733829,-888093,-691783,-232565,-746443,177905,NA,E08000023,3850,1310,660,980,900,"VOA/HMRC Valuation Office, Non-domestic rating: stock of properties, 31 March 2025 edition"
2016,2016-17,E1702,105692705,1053520,-2457552,NA,-0,positional_16_17,5590557,-2909538,-1878358,-2457552,-3282390,1053520,NA,E06000045,6640,2080,1380,1390,1800,"VOA/HMRC Valuation Office, Non-domestic rating: stock of properties, 31 March 2025 edition"
2016,2016-17,E1501,48191933,367085,-421024,NA,187346,positional_16_17,1728602,-1429433,-667424,-421024,-721363,367085,NA,E06000033,5890,2250,850,1150,1650,"VOA/HMRC Valuation Office, Non-domestic rating: stock of properties, 31 March 2025 edition"
2016,2016-17,E5019,256745187,1468697,-3420677,NA,-0,positional_16_17,33635667,-17438369,-3731922,-3420677,-5683902,1468697,NA,E09000028,11070,2970,3460,2370,2270,"VOA/HMRC Valuation Office, Non-domestic rating: stock of properties, 31 March 2025 edition"
2016,2016-17,E3637,42173171,857889,-560000,NA,-0,positional_16_17,957253,-2354653,-905335,-560000,-607446,857889,NA,E07000213,2440,810,460,550,630,"VOA/HMRC Valuation Office, Non-domestic rating: stock of properties, 31 March 2025 edition"
2016,2016-17,E1936,61928154,-0,-84000,NA,167420,positional_16_17,2468367,-1282005,-1515000,-84000,-1599000,0,NA,E07000240,3900,1000,1140,690,1060,"VOA/HMRC Valuation Office, Non-domestic rating: stock of properties, 31 March 2025 edition"
2016,2016-17,E3535,48546992,85993,-232821,NA,-0,positional_16_17,1944356,-593777,-455177,-232821,-602005,85993,NA,NA,NA,NA,NA,NA,NA,"VOA/HMRC Valuation Office, Non-domestic rating: stock of properties, 31 March 2025 edition"
2016,2016-17,E4303,54042069,655401,-2048305,NA,-0,positional_16_17,5004815,-1577967,-2657584,-2048305,-4050488,655401,NA,E08000013,4580,1600,670,1300,1010,"VOA/HMRC Valuation Office, Non-domestic rating: stock of properties, 31 March 2025 edition"
2016,2016-17,E3436,47259845,308354,-280781,NA,-0,positional_16_17,1786925,-545117,-1026054,-280781,-998481,308354,NA,E07000197,4030,980,760,1180,1110,"VOA/HMRC Valuation Office, Non-domestic rating: stock of properties, 31 March 2025 edition"
2016,2016-17,E3437,18781030,7624,-25468,NA,-0,positional_16_17,702996,-399176,-419468,-25468,-437312,7624,NA,E07000198,2990,760,200,970,1070,"VOA/HMRC Valuation Office, Non-domestic rating: stock of properties, 31 March 2025 edition"
2016,2016-17,E1937,48544409,623940,-650979,NA,-0,positional_16_17,1115429,-831365,-1363255,-650979,-1390294,623940,NA,E07000243,2190,510,600,510,560,"VOA/HMRC Valuation Office, Non-domestic rating: stock of properties, 31 March 2025 edition"
2016,2016-17,E4207,98782509,2941760,-1492929,NA,-0,positional_16_17,8777190,-1842748,-6503286,-1492929,-5054455,2941760,NA,E08000007,10630,2810,2260,2720,2840,"VOA/HMRC Valuation Office, Non-domestic rating: stock of properties, 31 March 2025 edition"
2016,2016-17,E0704,84870590,1050485,-711485,NA,-0,positional_16_17,1122482,-1375699,-1239000,-711485,-900000,1050485,NA,E06000004,5470,1500,1180,1350,1440,"VOA/HMRC Valuation Office, Non-domestic rating: stock of properties, 31 March 2025 edition"
2016,2016-17,E3401,91116008,46233,-461666,NA,-0,positional_16_17,5294517,-893897,-3344000,-461666,-3759433,46233,NA,E06000021,8910,2720,1090,3080,2020,"VOA/HMRC Valuation Office, Non-domestic rating: stock of properties, 31 March 2025 edition"
2016,2016-17,E3734,54841846,256684,-341067,NA,-0,positional_16_17,1540300,-168829,-375129,-341067,-459512,256684,NA,E07000221,5110,990,1080,1450,1600,"VOA/HMRC Valuation Office, Non-domestic rating: stock of properties, 31 March 2025 edition"
2016,2016-17,E1635,27696683,-42305,-61837,NA,-78877,positional_16_17,1008490,-301534,-292054,-61837,-396196,-42305,NA,E07000082,4050,820,700,1590,950,"VOA/HMRC Valuation Office, Non-domestic rating: stock of properties, 31 March 2025 edition"
2016,2016-17,E3536,69044955,100723,93826,NA,-0,positional_16_17,1226013,-508885,-932718,93826,-738169,100723,NA,NA,NA,NA,NA,NA,NA,"VOA/HMRC Valuation Office, Non-domestic rating: stock of properties, 31 March 2025 edition"
2016,2016-17,E4505,95100607,1113711,-1088837,NA,-0,positional_16_17,6966006,-798423,-5396845,-1088837,-5371971,1113711,NA,E08000024,8170,2470,1430,2370,1900,"VOA/HMRC Valuation Office, Non-domestic rating: stock of properties, 31 March 2025 edition"
2016,2016-17,E3638,37737280,200310,306933,NA,-0,positional_16_17,1356098,-583714,-939778,306933,-432535,200310,NA,E07000214,2590,590,720,630,650,"VOA/HMRC Valuation Office, Non-domestic rating: stock of properties, 31 March 2025 edition"
2016,2016-17,E5048,50228016,326745,-339706,NA,-0,positional_16_17,2338231,-942622,-805420,-339706,-818381,326745,NA,E09000029,4170,1770,670,710,1020,"VOA/HMRC Valuation Office, Non-domestic rating: stock of properties, 31 March 2025 edition"
2016,2016-17,E2241,47058878,88652,-374121,NA,-0,positional_16_17,957793,-762415,-828767,-374121,-1114236,88652,NA,E07000113,4400,990,650,1460,1310,"VOA/HMRC Valuation Office, Non-domestic rating: stock of properties, 31 March 2025 edition"
2016,2016-17,E3901,109923519,1075252,-1209155,NA,-0,positional_16_17,4194428,-302260,-1274765,-1209155,-1408668,1075252,NA,E06000030,5550,1350,1410,1440,1350,"VOA/HMRC Valuation Office, Non-domestic rating: stock of properties, 31 March 2025 edition"
2016,2016-17,E4208,58550641,1615971,-1027255,NA,-0,positional_16_17,6192684,-1761662,-3719809,-1027255,-3131093,1615971,NA,E08000008,7340,2240,840,2660,1610,"VOA/HMRC Valuation Office, Non-domestic rating: stock of properties, 31 March 2025 edition"
2016,2016-17,E3439,35024655,171111,-146148,NA,-0,positional_16_17,1123773,-1014484,-1051791,-146148,-1026828,171111,NA,E07000199,2020,520,380,700,420,"VOA/HMRC Valuation Office, Non-domestic rating: stock of properties, 31 March 2025 edition"
2016,2016-17,E3639,18564653,38959,-7028,NA,-0,positional_16_17,275839,-180476,-123344,-7028,-91413,38959,NA,E07000215,2900,620,480,1000,810,"VOA/HMRC Valuation Office, Non-domestic rating: stock of properties, 31 March 2025 edition"
2016,2016-17,E3333,40409902,164434,-492358,NA,-0,positional_16_17,2234421,-1453244,-328410,-492358,-656334,164434,NA,NA,NA,NA,NA,NA,NA,"VOA/HMRC Valuation Office, Non-domestic rating: stock of properties, 31 March 2025 edition"
2016,2016-17,E1137,31676567,90358,9642,NA,-0,positional_16_17,492434,-333429,-400000,9642,-300000,90358,NA,E07000045,4970,1020,560,1560,1830,"VOA/HMRC Valuation Office, Non-domestic rating: stock of properties, 31 March 2025 edition"
2016,2016-17,E3201,74053399,768085,-771085,NA,-0,positional_16_17,2684282,-2472655,-1251000,-771085,-1254000,768085,NA,E06000020,4860,1190,750,1670,1250,"VOA/HMRC Valuation Office, Non-domestic rating: stock of properties, 31 March 2025 edition"
2016,2016-17,E1542,26585959,162567,-194772,NA,-0,positional_16_17,735900,-838474,-131180,-194772,-163385,162567,NA,E07000076,8020,1260,530,1610,4630,"VOA/HMRC Valuation Office, Non-domestic rating: stock of properties, 31 March 2025 edition"
2016,2016-17,E1742,51979451,728275,-514805,NA,-0,positional_16_17,2337465,-660126,-1208366,-514805,-994896,728275,NA,E07000093,4320,660,800,1910,950,"VOA/HMRC Valuation Office, Non-domestic rating: stock of properties, 31 March 2025 edition"
2016,2016-17,E1636,35771794,73757,-94618,NA,66129,positional_16_17,132137,-106187,-102000,-94618,-122861,73757,NA,E07000083,2860,430,570,1130,730,"VOA/HMRC Valuation Office, Non-domestic rating: stock of properties, 31 March 2025 edition"
2016,2016-17,E2242,33275112,290509,-184388,NA,-0,positional_16_17,1804806,-1595293,-1071627,-184388,-965506,290509,NA,E07000114,4880,1580,570,1190,1550,"VOA/HMRC Valuation Office, Non-domestic rating: stock of properties, 31 March 2025 edition"
2016,2016-17,E1938,27866457,237719,44314,NA,-0,positional_16_17,703867,-839429,-959563,44314,-677530,237719,NA,E07000102,1970,450,470,470,590,"VOA/HMRC Valuation Office, Non-domestic rating: stock of properties, 31 March 2025 edition"
2016,2016-17,E1502,112181176,-0,-175644,NA,216082,positional_16_17,599825,-270617,259307,-175644,83663,0,NA,E06000034,4130,1200,420,1550,960,"VOA/HMRC Valuation Office, Non-domestic rating: stock of properties, 31 March 2025 edition"
2016,2016-17,E2243,53751367,230000,-360000,NA,3227,positional_16_17,1350815,-2078022,-230000,-360000,-360000,230000,NA,E07000115,3610,650,970,1010,980,"VOA/HMRC Valuation Office, Non-domestic rating: stock of properties, 31 March 2025 edition"
2016,2016-17,E1102,37377885,603748,-649753,NA,-0,positional_16_17,1878475,-720079,-816109,-649753,-862114,603748,NA,E06000027,5080,1830,490,930,1830,"VOA/HMRC Valuation Office, Non-domestic rating: stock of properties, 31 March 2025 edition"
2016,2016-17,E1139,10590926,47436,-50352,NA,-56,positional_16_17,335855,-125690,-90058,-50352,-92974,47436,NA,E07000046,3640,620,200,790,2030,"VOA/HMRC Valuation Office, Non-domestic rating: stock of properties, 31 March 2025 edition"
2016,2016-17,E5020,399518653,1771817,-4852589,NA,-0,positional_16_17,20568052,-22899382,-5375433,-4852589,-8456205,1771817,NA,E09000030,15520,3230,4260,3340,4690,"VOA/HMRC Valuation Office, Non-domestic rating: stock of properties, 31 March 2025 edition"
2016,2016-17,E4209,169516024,-18506,-344262,NA,-0,positional_16_17,12539438,-6632396,-7787250,-344262,-8150018,-18506,NA,E08000009,9820,2250,2260,1850,3460,"VOA/HMRC Valuation Office, Non-domestic rating: stock of properties, 31 March 2025 edition"
2016,2016-17,E2244,52737362,-0,-370840,NA,313293,positional_16_17,2454288,-1370894,-1591030,-370840,-1961870,0,NA,E07000116,4010,1170,930,880,1030,"VOA/HMRC Valuation Office, Non-domestic rating: stock of properties, 31 March 2025 edition"
2016,2016-17,E1544,32462603,232960,-126983,NA,-0,positional_16_17,1438992,-504013,-562553,-126983,-456576,232960,NA,E07000077,3110,490,770,960,900,"VOA/HMRC Valuation Office, Non-domestic rating: stock of properties, 31 March 2025 edition"
2016,2016-17,E3134,58045375,243724,-265204,NA,-0,positional_16_17,1854023,-595740,-997390,-265204,-1018870,243724,NA,E07000180,3880,650,1220,1010,1000,"VOA/HMRC Valuation Office, Non-domestic rating: stock of properties, 31 March 2025 edition"
2016,2016-17,E4705,127932240,1151053,-1151053,NA,-0,positional_16_17,1674166,-1400948,-1020000,-1151053,-1020000,1151053,NA,E08000036,10820,3260,1890,3050,2610,"VOA/HMRC Valuation Office, Non-domestic rating: stock of properties, 31 March 2025 edition"
2016,2016-17,E4606,69165793,-0,-431042,NA,368676,positional_16_17,7170296,-1480735,-3153284,-431042,-3584326,0,NA,E08000030,8360,2400,1090,2950,1920,"VOA/HMRC Valuation Office, Non-domestic rating: stock of properties, 31 March 2025 edition"
2016,2016-17,E5049,59401699,586642,-2228760,NA,-0,positional_16_17,4358167,-3658472,-782401,-2228760,-2424519,586642,NA,E09000031,6610,2910,780,1530,1390,"VOA/HMRC Valuation Office, Non-domestic rating: stock of properties, 31 March 2025 edition"
2016,2016-17,E5021,102353445,24040,-731040,NA,-0,positional_16_17,6261127,-3798139,-2275000,-731040,-2982000,24040,NA,E09000032,8860,3010,1940,1800,2110,"VOA/HMRC Valuation Office, Non-domestic rating: stock of properties, 31 March 2025 edition"
2016,2016-17,E0602,109769262,-0,64432,NA,1260292,positional_16_17,12679343,-1613339,-4780380,64432,-4715948,0,NA,E06000007,6670,1700,1750,1840,1390,"VOA/HMRC Valuation Office, Non-domestic rating: stock of properties, 31 March 2025 edition"
2016,2016-17,E3735,70315418,204555,-629555,NA,-0,positional_16_17,1551360,-452352,-500000,-629555,-925000,204555,NA,E07000222,4720,1310,1290,980,1140,"VOA/HMRC Valuation Office, Non-domestic rating: stock of properties, 31 March 2025 edition"
2016,2016-17,E1939,63332202,681642,-926234,NA,-0,positional_16_17,2815985,-2349115,-1372095,-926234,-1616687,681642,NA,E07000103,3250,970,720,740,820,"VOA/HMRC Valuation Office, Non-domestic rating: stock of properties, 31 March 2025 edition"
2016,2016-17,E3537,27019959,98861,-112347,NA,-0,positional_16_17,1511412,-773777,-832357,-112347,-845843,98861,NA,NA,NA,NA,NA,NA,NA,"VOA/HMRC Valuation Office, Non-domestic rating: stock of properties, 31 March 2025 edition"
2016,2016-17,E3640,36734987,235786,-255786,NA,-0,positional_16_17,2338145,-750111,-450000,-255786,-470000,235786,NA,E07000216,3910,1020,1040,880,970,"VOA/HMRC Valuation Office, Non-domestic rating: stock of properties, 31 March 2025 edition"
2016,2016-17,E1437,30870024,208445,-167648,NA,-0,positional_16_17,1552996,-435978,-765483,-167648,-724686,208445,NA,E07000065,5600,1120,810,2120,1550,"VOA/HMRC Valuation Office, Non-domestic rating: stock of properties, 31 March 2025 edition"
2016,2016-17,E2837,28740993,43078,-148278,NA,-0,positional_16_17,710535,-734908,-162820,-148278,-268020,43078,NA,E07000156,2610,560,360,1110,580,"VOA/HMRC Valuation Office, Non-domestic rating: stock of properties, 31 March 2025 edition"
2016,2016-17,E1940,58180195,141940,-122139,NA,16881,positional_16_17,764946,-194322,-158822,-122139,-139021,141940,NA,E07000241,2960,680,800,780,710,"VOA/HMRC Valuation Office, Non-domestic rating: stock of properties, 31 March 2025 edition"
2016,2016-17,E0302,85690602,347502,0,NA,-0,positional_16_17,2594126,-2366758,-544086,0,-196584,347502,NA,E06000037,5320,900,1590,1510,1320,"VOA/HMRC Valuation Office, Non-domestic rating: stock of properties, 31 March 2025 edition"
2016,2016-17,E1140,10737656,23516,-113643,NA,-0,positional_16_17,958220,-213251,-242079,-113643,-332206,23516,NA,E07000047,2250,500,260,590,910,"VOA/HMRC Valuation Office, Non-domestic rating: stock of properties, 31 March 2025 edition"
2016,2016-17,E1237,30486560,500258,-240258,NA,-0,positional_16_17,1281177,-657226,-936000,-240258,-676000,500258,NA,E07000052,5490,1110,680,1670,2040,"VOA/HMRC Valuation Office, Non-domestic rating: stock of properties, 31 March 2025 edition"
2016,2016-17,E2343,31734201,954894,-836713,NA,-0,positional_16_17,3063333,-808490,-1176658,-836713,-1058477,954894,NA,E07000127,3180,740,470,1070,900,"VOA/HMRC Valuation Office, Non-domestic rating: stock of properties, 31 March 2025 edition"
2016,2016-17,E2537,16409831,325228,-377120,NA,24331,positional_16_17,1257818,-859168,-325228,-377120,-377120,325228,NA,E07000142,2760,610,360,880,910,"VOA/HMRC Valuation Office, Non-domestic rating: stock of properties, 31 March 2025 edition"
2016,2016-17,E3135,34711795,101609,-250015,NA,-0,positional_16_17,1512879,-227576,-242805,-250015,-391211,101609,NA,E07000181,3860,730,890,1190,1050,"VOA/HMRC Valuation Office, Non-domestic rating: stock of properties, 31 March 2025 edition"
2016,2016-17,E3335,13500368,64238,-64238,NA,-0,positional_16_17,1092041,-470155,-140000,-64238,-140000,64238,NA,NA,NA,NA,NA,NA,NA,"VOA/HMRC Valuation Office, Non-domestic rating: stock of properties, 31 March 2025 edition"
2016,2016-17,E5022,1778967485,-0,4100000,NA,11334812,positional_16_17,47419610,-129672279,-30799645,4100000,-26699645,0,NA,E09000033,35870,6750,18670,1190,9260,"VOA/HMRC Valuation Office, Non-domestic rating: stock of properties, 31 March 2025 edition"
2016,2016-17,E1238,17650980,516393,201607,NA,-0,positional_16_17,1626727,-700550,-1703000,201607,-985000,516393,NA,E07000053,2770,690,180,450,1450,"VOA/HMRC Valuation Office, Non-domestic rating: stock of properties, 31 March 2025 edition"
2016,2016-17,E4210,81721946,1263510,-1248269,NA,-0,positional_16_17,7143762,-523472,-5971522,-1248269,-5956281,1263510,NA,E08000010,9370,2980,1250,2680,2460,"VOA/HMRC Valuation Office, Non-domestic rating: stock of properties, 31 March 2025 edition"
2016,2016-17,E3902,153602395,769476,-687976,NA,-0,positional_16_17,4718389,-1860706,-730400,-687976,-648900,769476,NA,E06000054,14920,3220,2730,4850,4120,"VOA/HMRC Valuation Office, Non-domestic rating: stock of properties, 31 March 2025 edition"
2016,2016-17,E1743,55548343,577231,-205962,NA,-0,positional_16_17,1957722,-1054366,-1468465,-205962,-1097196,577231,NA,E07000094,4420,800,1070,1290,1250,"VOA/HMRC Valuation Office, Non-domestic rating: stock of properties, 31 March 2025 edition"
2016,2016-17,E0305,81393858,-0,-45000,NA,434480,positional_16_17,3356295,-1292358,-983509,-45000,-1028509,0,NA,E06000040,4730,1320,1400,790,1230,"VOA/HMRC Valuation Office, Non-domestic rating: stock of properties, 31 March 2025 edition"
2016,2016-17,E4305,80535314,1774166,-1692510,NA,-0,positional_16_17,4925494,-1441230,-3314196,-1692510,-3232540,1774166,NA,E08000015,8300,3560,1010,1900,1820,"VOA/HMRC Valuation Office, Non-domestic rating: stock of properties, 31 March 2025 edition"
2016,2016-17,E3641,47656028,-0,27000,NA,217859,positional_16_17,2408223,-993815,-1031000,27000,-1004000,0,NA,E07000217,2650,790,760,470,630,"VOA/HMRC Valuation Office, Non-domestic rating: stock of properties, 31 March 2025 edition"
2016,2016-17,E0306,59165666,200307,-250000,NA,-0,positional_16_17,2348491,-2133143,-846367,-250000,-896060,200307,NA,E06000041,3760,560,1140,1150,900,"VOA/HMRC Valuation Office, Non-domestic rating: stock of properties, 31 March 2025 edition"
2016,2016-17,E4607,75259780,1808399,-4063032,NA,-0,positional_16_17,7482856,-1384241,-3434822,-4063032,-5689455,1808399,NA,E08000031,8290,2440,1370,2830,1650,"VOA/HMRC Valuation Office, Non-domestic rating: stock of properties, 31 March 2025 edition"
2016,2016-17,E1837,42367813,188892,-188892,NA,-0,positional_16_17,463934,-501363,-294768,-188892,-294768,188892,NA,E07000237,3110,1030,650,700,730,"VOA/HMRC Valuation Office, Non-domestic rating: stock of properties, 31 March 2025 edition"
2016,2016-17,E3837,32648044,165751,-329593,NA,-0,positional_16_17,654495,-618284,-1130412,-329593,-1294254,165751,NA,E07000229,3160,1300,480,480,900,"VOA/HMRC Valuation Office, Non-domestic rating: stock of properties, 31 March 2025 edition"
2016,2016-17,E1838,41668329,162930,-162930,NA,-0,positional_16_17,518958,-320751,-195000,-162930,-195000,162930,NA,E07000238,4650,920,810,1560,1370,"VOA/HMRC Valuation Office, Non-domestic rating: stock of properties, 31 March 2025 edition"
2016,2016-17,E0435,71897592,316338,-440623,NA,-0,positional_16_17,2689875,-3557087,-2189715,-440623,-2314000,316338,NA,E07000007,5070,1190,1310,1480,1100,"VOA/HMRC Valuation Office, Non-domestic rating: stock of properties, 31 March 2025 edition"
2016,2016-17,E2344,27077593,231908,-154323,NA,-0,positional_16_17,1111214,-1305080,-689763,-154323,-612178,231908,NA,E07000128,3930,1220,370,1150,1190,"VOA/HMRC Valuation Office, Non-domestic rating: stock of properties, 31 March 2025 edition"
2016,2016-17,E1839,30526026,957565,-718705,NA,110062,positional_16_17,2199552,-166059,-1269954,-718705,-1031094,957565,NA,E07000239,3290,760,550,980,1010,"VOA/HMRC Valuation Office, Non-domestic rating: stock of properties, 31 March 2025 edition"
2016,2016-17,E2701,101252249,81676,31265,NA,-0,positional_16_17,2830121,-2804234,-1909521,31265,-1796580,81676,NA,E06000014,6540,1830,1500,1240,1980,"VOA/HMRC Valuation Office, Non-domestic rating: stock of properties, 31 March 2025 edition"
2017,2017-18,E3831,18210444,87105,-97759,NA,-0,positional_17_18,27784,-279919,-352816,-97759,-363470,87105,NA,E07000223,2240,480,280,590,890,"VOA/HMRC Valuation Office, Non-domestic rating: stock of properties, 31 March 2025 edition"
2017,2017-18,E0931,27745421,213675,-237878,NA,-0,positional_17_18,977765,-338750,-367031,-237878,-391234,213675,NA,E07000026,4890,1050,400,1130,2310,"VOA/HMRC Valuation Office, Non-domestic rating: stock of properties, 31 March 2025 edition"
2017,2017-18,E1031,30612261,144462,-275818,NA,-0,positional_17_18,501220,-1435540,-373044,-275818,-504400,144462,NA,E07000032,3830,1050,540,1240,1010,"VOA/HMRC Valuation Office, Non-domestic rating: stock of properties, 31 March 2025 edition"
2017,2017-18,E3832,34622198,146427,-212427,NA,-0,positional_17_18,828561,-624441,-309000,-212427,-375000,146427,NA,E07000224,4810,1370,380,1400,1660,"VOA/HMRC Valuation Office, Non-domestic rating: stock of properties, 31 March 2025 edition"
2017,2017-18,E3031,34333011,256648,-114311,NA,-0,positional_17_18,1094239,-708290,-667776,-114311,-525439,256648,NA,E07000170,3150,990,390,1070,700,"VOA/HMRC Valuation Office, Non-domestic rating: stock of properties, 31 March 2025 edition"
2017,2017-18,E2231,49179739,157939,-147699,NA,-0,positional_17_18,806326,-901074,-260778,-147699,-250538,157939,NA,E07000105,4530,890,960,1400,1280,"VOA/HMRC Valuation Office, Non-domestic rating: stock of properties, 31 March 2025 edition"
2017,2017-18,E0431,53891224,-0,-95855,NA,90578,positional_17_18,207557,-1724734,0,-95855,-95855,0,NA,E07000004,5160,900,940,1950,1370,"VOA/HMRC Valuation Office, Non-domestic rating: stock of properties, 31 March 2025 edition"
2017,2017-18,E3531,22963283,122446,-129000,NA,-0,positional_17_18,336342,-285247,-326625,-129000,-333179,122446,NA,E07000200,3400,590,560,1190,1050,"VOA/HMRC Valuation Office, Non-domestic rating: stock of properties, 31 March 2025 edition"
2017,2017-18,E5030,60607513,-0,-1488554,NA,3007,positional_17_18,7835737,-1665240,-5176000,-1488554,-6664554,0,NA,E09000002,4430,1420,770,1220,1020,"VOA/HMRC Valuation Office, Non-domestic rating: stock of properties, 31 March 2025 edition"
2017,2017-18,E5031,111664543,2363669,-2682661,NA,-0,positional_17_18,10187199,-6901952,1919618,-2682661,1600626,2363669,NA,E09000003,8800,3500,2410,860,2030,"VOA/HMRC Valuation Office, Non-domestic rating: stock of properties, 31 March 2025 edition"
2017,2017-18,E4401,52712679,824058,-928216,NA,-0,positional_17_18,1216477,-1024847,-1544843,-928216,-1649001,824058,NA,E08000016,6880,2050,1000,2240,1590,"VOA/HMRC Valuation Office, Non-domestic rating: stock of properties, 31 March 2025 edition"
2017,2017-18,E0932,23368408,89196,-156556,NA,-0,positional_17_18,1445250,-927101,-1242732,-156556,-1310092,89196,NA,E07000027,2350,720,310,590,740,"VOA/HMRC Valuation Office, Non-domestic rating: stock of properties, 31 March 2025 edition"
2017,2017-18,E1531,80800253,1059626,-521126,NA,-0,positional_17_18,1568730,-1136194,-1233000,-521126,-694500,1059626,NA,E07000066,4870,1030,840,1920,1070,"VOA/HMRC Valuation Office, Non-domestic rating: stock of properties, 31 March 2025 edition"
2017,2017-18,E1731,76610624,329869,-269869,NA,-0,positional_17_18,1558725,-2625462,-435001,-269869,-375001,329869,NA,E07000084,4410,760,1250,1130,1270,"VOA/HMRC Valuation Office, Non-domestic rating: stock of properties, 31 March 2025 edition"
2017,2017-18,E3032,47684391,28812,-569740,NA,-0,positional_17_18,3414812,-1482520,-867152,-569740,-1408080,28812,NA,E07000171,4080,980,650,1300,1150,"VOA/HMRC Valuation Office, Non-domestic rating: stock of properties, 31 March 2025 edition"
2017,2017-18,E0101,65942394,291575,-233739,NA,-0,positional_17_18,1532801,-2088120,-465511,-233739,-407675,291575,NA,E06000022,6130,1720,1190,1510,1720,"VOA/HMRC Valuation Office, Non-domestic rating: stock of properties, 31 March 2025 edition"
2017,2017-18,E0202,64781989,156998,185000,NA,-0,positional_17_18,2718410,-1027940,-2419615,185000,-2077617,156998,NA,E06000055,5330,1130,1040,1640,1520,"VOA/HMRC Valuation Office, Non-domestic rating: stock of properties, 31 March 2025 edition"
2017,2017-18,E5032,72311802,-0,212000,NA,435937,positional_17_18,1799319,-2294880,-1647000,212000,-1435000,0,NA,E09000004,5490,1850,520,1540,1580,"VOA/HMRC Valuation Office, Non-domestic rating: stock of properties, 31 March 2025 edition"
2017,2017-18,E4601,424797945,9229003,-9090518,NA,-0,positional_17_18,99039925,-24798707,-53194425,-9090518,-53055940,9229003,NA,E08000025,46860,10950,7900,9850,18160,"VOA/HMRC Valuation Office, Non-domestic rating: stock of properties, 31 March 2025 edition"
2017,2017-18,E2431,41910014,-0,16290,NA,52618,positional_17_18,907180,-1186828,-209151,16290,-192861,0,NA,E07000129,2240,430,520,710,590,"VOA/HMRC Valuation Office, Non-domestic rating: stock of properties, 31 March 2025 edition"
2017,2017-18,E2301,44879938,387901,-162901,NA,-0,positional_17_18,2781842,-372013,-1936000,-162901,-1711000,387901,NA,E06000008,6570,1780,1310,2230,1250,"VOA/HMRC Valuation Office, Non-domestic rating: stock of properties, 31 March 2025 edition"
2017,2017-18,E2302,46330194,1050252,-1315000,NA,-0,positional_17_18,6172818,-824749,-2270000,-1315000,-2534748,1050252,NA,E06000009,6780,2390,800,1110,2480,"VOA/HMRC Valuation Office, Non-domestic rating: stock of properties, 31 March 2025 edition"
2017,2017-18,E1032,24942920,-0,-79957,NA,52822,positional_17_18,398173,-1126639,-163458,-79957,-243415,0,NA,E07000033,2390,580,360,910,550,"VOA/HMRC Valuation Office, Non-domestic rating: stock of properties, 31 March 2025 edition"
2017,2017-18,E4201,87931378,1346678,-1755149,NA,-0,positional_17_18,7725201,-2182437,-4336174,-1755149,-4744645,1346678,NA,E08000001,9870,2860,1640,2740,2630,"VOA/HMRC Valuation Office, Non-domestic rating: stock of properties, 31 March 2025 edition"
2017,2017-18,E2531,19734024,200559,-127809,NA,-0,positional_17_18,613899,-564227,-238217,-127809,-165467,200559,NA,E07000136,2340,560,380,740,660,"VOA/HMRC Valuation Office, Non-domestic rating: stock of properties, 31 March 2025 edition"
2017,2017-18,E1202,65639297,586300,-690277,NA,-0,positional_17_18,3601706,-459012,-1914059,-690277,-2018036,586300,NA,E06000028,7480,2500,890,590,3490,"VOA/HMRC Valuation Office, Non-domestic rating: stock of properties, 31 March 2025 edition"
2017,2017-18,E0301,68847911,-0,90000,NA,65820,positional_17_18,2341354,-5025355,-903400,90000,-813400,0,NA,E06000036,2470,530,940,420,590,"VOA/HMRC Valuation Office, Non-domestic rating: stock of properties, 31 March 2025 edition"
2017,2017-18,E4701,135636748,-0,1036650,NA,2826878,positional_17_18,7820024,-1464312,-4949267,1036650,-3912617,0,NA,E08000032,18760,5900,3380,5660,3840,"VOA/HMRC Valuation Office, Non-domestic rating: stock of properties, 31 March 2025 edition"
2017,2017-18,E1532,42059055,72160,-112334,NA,-0,positional_17_18,777405,-386831,-138342,-112334,-178516,72160,NA,E07000067,4830,990,800,1850,1190,"VOA/HMRC Valuation Office, Non-domestic rating: stock of properties, 31 March 2025 edition"
2017,2017-18,E2631,31270989,171855,-258207,NA,-0,positional_17_18,1674412,-573315,-444571,-258207,-530923,171855,NA,E07000143,4250,900,410,1580,1360,"VOA/HMRC Valuation Office, Non-domestic rating: stock of properties, 31 March 2025 edition"
2017,2017-18,E5033,126301904,1592019,-3923545,NA,-0,positional_17_18,8074599,-6414474,-1098567,-3923545,-3430093,1592019,NA,E09000005,8650,3070,1610,2520,1450,"VOA/HMRC Valuation Office, Non-domestic rating: stock of properties, 31 March 2025 edition"
2017,2017-18,E1533,28096199,-0,132432,NA,237311,positional_17_18,2973896,-736950,-1215044,132432,-1082612,0,NA,E07000068,2370,600,610,550,610,"VOA/HMRC Valuation Office, Non-domestic rating: stock of properties, 31 March 2025 edition"
2017,2017-18,E1401,111831721,663741,-811202,NA,263287,positional_17_18,5466296,-4162326,-2091380,-811202,-2238841,663741,NA,E06000043,10660,3310,2140,1440,3770,"VOA/HMRC Valuation Office, Non-domestic rating: stock of properties, 31 March 2025 edition"
2017,2017-18,E0102,219118513,1003862,-1341677,NA,-0,positional_17_18,5785973,-2993816,-2148185,-1341677,-2486000,1003862,NA,E06000023,16120,4650,4190,3700,3580,"VOA/HMRC Valuation Office, Non-domestic rating: stock of properties, 31 March 2025 edition"
2017,2017-18,E2632,29156775,105493,-117572,NA,-0,positional_17_18,425186,-935826,-156552,-117572,-168631,105493,NA,E07000144,3580,570,450,1270,1300,"VOA/HMRC Valuation Office, Non-domestic rating: stock of properties, 31 March 2025 edition"
2017,2017-18,E5034,87007036,640330,-691630,NA,-0,positional_17_18,2483016,-8097387,-754258,-691630,-805558,640330,NA,E09000006,7310,2940,1320,1020,2030,"VOA/HMRC Valuation Office, Non-domestic rating: stock of properties, 31 March 2025 edition"
2017,2017-18,E1831,26847199,223746,-419715,NA,-0,positional_17_18,3235182,-728034,-978011,-419715,-1173980,223746,NA,E07000234,3120,620,750,920,830,"VOA/HMRC Valuation Office, Non-domestic rating: stock of properties, 31 March 2025 edition"
2017,2017-18,E1931,40713072,570353,-248679,NA,-0,positional_17_18,3092087,-671837,-249436,-248679,72238,570353,NA,E07000095,2320,730,320,760,500,"VOA/HMRC Valuation Office, Non-domestic rating: stock of properties, 31 March 2025 edition"
2017,2017-18,E3033,24591829,143328,-96328,NA,-0,positional_17_18,902457,-653297,-716000,-96328,-669000,143328,NA,E07000172,2520,900,310,690,620,"VOA/HMRC Valuation Office, Non-domestic rating: stock of properties, 31 March 2025 edition"
2017,2017-18,E2333,27202925,430886,-492826,NA,-0,positional_17_18,1374980,-291287,-1301850,-492826,-1363790,430886,NA,E07000117,3910,1150,780,1150,840,"VOA/HMRC Valuation Office, Non-domestic rating: stock of properties, 31 March 2025 edition"
2017,2017-18,E4202,49565052,311634,-508145,NA,-0,positional_17_18,7151634,-1519351,-3769138,-508145,-3965649,311634,NA,E08000002,6040,1810,1200,1610,1420,"VOA/HMRC Valuation Office, Non-domestic rating: stock of properties, 31 March 2025 edition"
2017,2017-18,E4702,56191663,-31475,-722562,NA,-0,positional_17_18,5850334,-1951194,-2762958,-722562,-3516995,-31475,NA,E08000033,9250,2230,1590,3400,2030,"VOA/HMRC Valuation Office, Non-domestic rating: stock of properties, 31 March 2025 edition"
2017,2017-18,E0531,104341097,-0,-197724,NA,-5847,positional_17_18,2830772,-2532817,-671282,-197724,-869006,0,NA,E07000008,4320,1170,1260,520,1370,"VOA/HMRC Valuation Office, Non-domestic rating: stock of properties, 31 March 2025 edition"
2017,2017-18,E5011,586105624,2413377,-2670675,NA,-0,positional_17_18,11664504,-11446331,-7925658,-2670675,-8182956,2413377,NA,E09000007,17610,3730,7600,1280,5000,"VOA/HMRC Valuation Office, Non-domestic rating: stock of properties, 31 March 2025 edition"
2017,2017-18,E3431,30468789,300113,-209256,NA,-0,positional_17_18,1583865,-289048,-1331541,-209256,-1240684,300113,NA,E07000192,3330,940,520,1230,640,"VOA/HMRC Valuation Office, Non-domestic rating: stock of properties, 31 March 2025 edition"
2017,2017-18,E2232,52039783,134740,-98408,NA,-0,positional_17_18,1416247,-1123405,-566348,-98408,-530016,134740,NA,E07000106,5750,1380,850,1140,2390,"VOA/HMRC Valuation Office, Non-domestic rating: stock of properties, 31 March 2025 edition"
2017,2017-18,E0933,43819492,80503,-29819,NA,-0,positional_17_18,2013314,-691883,-340912,-29819,-290228,80503,NA,E07000028,4530,1040,810,1300,1370,"VOA/HMRC Valuation Office, Non-domestic rating: stock of properties, 31 March 2025 edition"
2017,2017-18,E1534,14186896,52736,-108633,NA,-0,positional_17_18,312429,-413806,-143528,-108633,-199425,52736,NA,E07000069,2000,650,200,660,490,"VOA/HMRC Valuation Office, Non-domestic rating: stock of properties, 31 March 2025 edition"
2017,2017-18,E0203,85936358,546016,-608123,NA,263766,positional_17_18,3268122,-1220434,-440533,-608123,-502640,546016,NA,E06000056,7060,1490,1290,2370,1920,"VOA/HMRC Valuation Office, Non-domestic rating: stock of properties, 31 March 2025 edition"
2017,2017-18,E2432,43792059,258380,-353859,NA,-0,positional_17_18,838537,-926541,-298041,-353859,-393520,258380,NA,E07000130,4740,1270,710,1620,1150,"VOA/HMRC Valuation Office, Non-domestic rating: stock of properties, 31 March 2025 edition"
2017,2017-18,E1535,80224345,-0,-44440,NA,286591,positional_17_18,2729029,-2323431,-873875,-44440,-918315,0,NA,E07000070,4910,1070,1160,1510,1170,"VOA/HMRC Valuation Office, Non-domestic rating: stock of properties, 31 March 2025 edition"
2017,2017-18,E1631,55581196,204951,-221081,NA,-0,positional_17_18,1247050,-5094822,-425964,-221081,-442094,204951,NA,E07000078,3980,1160,1270,760,800,"VOA/HMRC Valuation Office, Non-domestic rating: stock of properties, 31 March 2025 edition"
2017,2017-18,E3131,89402646,-0,-605117,NA,182210,positional_17_18,7275774,-4039736,-232307,-605117,-837424,0,NA,E07000177,4700,1090,1100,1330,1190,"VOA/HMRC Valuation Office, Non-domestic rating: stock of properties, 31 March 2025 edition"
2017,2017-18,E0603,140393203,1799087,-1708133,NA,41557,positional_17_18,5199641,-1199188,-1799087,-1708133,-1708133,1799087,NA,E06000049,14020,3480,3390,3400,3750,"VOA/HMRC Valuation Office, Non-domestic rating: stock of properties, 31 March 2025 edition"
2017,2017-18,E0604,156260864,1138551,-1136348,NA,-0,positional_17_18,3280678,-5371337,-2953763,-1136348,-2951560,1138551,NA,E06000050,10990,3350,2300,2490,2850,"VOA/HMRC Valuation Office, Non-domestic rating: stock of properties, 31 March 2025 edition"
2017,2017-18,E1033,34462387,30086,-8824,NA,-0,positional_17_18,859277,-590856,-696101,-8824,-674839,30086,NA,E07000034,4160,1030,780,1510,830,"VOA/HMRC Valuation Office, Non-domestic rating: stock of properties, 31 March 2025 edition"
2017,2017-18,E3833,45676748,276715,-250000,NA,-0,positional_17_18,1973809,-1654754,-896854,-250000,-870139,276715,NA,E07000225,4950,1050,710,1460,1730,"VOA/HMRC Valuation Office, Non-domestic rating: stock of properties, 31 March 2025 edition"
2017,2017-18,E0432,20286617,52795,-35050,NA,-0,positional_17_18,667499,-452382,-316809,-35050,-299064,52795,NA,E07000005,2590,700,630,560,700,"VOA/HMRC Valuation Office, Non-domestic rating: stock of properties, 31 March 2025 edition"
2017,2017-18,E2334,26863646,286452,-181047,NA,-0,positional_17_18,757647,-583368,-672182,-181047,-566777,286452,NA,E07000118,3430,900,630,1010,890,"VOA/HMRC Valuation Office, Non-domestic rating: stock of properties, 31 March 2025 edition"
2017,2017-18,E1232,20176207,68436,-73461,NA,-0,positional_17_18,740150,-347586,-290552,-73461,-295577,68436,NA,E07000048,1850,500,260,480,610,"VOA/HMRC Valuation Office, Non-domestic rating: stock of properties, 31 March 2025 edition"
2017,2017-18,E5010,1038273673,1221513,-832004,NA,-0,positional_17_18,23460054,-96798532,-10098837,-832004,-9709328,1221513,NA,E09000001,20100,1310,13060,1940,3800,"VOA/HMRC Valuation Office, Non-domestic rating: stock of properties, 31 March 2025 edition"
2017,2017-18,E1536,63466332,487324,-285410,NA,-0,positional_17_18,2466237,-1339361,-1304959,-285410,-1103045,487324,NA,E07000071,5790,1250,1170,1320,2060,"VOA/HMRC Valuation Office, Non-domestic rating: stock of properties, 31 March 2025 edition"
2017,2017-18,E0934,40517570,4932,0,NA,-0,positional_17_18,1008663,-726020,-175000,0,-170068,4932,NA,E07000029,2420,550,320,550,1010,"VOA/HMRC Valuation Office, Non-domestic rating: stock of properties, 31 March 2025 edition"
2017,2017-18,E2831,32754642,4047,-415213,NA,-0,positional_17_18,3620767,-782943,-857821,-415213,-1268987,4047,NA,E07000150,1900,380,310,800,420,"VOA/HMRC Valuation Office, Non-domestic rating: stock of properties, 31 March 2025 edition"
2017,2017-18,E0801,155361701,1138846,-1759683,NA,-0,positional_17_18,6782775,-3564156,-2464764,-1759683,-3085601,1138846,NA,E06000052,30490,5790,2700,7040,14970,"VOA/HMRC Valuation Office, Non-domestic rating: stock of properties, 31 March 2025 edition"
2017,2017-18,E1632,30951310,85347,-230577,NA,-0,positional_17_18,1265995,-945494,-292125,-230577,-437355,85347,NA,E07000079,4620,910,730,1340,1630,"VOA/HMRC Valuation Office, Non-domestic rating: stock of properties, 31 March 2025 edition"
2017,2017-18,E4602,122275592,1265281,-927675,NA,-0,positional_17_18,4510668,-2438125,-2711606,-927675,-2374000,1265281,NA,E08000026,8540,2610,1670,2240,2030,"VOA/HMRC Valuation Office, Non-domestic rating: stock of properties, 31 March 2025 edition"
2017,2017-18,E2731,17209967,46301,-59851,NA,-0,positional_17_18,406095,-64690,-138750,-59851,-152300,46301,NA,E07000163,3150,710,380,770,1280,"VOA/HMRC Valuation Office, Non-domestic rating: stock of properties, 31 March 2025 edition"
2017,2017-18,E3834,118894689,369503,224078,NA,-0,positional_17_18,1777094,-3305381,-1559180,224078,-965599,369503,NA,E07000226,3170,580,930,800,850,"VOA/HMRC Valuation Office, Non-domestic rating: stock of properties, 31 March 2025 edition"
2017,2017-18,E5035,111473995,4990007,-1105901,NA,-0,positional_17_18,7814152,-5764249,-11215544,-1105901,-7331438,4990007,NA,E09000008,9120,3480,1980,1390,2270,"VOA/HMRC Valuation Office, Non-domestic rating: stock of properties, 31 March 2025 edition"
2017,2017-18,E1932,61829646,356346,-287034,NA,-0,positional_17_18,1975299,-1474703,-727020,-287034,-657708,356346,NA,E07000096,4500,930,1220,1120,1230,"VOA/HMRC Valuation Office, Non-domestic rating: stock of properties, 31 March 2025 edition"
2017,2017-18,E1301,34119782,337690,-372000,NA,-0,positional_17_18,1585422,-633050,-362440,-372000,-396750,337690,NA,E06000005,3680,1110,710,1080,780,"VOA/HMRC Valuation Office, Non-domestic rating: stock of properties, 31 March 2025 edition"
2017,2017-18,E2233,88775574,191476,-185829,NA,-0,positional_17_18,1651069,-3296365,-1343777,-185829,-1338130,191476,NA,E07000107,3200,950,650,700,910,"VOA/HMRC Valuation Office, Non-domestic rating: stock of properties, 31 March 2025 edition"
2017,2017-18,E2832,46569850,48084,-3612,NA,-0,positional_17_18,257704,-306122,-209196,-3612,-164724,48084,NA,E07000151,2650,380,430,1010,830,"VOA/HMRC Valuation Office, Non-domestic rating: stock of properties, 31 March 2025 edition"
2017,2017-18,E1001,87633399,2102156,-574815,NA,-0,positional_17_18,5629428,-596729,-4362950,-574815,-2835609,2102156,NA,E06000015,7720,2270,1940,1700,1820,"VOA/HMRC Valuation Office, Non-domestic rating: stock of properties, 31 March 2025 edition"
2017,2017-18,E1035,17008234,154758,-129578,NA,-0,positional_17_18,729720,-275574,-165000,-129578,-139820,154758,NA,E07000035,4000,850,390,980,1790,"VOA/HMRC Valuation Office, Non-domestic rating: stock of properties, 31 March 2025 edition"
2017,2017-18,E4402,98492013,2084067,-1409201,NA,137114,positional_17_18,5990348,-1271309,-3375125,-1409201,-2700259,2084067,NA,E08000017,9300,2910,1470,2640,2280,"VOA/HMRC Valuation Office, Non-domestic rating: stock of properties, 31 March 2025 edition"
2017,2017-18,E2234,37342512,39313,-32701,NA,-0,positional_17_18,2173670,-960394,-1761540,-32701,-1754928,39313,NA,E07000108,3960,900,780,890,1390,"VOA/HMRC Valuation Office, Non-domestic rating: stock of properties, 31 March 2025 edition"
2017,2017-18,E4603,89513682,732722,-1002722,NA,-0,positional_17_18,7811793,-960631,-4810000,-1002722,-5080000,732722,NA,E08000027,10590,2820,1720,3750,2310,"VOA/HMRC Valuation Office, Non-domestic rating: stock of properties, 31 March 2025 edition"
2017,2017-18,E1302,114140528,2427290,-1274594,NA,-0,positional_17_18,4185964,-3423741,-4158923,-1274594,-3006227,2427290,NA,E06000047,15190,4280,2210,4060,4640,"VOA/HMRC Valuation Office, Non-domestic rating: stock of properties, 31 March 2025 edition"
2017,2017-18,E5036,150575813,3909900,-1189222,NA,-0,positional_17_18,14367599,-10647199,-9685238,-1189222,-6964560,3909900,NA,E09000009,10180,3640,1760,2790,1980,"VOA/HMRC Valuation Office, Non-domestic rating: stock of properties, 31 March 2025 edition"
2017,2017-18,E0532,21065546,176641,-279840,NA,-0,positional_17_18,1147882,-394114,-226644,-279840,-329843,176641,NA,E07000009,2320,400,370,750,800,"VOA/HMRC Valuation Office, Non-domestic rating: stock of properties, 31 March 2025 edition"
2017,2017-18,E1131,32967329,373774,-196352,NA,-6259,positional_17_18,794395,-951088,-308075,-196352,-130653,373774,NA,E07000040,6190,1290,570,1850,2480,"VOA/HMRC Valuation Office, Non-domestic rating: stock of properties, 31 March 2025 edition"
2017,2017-18,E1233,21675551,76825,-62447,NA,-0,positional_17_18,448838,-198354,-313754,-62447,-299376,76825,NA,E07000049,2800,510,490,1070,730,"VOA/HMRC Valuation Office, Non-domestic rating: stock of properties, 31 March 2025 edition"
2017,2017-18,E1732,30653027,297657,-258400,NA,-0,positional_17_18,1324637,-434171,-432186,-258400,-392929,297657,NA,E07000085,3820,820,680,1390,930,"VOA/HMRC Valuation Office, Non-domestic rating: stock of properties, 31 March 2025 edition"
2017,2017-18,E1933,44245072,350371,-446204,NA,-0,positional_17_18,1360599,-456063,-1004477,-446204,-1100310,350371,NA,E07000242,4580,970,1010,1290,1310,"VOA/HMRC Valuation Office, Non-domestic rating: stock of properties, 31 March 2025 edition"
2017,2017-18,E2532,35147150,310622,-428624,NA,-0,positional_17_18,3182637,-1031920,-1214998,-428624,-1333000,310622,NA,E07000137,7250,1670,510,1710,3360,"VOA/HMRC Valuation Office, Non-domestic rating: stock of properties, 31 March 2025 edition"
2017,2017-18,E2833,30418723,59232,-370139,NA,-0,positional_17_18,876605,-338124,-132754,-370139,-443661,59232,NA,E07000152,2460,580,360,790,730,"VOA/HMRC Valuation Office, Non-domestic rating: stock of properties, 31 March 2025 edition"
2017,2017-18,E2001,105652998,723534,-649974,NA,-0,positional_17_18,3235740,-1854573,-1908297,-649974,-1834737,723534,NA,E06000011,11080,2920,1470,2790,3900,"VOA/HMRC Valuation Office, Non-domestic rating: stock of properties, 31 March 2025 edition"
2017,2017-18,E3432,56396028,672883,-726025,NA,-0,positional_17_18,2712915,-1793860,-591578,-726025,-644720,672883,NA,E07000193,4140,1110,700,1310,1010,"VOA/HMRC Valuation Office, Non-domestic rating: stock of properties, 31 March 2025 edition"
2017,2017-18,E1432,33321155,277246,-203279,NA,-0,positional_17_18,2300139,-2127697,-489288,-203279,-415321,277246,NA,E07000061,3110,1120,510,540,940,"VOA/HMRC Valuation Office, Non-domestic rating: stock of properties, 31 March 2025 edition"
2017,2017-18,E1733,60057143,137567,-232753,NA,-0,positional_17_18,1084165,-557414,-474146,-232753,-569332,137567,NA,E07000086,3120,700,630,1010,780,"VOA/HMRC Valuation Office, Non-domestic rating: stock of properties, 31 March 2025 edition"
2017,2017-18,E0935,20517767,199947,-92550,NA,-0,positional_17_18,806053,-97129,-155573,-92550,-48176,199947,NA,E07000030,3340,530,300,840,1680,"VOA/HMRC Valuation Office, Non-domestic rating: stock of properties, 31 March 2025 edition"
2017,2017-18,E3631,60011703,145578,-62732,NA,-0,positional_17_18,540544,-1826519,-335000,-62732,-252154,145578,NA,E07000207,3580,1190,770,630,990,"VOA/HMRC Valuation Office, Non-domestic rating: stock of properties, 31 March 2025 edition"
2017,2017-18,E5037,110393872,922395,-1218639,NA,-0,positional_17_18,6609823,-5172182,-3911534,-1218639,-4207778,922395,NA,E09000010,7050,2670,1060,1650,1660,"VOA/HMRC Valuation Office, Non-domestic rating: stock of properties, 31 March 2025 edition"
2017,2017-18,E1537,34823299,237342,-327072,NA,-0,positional_17_18,1328746,-1318807,-270948,-327072,-360678,237342,NA,E07000072,4140,930,830,1390,990,"VOA/HMRC Valuation Office, Non-domestic rating: stock of properties, 31 March 2025 edition"
2017,2017-18,E3632,24083126,105973,-144380,NA,-0,positional_17_18,256318,-169569,-91020,-144380,-129427,105973,NA,E07000208,1780,600,410,220,550,"VOA/HMRC Valuation Office, Non-domestic rating: stock of properties, 31 March 2025 edition"
2017,2017-18,E1036,23864617,261846,-110579,NA,-0,positional_17_18,953257,-912332,-686500,-110579,-535233,261846,NA,E07000036,3530,950,400,1450,740,"VOA/HMRC Valuation Office, Non-domestic rating: stock of properties, 31 March 2025 edition"
2017,2017-18,E1132,79284612,-0,-360000,NA,216909,positional_17_18,2962361,-1663680,-210000,-360000,-570000,0,NA,E07000041,4970,1220,1420,960,1370,"VOA/HMRC Valuation Office, Non-domestic rating: stock of properties, 31 March 2025 edition"
2017,2017-18,E1734,39739489,506104,-735075,NA,-0,positional_17_18,856230,-1583228,-385861,-735075,-614832,506104,NA,E07000087,3170,660,620,1000,890,"VOA/HMRC Valuation Office, Non-domestic rating: stock of properties, 31 March 2025 edition"
2017,2017-18,E0533,25248258,168475,-407641,NA,-0,positional_17_18,1796022,-484027,-725794,-407641,-964960,168475,NA,E07000010,3060,790,410,1070,790,"VOA/HMRC Valuation Office, Non-domestic rating: stock of properties, 31 March 2025 edition"
2017,2017-18,E3532,23466756,64753,-132017,NA,-0,positional_17_18,1078169,-477333,-252214,-132017,-319478,64753,NA,NA,NA,NA,NA,NA,NA,"VOA/HMRC Valuation Office, Non-domestic rating: stock of properties, 31 March 2025 edition"
2017,2017-18,E1633,11808693,9621,-17121,NA,-0,positional_17_18,602582,-321972,-270000,-17121,-277500,9621,NA,E07000080,3240,560,350,1340,990,"VOA/HMRC Valuation Office, Non-domestic rating: stock of properties, 31 March 2025 edition"
2017,2017-18,E2335,24542162,417039,-728700,NA,-0,positional_17_18,1616119,-1839142,-874226,-728700,-1185887,417039,NA,E07000119,2870,840,490,760,770,"VOA/HMRC Valuation Office, Non-domestic rating: stock of properties, 31 March 2025 edition"
2017,2017-18,E4501,87016547,1172602,492398,NA,-0,positional_17_18,2886911,-1361678,-3165000,492398,-1500000,1172602,NA,E08000037,6650,1820,1520,2070,1250,"VOA/HMRC Valuation Office, Non-domestic rating: stock of properties, 31 March 2025 edition"
2017,2017-18,E3034,21552146,49151,-105975,NA,-0,positional_17_18,460176,-312993,-190876,-105975,-247700,49151,NA,E07000173,2510,760,310,740,700,"VOA/HMRC Valuation Office, Non-domestic rating: stock of properties, 31 March 2025 edition"
2017,2017-18,E1634,54095088,796496,-387395,NA,-696495,positional_17_18,1936555,-576087,-1690440,-387395,-1281339,796496,NA,E07000081,4040,1060,960,1100,920,"VOA/HMRC Valuation Office, Non-domestic rating: stock of properties, 31 March 2025 edition"
2017,2017-18,E1735,15393919,156891,-19391,NA,-0,positional_17_18,928587,-159677,-935200,-19391,-797700,156891,NA,E07000088,1940,630,200,600,510,"VOA/HMRC Valuation Office, Non-domestic rating: stock of properties, 31 March 2025 edition"
2017,2017-18,E2236,23022687,-35504,-322557,NA,-1372,positional_17_18,1466226,-263902,-1057439,-322557,-1415500,-35504,NA,E07000109,2300,770,300,540,690,"VOA/HMRC Valuation Office, Non-domestic rating: stock of properties, 31 March 2025 edition"
2017,2017-18,E2633,28008103,367509,56189,NA,-0,positional_17_18,1403904,-741455,-34133,56189,389565,367509,NA,E07000145,4780,1050,440,1120,2160,"VOA/HMRC Valuation Office, Non-domestic rating: stock of properties, 31 March 2025 edition"
2017,2017-18,E5012,83335496,1101207,-359813,NA,-0,positional_17_18,2959417,-5100356,-2199751,-359813,-1458357,1101207,NA,E09000011,5220,1920,820,1090,1390,"VOA/HMRC Valuation Office, Non-domestic rating: stock of properties, 31 March 2025 edition"
2017,2017-18,E3633,82946236,157733,-385466,NA,-0,positional_17_18,603970,-2044974,-900000,-385466,-1127733,157733,NA,E07000209,4390,940,1310,870,1280,"VOA/HMRC Valuation Office, Non-domestic rating: stock of properties, 31 March 2025 edition"
2017,2017-18,E5013,108154282,-0,-2674123,NA,-0,positional_17_18,28636603,-18058909,-17366863,-2674123,-20040986,0,NA,E09000012,10490,2860,2950,2660,2020,"VOA/HMRC Valuation Office, Non-domestic rating: stock of properties, 31 March 2025 edition"
2017,2017-18,E0601,53295737,23602,-399707,NA,-0,positional_17_18,4411294,-215902,-2788408,-399707,-3164513,23602,NA,E06000006,3590,1040,640,1200,720,"VOA/HMRC Valuation Office, Non-domestic rating: stock of properties, 31 March 2025 edition"
2017,2017-18,E2732,27204014,107439,-152150,NA,-0,positional_17_18,764821,-358010,-233977,-152150,-278688,107439,NA,E07000164,4110,740,710,1330,1340,"VOA/HMRC Valuation Office, Non-domestic rating: stock of properties, 31 March 2025 edition"
2017,2017-18,E5014,202337005,3017761,-3076602,NA,-0,positional_17_18,23204051,-32728506,-15953952,-3076602,-16012793,3017761,NA,E09000013,9380,2770,3220,890,2510,"VOA/HMRC Valuation Office, Non-domestic rating: stock of properties, 31 March 2025 edition"
2017,2017-18,E2433,39864292,142012,-112509,NA,-0,positional_17_18,130517,-425003,-36995,-112509,-7492,142012,NA,E07000131,2950,570,670,850,850,"VOA/HMRC Valuation Office, Non-domestic rating: stock of properties, 31 March 2025 edition"
2017,2017-18,E5038,65841798,1056544,-1326804,NA,-0,positional_17_18,9336867,-9504754,-4968445,-1326804,-5238705,1056544,NA,E09000014,6990,2930,910,1780,1370,"VOA/HMRC Valuation Office, Non-domestic rating: stock of properties, 31 March 2025 edition"
2017,2017-18,E1538,47797825,-0,-853000,NA,-0,positional_17_18,3830708,-900437,-1493000,-853000,-2346000,0,NA,E07000073,2400,520,520,810,550,"VOA/HMRC Valuation Office, Non-domestic rating: stock of properties, 31 March 2025 edition"
2017,2017-18,E2753,61598773,417904,-920443,NA,-0,positional_17_18,3025459,-1347034,-1045003,-920443,-1547542,417904,NA,E07000165,7330,1560,1680,1890,2200,"VOA/HMRC Valuation Office, Non-domestic rating: stock of properties, 31 March 2025 edition"
2017,2017-18,E5039,51280155,537945,-1290056,NA,-0,positional_17_18,3167958,-466201,-1776772,-1290056,-2528883,537945,NA,E09000015,5470,2030,1560,660,1220,"VOA/HMRC Valuation Office, Non-domestic rating: stock of properties, 31 March 2025 edition"
2017,2017-18,E1736,29332561,-0,-425252,NA,178582,positional_17_18,1659661,-1277724,-471436,-425252,-896688,0,NA,E07000089,2260,510,530,580,640,"VOA/HMRC Valuation Office, Non-domestic rating: stock of properties, 31 March 2025 edition"
2017,2017-18,E0701,32263903,117441,-226869,NA,-0,positional_17_18,1791616,-667591,-953472,-226869,-1062900,117441,NA,E06000001,2810,960,370,790,680,"VOA/HMRC Valuation Office, Non-domestic rating: stock of properties, 31 March 2025 edition"
2017,2017-18,E1433,21489163,130338,-327332,NA,44,positional_17_18,1429303,-595250,-790470,-327332,-987464,130338,NA,E07000062,3460,1040,420,880,1120,"VOA/HMRC Valuation Office, Non-domestic rating: stock of properties, 31 March 2025 edition"
2017,2017-18,E1737,34618234,-0,-67985,NA,234028,positional_17_18,421776,-688277,-156510,-67985,-224495,0,NA,E07000090,3310,960,510,720,1120,"VOA/HMRC Valuation Office, Non-domestic rating: stock of properties, 31 March 2025 edition"
2017,2017-18,E5040,79122256,583506,-652506,NA,-0,positional_17_18,2739160,-4875219,-1980201,-652506,-2049202,583506,NA,E09000016,5950,2240,790,1460,1460,"VOA/HMRC Valuation Office, Non-domestic rating: stock of properties, 31 March 2025 edition"
2017,2017-18,E1801,46893061,198592,-201032,NA,-0,positional_17_18,1460324,-1007060,-548884,-201032,-551324,198592,NA,E06000019,8010,1670,1200,2490,2660,"VOA/HMRC Valuation Office, Non-domestic rating: stock of properties, 31 March 2025 edition"
2017,2017-18,E1934,46403242,55846,-146662,NA,-0,positional_17_18,1072449,-2606717,-279204,-146662,-370020,55846,NA,E07000098,3220,700,970,730,820,"VOA/HMRC Valuation Office, Non-domestic rating: stock of properties, 31 March 2025 edition"
2017,2017-18,E1037,23671140,106591,-182046,NA,-0,positional_17_18,1171530,-454494,-721715,-182046,-797170,106591,NA,E07000037,3540,930,400,1070,1140,"VOA/HMRC Valuation Office, Non-domestic rating: stock of properties, 31 March 2025 edition"
2017,2017-18,E5041,375857743,643022,517110,NA,609661,positional_17_18,9580618,-21579057,-1360194,517110,-200062,643022,NA,E09000017,8470,3200,1810,1680,1790,"VOA/HMRC Valuation Office, Non-domestic rating: stock of properties, 31 March 2025 edition"
2017,2017-18,E2434,31759684,197533,-44090,NA,62025,positional_17_18,171498,-267289,-197533,-44090,-44090,197533,NA,E07000132,3100,710,420,1200,760,"VOA/HMRC Valuation Office, Non-domestic rating: stock of properties, 31 March 2025 edition"
2017,2017-18,E3835,39527193,666714,-111729,NA,-0,positional_17_18,1914680,-2500490,-1543871,-111729,-988886,666714,NA,E07000227,4540,880,790,1640,1220,"VOA/HMRC Valuation Office, Non-domestic rating: stock of properties, 31 March 2025 edition"
2017,2017-18,E5042,178437770,-834323,1734323,NA,-0,positional_17_18,7859744,-7526336,-3500000,1734323,-2600000,-834323,NA,E09000018,7230,2030,2050,1600,1550,"VOA/HMRC Valuation Office, Non-domestic rating: stock of properties, 31 March 2025 edition"
2017,2017-18,E0551,57405216,115955,146935,NA,-0,positional_17_18,929512,-1334926,623094,146935,885984,115955,NA,E07000011,5100,980,970,1720,1440,"VOA/HMRC Valuation Office, Non-domestic rating: stock of properties, 31 March 2025 edition"
2017,2017-18,E2336,19883556,1145044,-491915,NA,-0,positional_17_18,3434896,-1159552,-3050149,-491915,-2397020,1145044,NA,E07000120,3320,1070,390,1180,680,"VOA/HMRC Valuation Office, Non-domestic rating: stock of properties, 31 March 2025 edition"
2017,2017-18,E3533,53578857,385301,-495237,NA,-0,positional_17_18,1641940,-304665,-782201,-495237,-892137,385301,NA,E07000202,4490,1270,1160,880,1180,"VOA/HMRC Valuation Office, Non-domestic rating: stock of properties, 31 March 2025 edition"
2017,2017-18,E2101,35696580,274231,-251044,NA,-0,positional_17_18,1101312,-872086,-447132,-251044,-423945,274231,NA,E06000046,6890,1640,560,1620,3080,"VOA/HMRC Valuation Office, Non-domestic rating: stock of properties, 31 March 2025 edition"
2017,2017-18,E4001,1531313,1,-13349,NA,-0,positional_17_18,105161,-9836,-48052,-13349,-61400,1,NA,E06000053,450,40,20,80,310,"VOA/HMRC Valuation Office, Non-domestic rating: stock of properties, 31 March 2025 edition"
2017,2017-18,E5015,246193125,1929276,-4246739,NA,33135,positional_17_18,23883337,-23001850,-15866233,-4246739,-18183696,1929276,NA,E09000019,11220,2960,4270,1410,2580,"VOA/HMRC Valuation Office, Non-domestic rating: stock of properties, 31 March 2025 edition"
2017,2017-18,E5016,317084790,519579,-1197353,NA,76006,positional_17_18,10051434,-15163697,-3361659,-1197353,-4039433,519579,NA,E09000020,8880,2880,2820,840,2340,"VOA/HMRC Valuation Office, Non-domestic rating: stock of properties, 31 March 2025 edition"
2017,2017-18,E2834,31351894,199776,-157991,NA,-0,positional_17_18,290495,-835141,-103565,-157991,-61780,199776,NA,E07000153,2620,750,420,750,700,"VOA/HMRC Valuation Office, Non-domestic rating: stock of properties, 31 March 2025 edition"
2017,2017-18,E2634,42280552,169347,-27765,NA,-0,positional_17_18,744773,-431414,-512216,-27765,-370634,169347,NA,E07000146,5730,1200,520,1360,2650,"VOA/HMRC Valuation Office, Non-domestic rating: stock of properties, 31 March 2025 edition"
2017,2017-18,E2002,82490670,946096,-946096,NA,-0,positional_17_18,6589596,-575964,-1250000,-946096,-1250000,946096,NA,E06000010,9040,2770,1580,2620,2070,"VOA/HMRC Valuation Office, Non-domestic rating: stock of properties, 31 March 2025 edition"
2017,2017-18,E5043,85478121,132187,-33028,NA,13444,positional_17_18,3946359,-820554,-5623140,-33028,-5523981,132187,NA,E09000021,4750,1530,1320,760,1140,"VOA/HMRC Valuation Office, Non-domestic rating: stock of properties, 31 March 2025 edition"
2017,2017-18,E4703,104291922,923484,-792250,NA,-0,positional_17_18,4591361,-1314616,-2789016,-792250,-2657782,923484,NA,E08000034,15720,4270,2630,5530,3280,"VOA/HMRC Valuation Office, Non-domestic rating: stock of properties, 31 March 2025 edition"
2017,2017-18,E4301,42479484,-1026,-328161,NA,-0,positional_17_18,4032655,-1343731,-1764328,-328161,-2093515,-1026,NA,E08000011,3310,910,480,1160,760,"VOA/HMRC Valuation Office, Non-domestic rating: stock of properties, 31 March 2025 edition"
2017,2017-18,E5017,134916179,617057,-1090733,NA,-0,positional_17_18,4542132,-15476882,-3289175,-1090733,-3762851,617057,NA,E09000022,8930,3050,1890,1910,2090,"VOA/HMRC Valuation Office, Non-domestic rating: stock of properties, 31 March 2025 edition"
2017,2017-18,E2337,64665933,-0,182970,NA,107307,positional_17_18,1344699,-568095,-442629,182970,-259659,0,NA,E07000121,5180,1460,780,1330,1600,"VOA/HMRC Valuation Office, Non-domestic rating: stock of properties, 31 March 2025 edition"
2017,2017-18,E4704,355732046,2424938,-2701545,NA,-0,positional_17_18,11529326,-12819661,-6576638,-2701545,-6853245,2424938,NA,E08000035,28550,6960,7610,6200,7780,"VOA/HMRC Valuation Office, Non-domestic rating: stock of properties, 31 March 2025 edition"
2017,2017-18,E2401,100525989,1422825,-1800730,NA,-0,positional_17_18,11001775,-2460618,-4014066,-1800730,-4391971,1422825,NA,E06000016,12220,3750,1900,4180,2390,"VOA/HMRC Valuation Office, Non-domestic rating: stock of properties, 31 March 2025 edition"
2017,2017-18,E1435,24133237,102122,-102122,NA,-0,positional_17_18,867603,-1358978,-305000,-102122,-305000,102122,NA,E07000063,3460,760,590,1200,910,"VOA/HMRC Valuation Office, Non-domestic rating: stock of properties, 31 March 2025 edition"
2017,2017-18,E5018,55854200,883905,-367389,NA,-0,positional_17_18,3263783,-11514793,-2338383,-367389,-1821867,883905,NA,E09000023,6030,2730,620,1200,1470,"VOA/HMRC Valuation Office, Non-domestic rating: stock of properties, 31 March 2025 edition"
2017,2017-18,E3433,33948293,98636,-1514,NA,-0,positional_17_18,750081,-434567,-348810,-1514,-251688,98636,NA,E07000194,3010,700,580,930,800,"VOA/HMRC Valuation Office, Non-domestic rating: stock of properties, 31 March 2025 edition"
2017,2017-18,E2533,41812630,148402,-169492,NA,-0,positional_17_18,1218135,-1726605,-464999,-169492,-486089,148402,NA,E07000138,3490,1090,810,670,920,"VOA/HMRC Valuation Office, Non-domestic rating: stock of properties, 31 March 2025 edition"
2017,2017-18,E4302,199195361,4318905,-6270496,NA,-0,positional_17_18,49146099,-4584754,-41466197,-6270496,-43417788,4318905,NA,E08000012,18470,5640,4160,3540,5130,"VOA/HMRC Valuation Office, Non-domestic rating: stock of properties, 31 March 2025 edition"
2017,2017-18,E0201,66295166,2860369,-1546376,NA,-0,positional_17_18,11290150,-3858546,-7536330,-1546376,-6222337,2860369,NA,E06000032,5660,1710,1180,1410,1360,"VOA/HMRC Valuation Office, Non-domestic rating: stock of properties, 31 March 2025 edition"
2017,2017-18,E2237,56877262,644723,-389312,NA,-0,positional_17_18,3380572,-1875922,-1836493,-389312,-1581082,644723,NA,E07000110,4970,1040,1250,1310,1370,"VOA/HMRC Valuation Office, Non-domestic rating: stock of properties, 31 March 2025 edition"
2017,2017-18,E1539,13941686,39490,-113490,NA,-0,positional_17_18,632601,-309668,-284000,-113490,-358000,39490,NA,E07000074,2430,430,340,930,720,"VOA/HMRC Valuation Office, Non-domestic rating: stock of properties, 31 March 2025 edition"
2017,2017-18,E1851,14574613,144765,50506,NA,-0,positional_17_18,454620,-118192,-152484,50506,42787,144765,NA,E07000235,2860,530,490,910,930,"VOA/HMRC Valuation Office, Non-domestic rating: stock of properties, 31 March 2025 edition"
2017,2017-18,E4203,338086181,3106384,-10462173,NA,-0,positional_17_18,42038280,-11118381,-15461929,-10462173,-22817718,3106384,NA,E08000003,25960,5870,7760,4460,7870,"VOA/HMRC Valuation Office, Non-domestic rating: stock of properties, 31 March 2025 edition"
2017,2017-18,E3035,26974383,455950,-256758,NA,-0,positional_17_18,473978,-149344,-636629,-256758,-437437,455950,NA,E07000174,3190,910,580,980,720,"VOA/HMRC Valuation Office, Non-domestic rating: stock of properties, 31 March 2025 edition"
2017,2017-18,E2201,88561042,622945,-1636037,NA,-0,positional_17_18,6603902,-3342677,-2924704,-1636037,-3937796,622945,NA,E06000035,6180,1920,880,1840,1540,"VOA/HMRC Valuation Office, Non-domestic rating: stock of properties, 31 March 2025 edition"
2017,2017-18,E2436,13550190,123527,-182600,NA,88154,positional_17_18,458250,-114535,-123527,-182600,-182600,123527,NA,E07000133,1560,340,170,570,480,"VOA/HMRC Valuation Office, Non-domestic rating: stock of properties, 31 March 2025 edition"
2017,2017-18,E3331,34347427,104204,-968,NA,-0,positional_17_18,548745,-1431768,-408176,-968,-304940,104204,NA,E07000187,4290,1030,580,1410,1270,"VOA/HMRC Valuation Office, Non-domestic rating: stock of properties, 31 March 2025 edition"
2017,2017-18,E5044,88837441,380568,-1145926,NA,-0,positional_17_18,2889012,-2992382,-2410139,-1145926,-3175497,380568,NA,E09000024,5380,1730,1070,1110,1470,"VOA/HMRC Valuation Office, Non-domestic rating: stock of properties, 31 March 2025 edition"
2017,2017-18,E1133,14548416,126587,-137495,NA,-0,positional_17_18,273659,-375463,-158775,-137495,-169683,126587,NA,E07000042,2930,530,300,1040,1060,"VOA/HMRC Valuation Office, Non-domestic rating: stock of properties, 31 March 2025 edition"
2017,2017-18,E3534,20102607,86210,-10000,NA,-0,positional_17_18,206486,-80929,-135000,-10000,-58790,86210,NA,E07000203,3340,490,520,1240,1090,"VOA/HMRC Valuation Office, Non-domestic rating: stock of properties, 31 March 2025 edition"
2017,2017-18,E3836,42605692,405682,-279607,NA,-0,positional_17_18,2010932,-1279260,-1335795,-279607,-1209720,405682,NA,E07000228,4250,1020,980,1090,1160,"VOA/HMRC Valuation Office, Non-domestic rating: stock of properties, 31 March 2025 edition"
2017,2017-18,E0702,40275091,547979,-271796,NA,90871,positional_17_18,8227003,-1969647,-5671581,-271796,-5395398,547979,NA,E06000002,4360,1410,820,990,1150,"VOA/HMRC Valuation Office, Non-domestic rating: stock of properties, 31 March 2025 edition"
2017,2017-18,E0401,172083906,810033,-2110033,NA,-0,positional_17_18,4752847,-3944204,-1700000,-2110033,-3000000,810033,NA,E06000042,7510,1580,2200,2140,1600,"VOA/HMRC Valuation Office, Non-domestic rating: stock of properties, 31 March 2025 edition"
2017,2017-18,E3634,40890994,109496,-190000,NA,-0,positional_17_18,2601565,-2620649,-590000,-190000,-670504,109496,NA,E07000210,3300,690,960,850,790,"VOA/HMRC Valuation Office, Non-domestic rating: stock of properties, 31 March 2025 edition"
2017,2017-18,E1738,65950912,318149,-199998,NA,-0,positional_17_18,1134278,-2711711,-446760,-199998,-328609,318149,NA,E07000091,6700,1580,770,1640,2720,"VOA/HMRC Valuation Office, Non-domestic rating: stock of properties, 31 March 2025 edition"
2017,2017-18,E3036,39166213,206362,-198710,NA,-0,positional_17_18,1343727,-571719,-376627,-198710,-368975,206362,NA,E07000175,4010,940,740,1210,1130,"VOA/HMRC Valuation Office, Non-domestic rating: stock of properties, 31 March 2025 edition"
2017,2017-18,E4502,146120921,1177178,-1951468,NA,-0,positional_17_18,9390301,-5983164,-3766310,-1951468,-4540600,1177178,NA,E08000021,10720,2910,3320,1650,2850,"VOA/HMRC Valuation Office, Non-domestic rating: stock of properties, 31 March 2025 edition"
2017,2017-18,E3434,34777095,459353,-287706,NA,-0,positional_17_18,2018396,-1029055,-767090,-287706,-595443,459353,NA,E07000195,3500,950,640,980,920,"VOA/HMRC Valuation Office, Non-domestic rating: stock of properties, 31 March 2025 edition"
2017,2017-18,E5045,152145310,215638,87373,NA,-0,positional_17_18,5733562,-7900244,-2750990,87373,-2447979,215638,NA,E09000025,7390,3570,1060,1330,1430,"VOA/HMRC Valuation Office, Non-domestic rating: stock of properties, 31 March 2025 edition"
2017,2017-18,E1134,31770149,315279,-197611,NA,-0,positional_17_18,1254145,-956159,-846373,-197611,-728705,315279,NA,E07000043,5430,1140,480,1200,2610,"VOA/HMRC Valuation Office, Non-domestic rating: stock of properties, 31 March 2025 edition"
2017,2017-18,E1234,12804467,39138,94862,NA,-0,positional_17_18,376779,-53193,-492000,94862,-358000,39138,NA,E07000050,2450,540,290,860,750,"VOA/HMRC Valuation Office, Non-domestic rating: stock of properties, 31 March 2025 edition"
2017,2017-18,E1038,15864972,77492,-62988,NA,-0,positional_17_18,879161,-188067,-279806,-62988,-265302,77492,NA,E07000038,2670,550,390,900,840,"VOA/HMRC Valuation Office, Non-domestic rating: stock of properties, 31 March 2025 edition"
2017,2017-18,E2003,65420212,535981,-795807,NA,-0,positional_17_18,6412200,-3364465,-2343106,-795807,-2602932,535981,NA,E06000012,5500,1690,680,1690,1440,"VOA/HMRC Valuation Office, Non-domestic rating: stock of properties, 31 March 2025 edition"
2017,2017-18,E1935,37694277,391136,-449382,NA,-0,positional_17_18,1153361,-659640,-575560,-449382,-633806,391136,NA,E07000099,4430,960,980,1400,1080,"VOA/HMRC Valuation Office, Non-domestic rating: stock of properties, 31 March 2025 edition"
2017,2017-18,E2534,25758468,91770,-55173,NA,-0,positional_17_18,522306,-1048745,-170192,-55173,-133595,91770,NA,E07000139,3210,580,520,1160,950,"VOA/HMRC Valuation Office, Non-domestic rating: stock of properties, 31 March 2025 edition"
2017,2017-18,E2004,82329204,847438,-217438,NA,-0,positional_17_18,4625729,-2968652,-1744000,-217438,-1114000,847438,NA,E06000013,5530,1420,530,1920,1660,"VOA/HMRC Valuation Office, Non-domestic rating: stock of properties, 31 March 2025 edition"
2017,2017-18,E2635,23890660,46394,-85024,NA,-0,positional_17_18,352020,-478835,-190167,-85024,-228797,46394,NA,E07000147,6910,1170,370,1300,4080,"VOA/HMRC Valuation Office, Non-domestic rating: stock of properties, 31 March 2025 edition"
2017,2017-18,E0104,62554794,776054,-480192,NA,-0,positional_17_18,3585659,-2584904,-2094135,-480192,-1798273,776054,NA,E06000024,6290,1490,1270,1730,1800,"VOA/HMRC Valuation Office, Non-domestic rating: stock of properties, 31 March 2025 edition"
2017,2017-18,E4503,58317283,322174,-688604,NA,-0,positional_17_18,4978224,-1375354,-2350080,-688604,-2716510,322174,NA,E08000022,5580,1750,1130,1390,1310,"VOA/HMRC Valuation Office, Non-domestic rating: stock of properties, 31 March 2025 edition"
2017,2017-18,E3731,49210010,58136,-32339,NA,-0,positional_17_18,110441,-130341,-72130,-32339,-46333,58136,NA,E07000218,2310,410,370,910,630,"VOA/HMRC Valuation Office, Non-domestic rating: stock of properties, 31 March 2025 edition"
2017,2017-18,E2437,54771017,137059,-150450,NA,-0,positional_17_18,500778,-1098454,-259720,-150450,-273111,137059,NA,E07000134,3290,660,720,1110,810,"VOA/HMRC Valuation Office, Non-domestic rating: stock of properties, 31 March 2025 edition"
2017,2017-18,E2835,105640989,619998,-1649160,NA,1720537,positional_17_18,4081355,-2323472,-619998,-1649160,-1649160,619998,NA,E07000154,6400,1580,1560,1890,1370,"VOA/HMRC Valuation Office, Non-domestic rating: stock of properties, 31 March 2025 edition"
2017,2017-18,E2901,78505027,588381,-63446,NA,-0,positional_17_18,2768986,-969608,-1570450,-63446,-1045515,588381,NA,E06000057,12660,2730,1560,3070,5300,"VOA/HMRC Valuation Office, Non-domestic rating: stock of properties, 31 March 2025 edition"
2017,2017-18,E2636,75608038,670889,-198670,NA,-0,positional_17_18,3011596,-921485,-2038517,-198670,-1566298,670889,NA,E07000148,6420,1700,1500,1390,1830,"VOA/HMRC Valuation Office, Non-domestic rating: stock of properties, 31 March 2025 edition"
2017,2017-18,E3001,128633314,1586265,-1731565,NA,-0,positional_17_18,11033596,-4386497,-6619450,-1731565,-6764750,1586265,NA,E06000018,11610,3080,2490,3030,3000,"VOA/HMRC Valuation Office, Non-domestic rating: stock of properties, 31 March 2025 edition"
2017,2017-18,E3732,35264390,226801,-309401,NA,-0,positional_17_18,1134794,-43854,-303100,-309401,-385700,226801,NA,E07000219,3160,920,360,1170,720,"VOA/HMRC Valuation Office, Non-domestic rating: stock of properties, 31 March 2025 edition"
2017,2017-18,E2438,11812034,255752,-260271,NA,-0,positional_17_18,741140,-515305,-296402,-260271,-300921,255752,NA,E07000135,1380,410,150,530,290,"VOA/HMRC Valuation Office, Non-domestic rating: stock of properties, 31 March 2025 edition"
2017,2017-18,E4204,60019039,1435438,-1740371,NA,-0,positional_17_18,6321441,-2265549,-3648015,-1740371,-3952948,1435438,NA,E08000004,7760,2200,1190,2550,1820,"VOA/HMRC Valuation Office, Non-domestic rating: stock of properties, 31 March 2025 edition"
2017,2017-18,E3132,91501253,-0,-472632,NA,363232,positional_17_18,3768271,-3353384,-1131584,-472632,-1604216,0,NA,E07000178,4010,1290,1050,450,1220,"VOA/HMRC Valuation Office, Non-domestic rating: stock of properties, 31 March 2025 edition"
2017,2017-18,E2338,18857616,-0,30000,NA,98792,positional_17_18,601178,-270472,-680000,30000,-650000,0,NA,E07000122,3610,1090,510,1260,750,"VOA/HMRC Valuation Office, Non-domestic rating: stock of properties, 31 March 2025 edition"
2017,2017-18,E0501,97877447,3943549,-378798,NA,-0,positional_17_18,8860961,-1935798,-8460766,-378798,-4896015,3943549,NA,E06000031,5930,1460,1380,1730,1360,"VOA/HMRC Valuation Office, Non-domestic rating: stock of properties, 31 March 2025 edition"
2017,2017-18,E1101,89827574,504599,-236110,NA,-0,positional_17_18,1850646,-1657213,-630887,-236110,-362398,504599,NA,E06000026,7650,2010,1470,1960,2220,"VOA/HMRC Valuation Office, Non-domestic rating: stock of properties, 31 March 2025 edition"
2017,2017-18,E1201,61562381,262092,-313267,NA,-0,positional_17_18,1188582,-1330629,-440728,-313267,-491903,262092,NA,E06000029,5690,1230,690,1440,2330,"VOA/HMRC Valuation Office, Non-domestic rating: stock of properties, 31 March 2025 edition"
2017,2017-18,E1701,84742376,548606,-1034485,NA,-0,positional_17_18,5179750,-7325583,-2913000,-1034485,-3398879,548606,NA,E06000044,6150,2030,820,1340,1960,"VOA/HMRC Valuation Office, Non-domestic rating: stock of properties, 31 March 2025 edition"
2017,2017-18,E2339,63220591,701837,-1279111,NA,-0,positional_17_18,6844953,-1672006,-3869336,-1279111,-4446610,701837,NA,E07000123,5540,1650,1230,1420,1240,"VOA/HMRC Valuation Office, Non-domestic rating: stock of properties, 31 March 2025 edition"
2017,2017-18,E1236,13292808,46647,-7246,NA,-0,positional_17_18,361029,-2498675,-170605,-7246,-131204,46647,NA,E07000051,2570,380,150,720,1310,"VOA/HMRC Valuation Office, Non-domestic rating: stock of properties, 31 March 2025 edition"
2017,2017-18,E0303,125993102,617070,-1385440,NA,-0,positional_17_18,8654301,-4540155,-2909499,-1385440,-3677869,617070,NA,E06000038,5250,1540,1500,930,1290,"VOA/HMRC Valuation Office, Non-domestic rating: stock of properties, 31 March 2025 edition"
2017,2017-18,E5046,53287623,-0,842797,NA,1144002,positional_17_18,9281966,-4172017,-8346349,842797,-7503552,0,NA,E09000026,6590,2650,1210,820,1910,"VOA/HMRC Valuation Office, Non-domestic rating: stock of properties, 31 March 2025 edition"
2017,2017-18,E0703,38967105,146095,-183541,NA,-0,positional_17_18,13075266,-1628413,-11789545,-183541,-11826991,146095,NA,E06000003,4000,1200,580,1130,1090,"VOA/HMRC Valuation Office, Non-domestic rating: stock of properties, 31 March 2025 edition"
2017,2017-18,E1835,37747027,312505,-977672,NA,-0,positional_17_18,5461371,-1440139,-1665143,-977672,-2330310,312505,NA,E07000236,2530,490,510,1060,480,"VOA/HMRC Valuation Office, Non-domestic rating: stock of properties, 31 March 2025 edition"
2017,2017-18,E3635,52958744,14602,-113982,NA,-0,positional_17_18,841710,-1800799,-95152,-113982,-194532,14602,NA,E07000211,3580,1130,800,750,900,"VOA/HMRC Valuation Office, Non-domestic rating: stock of properties, 31 March 2025 edition"
2017,2017-18,E2340,14662750,70998,-80998,NA,-0,positional_17_18,655308,-215323,-330000,-80998,-340000,70998,NA,E07000124,2360,530,400,690,740,"VOA/HMRC Valuation Office, Non-domestic rating: stock of properties, 31 March 2025 edition"
2017,2017-18,E5047,84327714,245752,-22458,NA,-0,positional_17_18,3274396,-3470240,-108132,-22458,115162,245752,NA,E09000027,5910,2040,1730,540,1600,"VOA/HMRC Valuation Office, Non-domestic rating: stock of properties, 31 March 2025 edition"
2017,2017-18,E2734,12995559,24612,-81172,NA,-0,positional_17_18,420318,-187051,-160991,-81172,-217551,24612,NA,E07000166,2670,410,250,640,1370,"VOA/HMRC Valuation Office, Non-domestic rating: stock of properties, 31 March 2025 edition"
2017,2017-18,E4205,62417355,698655,-571778,NA,161413,positional_17_18,1490998,-1091086,-698655,-571778,-571778,698655,NA,E08000005,6900,2030,1050,2250,1570,"VOA/HMRC Valuation Office, Non-domestic rating: stock of properties, 31 March 2025 edition"
2017,2017-18,E1540,14409565,-0,-195519,NA,58464,positional_17_18,502387,-108248,-157954,-195519,-353473,0,NA,E07000075,2250,540,330,830,550,"VOA/HMRC Valuation Office, Non-domestic rating: stock of properties, 31 March 2025 edition"
2017,2017-18,E2341,12494949,140224,0,NA,-0,positional_17_18,1278861,-147962,-1141796,0,-1001572,140224,NA,E07000125,2700,670,380,1050,600,"VOA/HMRC Valuation Office, Non-domestic rating: stock of properties, 31 March 2025 edition"
2017,2017-18,E1436,16519822,55407,-137999,NA,7971,positional_17_18,639454,-173350,-498452,-137999,-581044,55407,NA,E07000064,3980,980,370,1210,1420,"VOA/HMRC Valuation Office, Non-domestic rating: stock of properties, 31 March 2025 edition"
2017,2017-18,E4403,77102349,295441,-673842,NA,-0,positional_17_18,2971135,-270584,-1129248,-673842,-1507649,295441,NA,E08000018,7520,2120,1080,2530,1790,"VOA/HMRC Valuation Office, Non-domestic rating: stock of properties, 31 March 2025 edition"
2017,2017-18,E3733,51676990,133380,-142427,NA,-0,positional_17_18,1652654,-447886,-221433,-142427,-230480,133380,NA,E07000220,3040,690,540,930,880,"VOA/HMRC Valuation Office, Non-domestic rating: stock of properties, 31 March 2025 edition"
2017,2017-18,E3636,52285041,-0,-8316400,NA,224436,positional_17_18,1307785,-2706545,-627900,-8316400,-8944300,0,NA,E07000212,2450,500,660,610,680,"VOA/HMRC Valuation Office, Non-domestic rating: stock of properties, 31 March 2025 edition"
2017,2017-18,E3038,25828739,123704,43795,NA,-0,positional_17_18,374023,-86253,-380298,43795,-212799,123704,NA,E07000176,2750,640,560,680,880,"VOA/HMRC Valuation Office, Non-domestic rating: stock of properties, 31 March 2025 edition"
2017,2017-18,E1740,48145135,458284,-213610,NA,-0,positional_17_18,1115557,-1332042,-775737,-213610,-531063,458284,NA,E07000092,2480,780,630,500,570,"VOA/HMRC Valuation Office, Non-domestic rating: stock of properties, 31 March 2025 edition"
2017,2017-18,E2402,10563551,19423,-54484,NA,-0,positional_17_18,105055,-112915,-68246,-54484,-103307,19423,NA,E06000017,1510,300,270,400,550,"VOA/HMRC Valuation Office, Non-domestic rating: stock of properties, 31 March 2025 edition"
2017,2017-18,E2755,16188768,-3408,13408,NA,-0,positional_17_18,92316,-128550,-60000,13408,-50000,-3408,NA,E07000167,2930,590,260,780,1300,"VOA/HMRC Valuation Office, Non-domestic rating: stock of properties, 31 March 2025 edition"
2017,2017-18,E4206,92708635,2569519,-4884284,NA,-0,positional_17_18,27307625,-6343781,-13823760,-4884284,-16138525,2569519,NA,E08000006,11340,2100,1930,2330,4980,"VOA/HMRC Valuation Office, Non-domestic rating: stock of properties, 31 March 2025 edition"
2017,2017-18,E4604,96298671,1333792,-2612100,NA,294333,positional_17_18,4680723,-1476381,-1333792,-2612100,-2612100,1333792,NA,E08000028,11020,2870,1090,4390,2680,"VOA/HMRC Valuation Office, Non-domestic rating: stock of properties, 31 March 2025 edition"
2017,2017-18,E2736,33973408,296893,5594,NA,-0,positional_17_18,1409256,-893358,-838703,5594,-536216,296893,NA,E07000168,7070,1590,590,1140,3750,"VOA/HMRC Valuation Office, Non-domestic rating: stock of properties, 31 March 2025 edition"
2017,2017-18,E3332,39518727,-0,-132724,NA,100002,positional_17_18,1068599,-646299,-381197,-132724,-513921,0,NA,E07000188,4140,850,470,1430,1400,"VOA/HMRC Valuation Office, Non-domestic rating: stock of properties, 31 March 2025 edition"
2017,2017-18,E4304,69027028,585035,-1320335,NA,-0,positional_17_18,2996766,-1322277,-1275500,-1320335,-2010800,585035,NA,E08000014,8050,3200,1030,1870,1950,"VOA/HMRC Valuation Office, Non-domestic rating: stock of properties, 31 March 2025 edition"
2017,2017-18,E2757,41408405,54277,-87069,NA,-0,positional_17_18,662677,-605400,-427300,-87069,-460092,54277,NA,E07000169,2610,500,390,920,790,"VOA/HMRC Valuation Office, Non-domestic rating: stock of properties, 31 March 2025 edition"
2017,2017-18,E2239,33502741,148715,162685,NA,-0,positional_17_18,1745102,-2010477,-786900,162685,-475500,148715,NA,E07000111,3860,830,860,1130,1050,"VOA/HMRC Valuation Office, Non-domestic rating: stock of properties, 31 March 2025 edition"
2017,2017-18,E4404,211856649,2124709,-1642302,NA,-0,positional_17_18,15860014,-3101847,-9803666,-1642302,-9321259,2124709,NA,E08000019,18310,5150,3450,5160,4550,"VOA/HMRC Valuation Office, Non-domestic rating: stock of properties, 31 March 2025 edition"
2017,2017-18,E2240,28245692,150150,-203496,NA,-0,positional_17_18,809517,-635318,-246606,-203496,-299952,150150,NA,E07000112,3780,1060,510,960,1260,"VOA/HMRC Valuation Office, Non-domestic rating: stock of properties, 31 March 2025 edition"
2017,2017-18,E3202,75200285,320530,-424521,NA,-0,positional_17_18,4413737,-5153011,-1809733,-424521,-1913724,320530,NA,E06000051,12070,2960,1710,3680,3720,"VOA/HMRC Valuation Office, Non-domestic rating: stock of properties, 31 March 2025 edition"
2017,2017-18,E0304,103884730,910719,-802486,NA,-0,positional_17_18,4171773,-446631,-2112513,-802486,-2004280,910719,NA,E06000039,3490,980,710,1040,760,"VOA/HMRC Valuation Office, Non-domestic rating: stock of properties, 31 March 2025 edition"
2017,2017-18,E4605,115422172,764400,-778972,NA,-0,positional_17_18,2844192,-4471892,-2029161,-778972,-2043733,764400,NA,E08000029,5200,1570,1650,660,1320,"VOA/HMRC Valuation Office, Non-domestic rating: stock of properties, 31 March 2025 edition"
2017,2017-18,E0434,32734766,61348,6652,NA,-0,positional_17_18,1791996,-710082,-672000,6652,-604000,61348,NA,E07000006,1980,540,460,340,640,"VOA/HMRC Valuation Office, Non-domestic rating: stock of properties, 31 March 2025 edition"
2017,2017-18,E0536,80348547,-0,-559,NA,515090,positional_17_18,742895,-2010483,-200000,-559,-200559,0,NA,E07000012,4980,470,1700,1510,1300,"VOA/HMRC Valuation Office, Non-domestic rating: stock of properties, 31 March 2025 edition"
2017,2017-18,E1039,24457049,290944,-145163,NA,-0,positional_17_18,2114248,-609120,-1242087,-145163,-1096306,290944,NA,E07000039,2220,480,270,780,700,"VOA/HMRC Valuation Office, Non-domestic rating: stock of properties, 31 March 2025 edition"
2017,2017-18,E0103,147552347,145707,-268595,NA,-0,positional_17_18,2559398,-3484669,-327112,-268595,-450000,145707,NA,E06000025,6930,1530,1440,2200,1760,"VOA/HMRC Valuation Office, Non-domestic rating: stock of properties, 31 March 2025 edition"
2017,2017-18,E1136,29830977,11103,130906,NA,-0,positional_17_18,1728034,-766132,-638239,130906,-496230,11103,NA,E07000044,5550,900,600,1410,2640,"VOA/HMRC Valuation Office, Non-domestic rating: stock of properties, 31 March 2025 edition"
2017,2017-18,E2535,25955236,91001,-16002,NA,-0,positional_17_18,795216,-411536,-327999,-16002,-253000,91001,NA,E07000140,2710,700,400,830,780,"VOA/HMRC Valuation Office, Non-domestic rating: stock of properties, 31 March 2025 edition"
2017,2017-18,E2536,40616347,-0,86000,NA,125718,positional_17_18,1171952,-1008169,-645000,86000,-559000,0,NA,E07000141,4450,1180,740,1280,1250,"VOA/HMRC Valuation Office, Non-domestic rating: stock of properties, 31 March 2025 edition"
2017,2017-18,E0936,40575816,157405,-131961,NA,-0,positional_17_18,1669590,-627575,-646181,-131961,-620737,157405,NA,E07000031,8130,1450,820,1530,4320,"VOA/HMRC Valuation Office, Non-domestic rating: stock of properties, 31 March 2025 edition"
2017,2017-18,E2637,27924632,125898,-274290,NA,-0,positional_17_18,1259502,-429653,-509669,-274290,-658061,125898,NA,E07000149,4300,720,690,1380,1510,"VOA/HMRC Valuation Office, Non-domestic rating: stock of properties, 31 March 2025 edition"
2017,2017-18,E2836,22877288,-0,58331,NA,143452,positional_17_18,862503,-943820,-607101,58331,-548770,0,NA,E07000155,2730,330,570,980,850,"VOA/HMRC Valuation Office, Non-domestic rating: stock of properties, 31 March 2025 edition"
2017,2017-18,E3133,42528287,41121,-189981,NA,-0,positional_17_18,2049059,-1359186,-1145800,-189981,-1294660,41121,NA,E07000179,4250,870,1000,1210,1160,"VOA/HMRC Valuation Office, Non-domestic rating: stock of properties, 31 March 2025 edition"
2017,2017-18,E2342,37930178,278601,-335254,NA,41148,positional_17_18,1222934,-584120,-516892,-335254,-573545,278601,NA,E07000126,3020,860,470,1030,660,"VOA/HMRC Valuation Office, Non-domestic rating: stock of properties, 31 March 2025 edition"
2017,2017-18,E3334,39986271,544875,-441475,NA,-0,positional_17_18,2301053,-613591,-1087600,-441475,-984200,544875,NA,E07000189,5820,1210,750,2000,1870,"VOA/HMRC Valuation Office, Non-domestic rating: stock of properties, 31 March 2025 edition"
2017,2017-18,E3435,24838188,175420,-159420,NA,-0,positional_17_18,839618,-571263,-533000,-159420,-517000,175420,NA,E07000196,2680,590,430,810,850,"VOA/HMRC Valuation Office, Non-domestic rating: stock of properties, 31 March 2025 edition"
2017,2017-18,E4504,30067542,216586,-292604,NA,-0,positional_17_18,1883796,-1161510,-746443,-292604,-822461,216586,NA,E08000023,3850,1310,670,980,890,"VOA/HMRC Valuation Office, Non-domestic rating: stock of properties, 31 March 2025 edition"
2017,2017-18,E1702,106289264,624597,-2229683,NA,-0,positional_17_18,7187340,-5595371,-3282390,-2229683,-4887476,624597,NA,E06000045,6810,2080,1460,1430,1840,"VOA/HMRC Valuation Office, Non-domestic rating: stock of properties, 31 March 2025 edition"
2017,2017-18,E1501,42513041,343202,-415372,NA,76225,positional_17_18,1805885,-1643482,-721363,-415372,-793533,343202,NA,E06000033,5930,2240,870,1160,1660,"VOA/HMRC Valuation Office, Non-domestic rating: stock of properties, 31 March 2025 edition"
2017,2017-18,E5019,273161427,71642,-306300,NA,-0,positional_17_18,38122033,-23825742,-5683902,-306300,-5918560,71642,NA,E09000028,11540,2950,3960,2350,2280,"VOA/HMRC Valuation Office, Non-domestic rating: stock of properties, 31 March 2025 edition"
2017,2017-18,E3637,45469089,-0,-303000,NA,-6774,positional_17_18,1325468,-1910525,-607446,-303000,-910446,0,NA,E07000213,2460,800,460,580,630,"VOA/HMRC Valuation Office, Non-domestic rating: stock of properties, 31 March 2025 edition"
2017,2017-18,E1936,61510492,1312049,-466049,NA,-0,positional_17_18,1173863,-842002,-1599000,-466049,-753000,1312049,NA,E07000240,4000,1000,1150,720,1130,"VOA/HMRC Valuation Office, Non-domestic rating: stock of properties, 31 March 2025 edition"
2017,2017-18,E3535,45500432,416675,-354962,NA,-0,positional_17_18,1753123,-927480,-602005,-354962,-540292,416675,NA,NA,NA,NA,NA,NA,NA,"VOA/HMRC Valuation Office, Non-domestic rating: stock of properties, 31 March 2025 edition"
2017,2017-18,E4303,52501189,569658,-966556,NA,-0,positional_17_18,5252735,-1536189,-4050488,-966556,-4447386,569658,NA,E08000013,4610,1610,670,1320,1010,"VOA/HMRC Valuation Office, Non-domestic rating: stock of properties, 31 March 2025 edition"
2017,2017-18,E3436,49429580,342292,-362668,NA,-0,positional_17_18,1888251,-712693,-998481,-362668,-1018857,342292,NA,E07000197,4070,990,740,1200,1130,"VOA/HMRC Valuation Office, Non-domestic rating: stock of properties, 31 March 2025 edition"
2017,2017-18,E3437,19278948,271805,-213290,NA,-0,positional_17_18,641619,-532242,-437312,-213290,-378797,271805,NA,E07000198,3020,760,200,980,1090,"VOA/HMRC Valuation Office, Non-domestic rating: stock of properties, 31 March 2025 edition"
2017,2017-18,E1937,47497313,509182,-66758,NA,-0,positional_17_18,847562,-1579840,-1390294,-66758,-947870,509182,NA,E07000243,2230,520,580,510,620,"VOA/HMRC Valuation Office, Non-domestic rating: stock of properties, 31 March 2025 edition"
2017,2017-18,E4207,90891701,1118554,-862303,NA,-0,positional_17_18,7893404,-3754801,-5054455,-862303,-4798203,1118554,NA,E08000007,10940,2810,2380,2790,2950,"VOA/HMRC Valuation Office, Non-domestic rating: stock of properties, 31 March 2025 edition"
2017,2017-18,E0704,83865147,331572,-131572,NA,-0,positional_17_18,858876,-1300411,-900000,-131572,-700000,331572,NA,E06000004,5610,1500,1270,1360,1480,"VOA/HMRC Valuation Office, Non-domestic rating: stock of properties, 31 March 2025 edition"
2017,2017-18,E3401,90255113,1303543,-1331938,NA,-0,positional_17_18,5564134,-2654853,-3759433,-1331938,-3787828,1303543,NA,E06000021,9000,2720,1130,3090,2060,"VOA/HMRC Valuation Office, Non-domestic rating: stock of properties, 31 March 2025 edition"
2017,2017-18,E3734,54945738,350339,-524777,NA,-0,positional_17_18,1702154,-521286,-459512,-524777,-633950,350339,NA,E07000221,5310,980,1090,1450,1790,"VOA/HMRC Valuation Office, Non-domestic rating: stock of properties, 31 March 2025 edition"
2017,2017-18,E1635,27379380,256597,-267553,NA,5674,positional_17_18,789514,-451447,-396196,-267553,-407152,256597,NA,E07000082,4060,810,700,1590,960,"VOA/HMRC Valuation Office, Non-domestic rating: stock of properties, 31 March 2025 edition"
2017,2017-18,E3536,68953736,21480,-162698,NA,-0,positional_17_18,1260883,-2212294,-738169,-162698,-879387,21480,NA,NA,NA,NA,NA,NA,NA,"VOA/HMRC Valuation Office, Non-domestic rating: stock of properties, 31 March 2025 edition"
2017,2017-18,E4505,89688235,1461834,-725247,NA,-0,positional_17_18,5865950,-1827642,-5371971,-725247,-4635384,1461834,NA,E08000024,8380,2480,1560,2400,1940,"VOA/HMRC Valuation Office, Non-domestic rating: stock of properties, 31 March 2025 edition"
2017,2017-18,E3638,37608820,424051,-732705,NA,-0,positional_17_18,2133757,-840760,-432535,-732705,-741189,424051,NA,E07000214,2640,590,710,670,680,"VOA/HMRC Valuation Office, Non-domestic rating: stock of properties, 31 March 2025 edition"
2017,2017-18,E5048,52397963,611661,-797200,NA,-0,positional_17_18,1911067,-991612,-818381,-797200,-1003920,611661,NA,E09000029,4070,1760,660,710,950,"VOA/HMRC Valuation Office, Non-domestic rating: stock of properties, 31 March 2025 edition"
2017,2017-18,E2241,47131584,174362,-528937,NA,-0,positional_17_18,1904697,-923755,-1114236,-528937,-1468811,174362,NA,E07000113,4480,980,650,1480,1360,"VOA/HMRC Valuation Office, Non-domestic rating: stock of properties, 31 March 2025 edition"
2017,2017-18,E3901,111635081,948889,-772778,NA,-0,positional_17_18,3623276,-1668963,-1408668,-772778,-1232557,948889,NA,E06000030,5650,1340,1440,1470,1390,"VOA/HMRC Valuation Office, Non-domestic rating: stock of properties, 31 March 2025 edition"
2017,2017-18,E4208,55998651,817533,12088,NA,-0,positional_17_18,6349135,-2030614,-3131093,12088,-2301472,817533,NA,E08000008,7410,2220,860,2700,1630,"VOA/HMRC Valuation Office, Non-domestic rating: stock of properties, 31 March 2025 edition"
2017,2017-18,E3439,34527249,352172,-58522,NA,-0,positional_17_18,846681,-1521380,-1026828,-58522,-733178,352172,NA,E07000199,2070,530,380,710,450,"VOA/HMRC Valuation Office, Non-domestic rating: stock of properties, 31 March 2025 edition"
2017,2017-18,E3639,18069069,46608,-53439,NA,-0,positional_17_18,1570766,-1669460,-91413,-53439,-98244,46608,NA,E07000215,2950,620,480,1020,840,"VOA/HMRC Valuation Office, Non-domestic rating: stock of properties, 31 March 2025 edition"
2017,2017-18,E3333,40159772,300317,-390335,NA,-0,positional_17_18,2134075,-1029108,-656334,-390335,-746352,300317,NA,NA,NA,NA,NA,NA,NA,"VOA/HMRC Valuation Office, Non-domestic rating: stock of properties, 31 March 2025 edition"
2017,2017-18,E1137,29798760,113580,-73580,NA,-0,positional_17_18,397049,-438785,-300000,-73580,-260000,113580,NA,E07000045,5120,1050,610,1590,1870,"VOA/HMRC Valuation Office, Non-domestic rating: stock of properties, 31 March 2025 edition"
2017,2017-18,E3201,71816517,633517,-592517,NA,-0,positional_17_18,1986319,-3013253,-1254000,-592517,-1213000,633517,NA,E06000020,5040,1200,810,1710,1320,"VOA/HMRC Valuation Office, Non-domestic rating: stock of properties, 31 March 2025 edition"
2017,2017-18,E1542,26867214,272263,-304679,NA,-0,positional_17_18,827133,-924915,-163385,-304679,-195801,272263,NA,E07000076,8150,1240,540,1620,4750,"VOA/HMRC Valuation Office, Non-domestic rating: stock of properties, 31 March 2025 edition"
2017,2017-18,E1742,54706003,448040,-195677,NA,-0,positional_17_18,2101520,-765639,-994896,-195677,-742533,448040,NA,E07000093,4390,650,810,1930,1010,"VOA/HMRC Valuation Office, Non-domestic rating: stock of properties, 31 March 2025 edition"
2017,2017-18,E1636,36859378,47979,-79234,NA,6336,positional_17_18,399906,-213074,-122861,-79234,-154116,47979,NA,E07000083,2890,430,580,1150,730,"VOA/HMRC Valuation Office, Non-domestic rating: stock of properties, 31 March 2025 edition"
2017,2017-18,E2242,33165812,55679,-258034,NA,-0,positional_17_18,1671650,-853759,-965506,-258034,-1167861,55679,NA,E07000114,4970,1570,580,1270,1560,"VOA/HMRC Valuation Office, Non-domestic rating: stock of properties, 31 March 2025 edition"
2017,2017-18,E1938,26945934,88351,-170860,NA,-0,positional_17_18,574384,-1165241,-677530,-170860,-760039,88351,NA,E07000102,1970,440,470,470,600,"VOA/HMRC Valuation Office, Non-domestic rating: stock of properties, 31 March 2025 edition"
2017,2017-18,E1502,111325103,348771,-324102,NA,-13517,positional_17_18,905469,-656418,83663,-324102,108332,348771,NA,E06000034,4210,1200,470,1570,980,"VOA/HMRC Valuation Office, Non-domestic rating: stock of properties, 31 March 2025 edition"
2017,2017-18,E2243,54698729,397783,-287783,NA,-0,positional_17_18,601064,-1621881,-360000,-287783,-250000,397783,NA,E07000115,3630,650,960,1020,1000,"VOA/HMRC Valuation Office, Non-domestic rating: stock of properties, 31 March 2025 edition"
2017,2017-18,E1102,34904945,333640,-502048,NA,-0,positional_17_18,1867735,-1198973,-862114,-502048,-1030522,333640,NA,E06000027,5230,1790,500,940,2000,"VOA/HMRC Valuation Office, Non-domestic rating: stock of properties, 31 March 2025 edition"
2017,2017-18,E1139,11045998,22963,-42320,NA,-0,positional_17_18,469947,-256999,-92974,-42320,-112331,22963,NA,E07000046,3750,630,200,820,2100,"VOA/HMRC Valuation Office, Non-domestic rating: stock of properties, 31 March 2025 edition"
2017,2017-18,E5020,409654316,2217069,-137851,NA,-0,positional_17_18,18079033,-38934456,-8456205,-137851,-6376987,2217069,NA,E09000030,16280,3260,4790,3410,4830,"VOA/HMRC Valuation Office, Non-domestic rating: stock of properties, 31 March 2025 edition"
2017,2017-18,E4209,163633004,418166,-1592116,NA,-0,positional_17_18,13247305,-6738248,-8150018,-1592116,-9323968,418166,NA,E08000009,9980,2240,2370,1840,3520,"VOA/HMRC Valuation Office, Non-domestic rating: stock of properties, 31 March 2025 edition"
2017,2017-18,E2244,55654968,-0,312979,NA,526895,positional_17_18,1671524,-690781,-1961870,312979,-1648891,0,NA,E07000116,4000,1170,910,890,1030,"VOA/HMRC Valuation Office, Non-domestic rating: stock of properties, 31 March 2025 edition"
2017,2017-18,E1544,43141938,46768,-330067,NA,-0,positional_17_18,1407930,-539084,-456576,-330067,-739875,46768,NA,E07000077,3250,500,820,1010,920,"VOA/HMRC Valuation Office, Non-domestic rating: stock of properties, 31 March 2025 edition"
2017,2017-18,E3134,58328376,1018870,-1440962,NA,13054,positional_17_18,2040236,-1677929,-1018870,-1440962,-1440962,1018870,NA,E07000180,3900,650,1210,1020,1020,"VOA/HMRC Valuation Office, Non-domestic rating: stock of properties, 31 March 2025 edition"
2017,2017-18,E4705,125862908,767324,-767324,NA,-0,positional_17_18,1400948,-1813840,-1020000,-767324,-1020000,767324,NA,E08000036,10890,3260,1910,3100,2620,"VOA/HMRC Valuation Office, Non-domestic rating: stock of properties, 31 March 2025 edition"
2017,2017-18,E4606,69771057,-0,1408752,NA,-0,positional_17_18,6232384,-982508,-3584326,1408752,-2175574,0,NA,E08000030,8520,2390,1150,2990,2000,"VOA/HMRC Valuation Office, Non-domestic rating: stock of properties, 31 March 2025 edition"
2017,2017-18,E5049,60736934,287616,-1504707,NA,-0,positional_17_18,4237584,-4231515,-2424519,-1504707,-3641610,287616,NA,E09000031,6700,2920,830,1530,1420,"VOA/HMRC Valuation Office, Non-domestic rating: stock of properties, 31 March 2025 edition"
2017,2017-18,E5021,104353396,1593309,-1469309,NA,-0,positional_17_18,5671719,-7558380,-2982000,-1469309,-2858000,1593309,NA,E09000032,8790,3000,1910,1740,2140,"VOA/HMRC Valuation Office, Non-domestic rating: stock of properties, 31 March 2025 edition"
2017,2017-18,E0602,107105028,4081785,-2247859,NA,-0,positional_17_18,10787927,-2747496,-4715948,-2247859,-2882022,4081785,NA,E06000007,6750,1700,1800,1850,1400,"VOA/HMRC Valuation Office, Non-domestic rating: stock of properties, 31 March 2025 edition"
2017,2017-18,E3735,68893143,274993,-274993,NA,-0,positional_17_18,1911602,-677123,-925000,-274993,-925000,274993,NA,E07000222,4890,1300,1330,970,1290,"VOA/HMRC Valuation Office, Non-domestic rating: stock of properties, 31 March 2025 edition"
2017,2017-18,E1939,64715840,456364,-371434,NA,-0,positional_17_18,1533565,-1436940,-1616687,-371434,-1531757,456364,NA,E07000103,3430,940,770,800,910,"VOA/HMRC Valuation Office, Non-domestic rating: stock of properties, 31 March 2025 edition"
2017,2017-18,E3537,25205106,54867,-436943,NA,-0,positional_17_18,2044984,-1660224,-845843,-436943,-1227919,54867,NA,NA,NA,NA,NA,NA,NA,"VOA/HMRC Valuation Office, Non-domestic rating: stock of properties, 31 March 2025 edition"
2017,2017-18,E3640,36803444,346833,-336833,NA,-0,positional_17_18,2100027,-1348172,-470000,-336833,-460000,346833,NA,E07000216,3970,1020,1070,870,1010,"VOA/HMRC Valuation Office, Non-domestic rating: stock of properties, 31 March 2025 edition"
2017,2017-18,E1437,28573069,222035,-52568,NA,-0,positional_17_18,1133854,-890868,-724686,-52568,-555219,222035,NA,E07000065,5840,1120,840,2260,1630,"VOA/HMRC Valuation Office, Non-domestic rating: stock of properties, 31 March 2025 edition"
2017,2017-18,E2837,27627325,31789,-13529,NA,-0,positional_17_18,653997,-373735,-268020,-13529,-249760,31789,NA,E07000156,2650,570,410,1090,580,"VOA/HMRC Valuation Office, Non-domestic rating: stock of properties, 31 March 2025 edition"
2017,2017-18,E1940,57588698,139021,-117501,NA,29905,positional_17_18,392421,-1374160,-139021,-117501,-117501,139021,NA,E07000241,2980,670,820,790,710,"VOA/HMRC Valuation Office, Non-domestic rating: stock of properties, 31 March 2025 edition"
2017,2017-18,E0302,87293293,160379,-300000,NA,-0,positional_17_18,2142191,-2749399,-196584,-300000,-336205,160379,NA,E06000037,5340,900,1570,1530,1350,"VOA/HMRC Valuation Office, Non-domestic rating: stock of properties, 31 March 2025 edition"
2017,2017-18,E1140,9969543,15655,-2497,NA,-0,positional_17_18,823782,-267327,-332206,-2497,-319048,15655,NA,E07000047,2290,500,280,590,920,"VOA/HMRC Valuation Office, Non-domestic rating: stock of properties, 31 March 2025 edition"
2017,2017-18,E1237,30520158,152966,-611966,NA,-0,positional_17_18,1445537,-357769,-676000,-611966,-1135000,152966,NA,E07000052,5750,1130,720,1740,2170,"VOA/HMRC Valuation Office, Non-domestic rating: stock of properties, 31 March 2025 edition"
2017,2017-18,E2343,31988772,136441,-682272,NA,-0,positional_17_18,3802010,-983295,-1058477,-682272,-1604308,136441,NA,E07000127,3240,740,490,1100,910,"VOA/HMRC Valuation Office, Non-domestic rating: stock of properties, 31 March 2025 edition"
2017,2017-18,E2537,16718165,377120,-349736,NA,425016,positional_17_18,920718,-730037,-377120,-349736,-349736,377120,NA,E07000142,2800,610,370,890,930,"VOA/HMRC Valuation Office, Non-domestic rating: stock of properties, 31 March 2025 edition"
2017,2017-18,E3135,36115313,52903,-64846,NA,-0,positional_17_18,1379062,-610011,-391211,-64846,-403154,52903,NA,E07000181,3860,730,890,1190,1040,"VOA/HMRC Valuation Office, Non-domestic rating: stock of properties, 31 March 2025 edition"
2017,2017-18,E3335,13933003,676,6339,NA,-0,positional_17_18,548358,-153982,-140000,6339,-132985,676,NA,NA,NA,NA,NA,NA,NA,"VOA/HMRC Valuation Office, Non-domestic rating: stock of properties, 31 March 2025 edition"
2017,2017-18,E5022,2007617740,-0,-1800000,NA,7859550,positional_17_18,50069809,-151107275,-26699645,-1800000,-28499645,0,NA,E09000033,36200,6740,19170,1160,9130,"VOA/HMRC Valuation Office, Non-domestic rating: stock of properties, 31 March 2025 edition"
2017,2017-18,E1238,17018361,150840,-678840,NA,-0,positional_17_18,1736545,-285803,-985000,-678840,-1513000,150840,NA,E07000053,2790,690,180,450,1480,"VOA/HMRC Valuation Office, Non-domestic rating: stock of properties, 31 March 2025 edition"
2017,2017-18,E4210,82943608,730183,-1453960,NA,-0,positional_17_18,6234535,-636013,-5956281,-1453960,-6680058,730183,NA,E08000010,9520,2960,1340,2730,2490,"VOA/HMRC Valuation Office, Non-domestic rating: stock of properties, 31 March 2025 edition"
2017,2017-18,E3902,147256298,988112,-1054812,NA,-0,positional_17_18,5125486,-4016196,-648900,-1054812,-715600,988112,NA,E06000054,15240,3250,2750,5010,4230,"VOA/HMRC Valuation Office, Non-domestic rating: stock of properties, 31 March 2025 edition"
2017,2017-18,E1743,58077375,175581,-281274,NA,-0,positional_17_18,2067218,-862879,-1097196,-281274,-1202889,175581,NA,E07000094,4530,800,1100,1330,1310,"VOA/HMRC Valuation Office, Non-domestic rating: stock of properties, 31 March 2025 edition"
2017,2017-18,E0305,83110416,-0,0,NA,333934,positional_17_18,3689925,-3997290,-1028509,0,-1028509,0,NA,E06000040,4800,1320,1440,790,1260,"VOA/HMRC Valuation Office, Non-domestic rating: stock of properties, 31 March 2025 edition"
2017,2017-18,E4305,66689322,961113,-842460,NA,-0,positional_17_18,4823809,-5208497,-3232540,-842460,-3113887,961113,NA,E08000015,8420,3570,1130,1920,1800,"VOA/HMRC Valuation Office, Non-domestic rating: stock of properties, 31 March 2025 edition"
2017,2017-18,E3641,44908436,-0,326000,NA,37599,positional_17_18,1705789,-2093449,-1004000,326000,-678000,0,NA,E07000217,2670,790,750,460,670,"VOA/HMRC Valuation Office, Non-domestic rating: stock of properties, 31 March 2025 edition"
2017,2017-18,E0306,63487416,626267,-500000,NA,-0,positional_17_18,2812171,-4058944,-896060,-500000,-769793,626267,NA,E06000041,4010,560,1240,1260,940,"VOA/HMRC Valuation Office, Non-domestic rating: stock of properties, 31 March 2025 edition"
2017,2017-18,E4607,72748274,1217782,-401148,NA,-0,positional_17_18,6759873,-1241022,-5689455,-401148,-4872821,1217782,NA,E08000031,8420,2440,1480,2860,1650,"VOA/HMRC Valuation Office, Non-domestic rating: stock of properties, 31 March 2025 edition"
2017,2017-18,E1837,41863607,224668,-224668,NA,-0,positional_17_18,681430,-945303,-294768,-224668,-294768,224668,NA,E07000237,3150,1030,660,720,750,"VOA/HMRC Valuation Office, Non-domestic rating: stock of properties, 31 March 2025 edition"
2017,2017-18,E3837,31122895,23809,-249325,NA,-0,positional_17_18,1015615,-1033023,-1294254,-249325,-1519770,23809,NA,E07000229,3250,1300,490,480,980,"VOA/HMRC Valuation Office, Non-domestic rating: stock of properties, 31 March 2025 edition"
2017,2017-18,E1838,41347296,110407,-170407,NA,-0,positional_17_18,225546,-364434,-195000,-170407,-255000,110407,NA,E07000238,4760,920,840,1600,1410,"VOA/HMRC Valuation Office, Non-domestic rating: stock of properties, 31 March 2025 edition"
2017,2017-18,E0435,71953288,564936,-572490,NA,-0,positional_17_18,5367320,-3166359,-2314000,-572490,-2321554,564936,NA,E07000007,5050,1180,1300,1460,1100,"VOA/HMRC Valuation Office, Non-domestic rating: stock of properties, 31 March 2025 edition"
2017,2017-18,E2344,26236652,388158,-285962,NA,-0,positional_17_18,983232,-509401,-612178,-285962,-509982,388158,NA,E07000128,3990,1210,400,1170,1200,"VOA/HMRC Valuation Office, Non-domestic rating: stock of properties, 31 March 2025 edition"
2017,2017-18,E1839,29361180,376341,-453053,NA,-0,positional_17_18,2231738,-867985,-1031094,-453053,-1107806,376341,NA,E07000239,3450,760,670,990,1040,"VOA/HMRC Valuation Office, Non-domestic rating: stock of properties, 31 March 2025 edition"
2017,2017-18,E2701,99006818,241924,-658403,NA,-0,positional_17_18,2727447,-2276900,-1796580,-658403,-2213059,241924,NA,E06000014,6610,1830,1520,1240,2030,"VOA/HMRC Valuation Office, Non-domestic rating: stock of properties, 31 March 2025 edition"
2018,2018-19,E3831,18136178,-1126,-21307,Adur,-0,NA,699850,-1919422,-363470,-21307,-385903,-1126,NA,E07000223,2250,480,300,580,900,"VOA/HMRC Valuation Office, Non-domestic rating: stock of properties, 31 March 2025 edition"
2018,2018-19,E0931,28695246,224949,-83705,Allerdale,-0,NA,559935,-240741,-391234,-83705,-249990,224949,NA,E07000026,5000,1040,420,1130,2410,"VOA/HMRC Valuation Office, Non-domestic rating: stock of properties, 31 March 2025 edition"
2018,2018-19,E1031,31662568,160075,-194375,Amber Valley,-0,NA,538685,-1302114,-504400,-194375,-538700,160075,NA,E07000032,3910,1050,550,1250,1060,"VOA/HMRC Valuation Office, Non-domestic rating: stock of properties, 31 March 2025 edition"
2018,2018-19,E3832,37352127,265007,-237007,Arun,14798,NA,652197,-1015189,-375000,-237007,-347000,265007,NA,E07000224,4860,1380,420,1410,1650,"VOA/HMRC Valuation Office, Non-domestic rating: stock of properties, 31 March 2025 edition"
2018,2018-19,E3031,36795856,263304,-228378,Ashfield,-0,NA,1120048,-174497,-525439,-228378,-490513,263304,NA,E07000170,3200,980,440,1090,690,"VOA/HMRC Valuation Office, Non-domestic rating: stock of properties, 31 March 2025 edition"
2018,2018-19,E2231,51225079,250538,-336167,Ashford,97802,NA,1026976,-658270,-250538,-336167,-336167,250538,NA,E07000105,4750,890,990,1450,1420,"VOA/HMRC Valuation Office, Non-domestic rating: stock of properties, 31 March 2025 edition"
2018,2018-19,E0431,54021408,-0,44713,Aylesbury Vale,182818,NA,139497,-1185855,-95855,44713,-51142,0,NA,E07000004,5180,900,940,1960,1390,"VOA/HMRC Valuation Office, Non-domestic rating: stock of properties, 31 March 2025 edition"
2018,2018-19,E3531,23518591,82080,-45500,Babergh,-0,NA,431069,-340768,-333179,-45500,-296599,82080,NA,E07000200,3490,600,560,1230,1090,"VOA/HMRC Valuation Office, Non-domestic rating: stock of properties, 31 March 2025 edition"
2018,2018-19,E5030,59831365,-0,-637446,Barking and Dagenham,57084,NA,8117641,-1381721,-6664554,-637446,-7302000,0,NA,E09000002,4530,1430,830,1240,1020,"VOA/HMRC Valuation Office, Non-domestic rating: stock of properties, 31 March 2025 edition"
2018,2018-19,E5031,109375042,537189,-3060440,Barnet,-0,NA,12393912,-10331359,-6001038,-3060440,-8524289,537189,NA,E09000003,8910,3480,2430,850,2130,"VOA/HMRC Valuation Office, Non-domestic rating: stock of properties, 31 March 2025 edition"
2018,2018-19,E4401,54443588,885945,-925867,Barnsley,-0,NA,1001480,-431013,-1649001,-925867,-1688923,885945,NA,E08000016,8810,2000,1050,4120,1640,"VOA/HMRC Valuation Office, Non-domestic rating: stock of properties, 31 March 2025 edition"
2018,2018-19,E0932,24417567,89978,-18026,Barrow-in-Furness,-0,NA,1494531,-778612,-1310092,-18026,-1238140,89978,NA,E07000027,2380,780,310,590,690,"VOA/HMRC Valuation Office, Non-domestic rating: stock of properties, 31 March 2025 edition"
2018,2018-19,E1531,82093743,307947,-613447,Basildon,-0,NA,1657838,-2168223,-694500,-613447,-1000000,307947,NA,E07000066,4980,1050,850,1940,1140,"VOA/HMRC Valuation Office, Non-domestic rating: stock of properties, 31 March 2025 edition"
2018,2018-19,E1731,73702799,375000,-650000,Basingstoke & Deane,247853,NA,1173032,-1874485,-375001,-650000,-650001,375000,NA,E07000084,4530,760,1290,1160,1330,"VOA/HMRC Valuation Office, Non-domestic rating: stock of properties, 31 March 2025 edition"
2018,2018-19,E3032,51480653,938426,-487496,Bassetlaw,-0,NA,2340896,-818889,-1408080,-487496,-957150,938426,NA,E07000171,4240,970,700,1360,1200,"VOA/HMRC Valuation Office, Non-domestic rating: stock of properties, 31 March 2025 edition"
2018,2018-19,E0101,70099139,235751,-290964,Bath & North East Somerset,-0,NA,1630984,-2294188,-407675,-290964,-462888,235751,NA,E06000022,6330,1710,1210,1540,1870,"VOA/HMRC Valuation Office, Non-domestic rating: stock of properties, 31 March 2025 edition"
2018,2018-19,E0202,66847991,161665,-166000,Bedford UA,-0,NA,2645445,-982904,-2077617,-166000,-2081952,161665,NA,E06000055,5560,1160,1040,1690,1670,"VOA/HMRC Valuation Office, Non-domestic rating: stock of properties, 31 March 2025 edition"
2018,2018-19,E5032,75033917,-0,0,Bexley,-51012,NA,1902881,-1357978,-1435000,0,-1435000,0,NA,E09000004,5590,1860,540,1560,1640,"VOA/HMRC Valuation Office, Non-domestic rating: stock of properties, 31 March 2025 edition"
2018,2018-19,E4601,429177638,11937007,-11390647,Birmingham,-297976,NA,95966608,-18031015,-53055940,-11390647,-52509580,11937007,NA,E08000025,47270,11030,8300,9880,18050,"VOA/HMRC Valuation Office, Non-domestic rating: stock of properties, 31 March 2025 edition"
2018,2018-19,E2431,46868030,-0,122050,Blaby,53744,NA,424598,-1537556,-192861,122050,-70811,0,NA,E07000129,2310,440,540,710,620,"VOA/HMRC Valuation Office, Non-domestic rating: stock of properties, 31 March 2025 edition"
2018,2018-19,E2301,46081222,498806,-625806,Blackburn with Darwen,-0,NA,2857249,-531612,-1711000,-625806,-1838000,498806,NA,E06000008,6670,1760,1370,2260,1290,"VOA/HMRC Valuation Office, Non-domestic rating: stock of properties, 31 March 2025 edition"
2018,2018-19,E2302,48461365,1406348,-1483000,Blackpool,-0,NA,6063979,-215690,-2534748,-1483000,-2611400,1406348,NA,E06000009,6790,2390,810,1120,2470,"VOA/HMRC Valuation Office, Non-domestic rating: stock of properties, 31 March 2025 edition"
2018,2018-19,E1032,27440720,-0,47370,Bolsover,50975,NA,319942,-865412,-243415,47370,-196045,0,NA,E07000033,2380,590,350,910,540,"VOA/HMRC Valuation Office, Non-domestic rating: stock of properties, 31 March 2025 edition"
2018,2018-19,E4201,88736811,1990116,-2536166,Bolton,-0,NA,8033486,-1443122,-4744645,-2536166,-5290695,1990116,NA,E08000001,10250,2890,1740,2780,2850,"VOA/HMRC Valuation Office, Non-domestic rating: stock of properties, 31 March 2025 edition"
2018,2018-19,E2531,20246098,82461,-516994,Boston,-0,NA,1085718,-577592,-165467,-516994,-600000,82461,NA,E07000136,2410,590,390,760,670,"VOA/HMRC Valuation Office, Non-domestic rating: stock of properties, 31 March 2025 edition"
2018,2018-19,E1202,67607807,-1664,-661744,Bournemouth,-0,NA,4723076,-357965,-2018036,-661744,-2681444,-1664,NA,E06000028,7580,2500,910,590,3570,"VOA/HMRC Valuation Office, Non-domestic rating: stock of properties, 31 March 2025 edition"
2018,2018-19,E0301,74196418,-0,-168800,Bracknell Forest,163021,NA,3330891,-5396316,-813400,-168800,-982200,0,NA,E06000036,2610,560,960,430,660,"VOA/HMRC Valuation Office, Non-domestic rating: stock of properties, 31 March 2025 edition"
2018,2018-19,E4701,139560531,2295755,-742005,Bradford,-0,NA,7252880,-1196524,-3912617,-742005,-2358867,2295755,NA,E08000032,19220,5970,3550,5730,3970,"VOA/HMRC Valuation Office, Non-domestic rating: stock of properties, 31 March 2025 edition"
2018,2018-19,E1532,42863738,245518,-161662,Braintree,-0,NA,528305,-374544,-178516,-161662,-94660,245518,NA,E07000067,4880,1000,810,1820,1250,"VOA/HMRC Valuation Office, Non-domestic rating: stock of properties, 31 March 2025 edition"
2018,2018-19,E2631,35007993,127464,-304001,Breckland,-0,NA,2184862,-855429,-530923,-304001,-707460,127464,NA,E07000143,4470,900,480,1700,1390,"VOA/HMRC Valuation Office, Non-domestic rating: stock of properties, 31 March 2025 edition"
2018,2018-19,E5033,126278141,1155049,238763,Brent,-0,NA,8307360,-10141120,-3430093,238763,-2036281,1155049,NA,E09000005,9180,3140,1930,2550,1560,"VOA/HMRC Valuation Office, Non-domestic rating: stock of properties, 31 March 2025 edition"
2018,2018-19,E1533,28164422,-0,24696,Brentwood,411413,NA,3754024,-764522,-1082612,24696,-1057916,0,NA,E07000068,2400,600,620,540,640,"VOA/HMRC Valuation Office, Non-domestic rating: stock of properties, 31 March 2025 edition"
2018,2018-19,E1401,116627193,237190,-1031839,Brighton & Hove,290364,NA,6385382,-4055873,-2238841,-1031839,-3033490,237190,NA,E06000043,11150,3290,2360,1470,4030,"VOA/HMRC Valuation Office, Non-domestic rating: stock of properties, 31 March 2025 edition"
2018,2018-19,E0102,218323819,1021718,-122718,Bristol,-0,NA,4353432,-2070063,-2486000,-122718,-1587000,1021718,NA,E06000023,16320,4640,4240,3750,3690,"VOA/HMRC Valuation Office, Non-domestic rating: stock of properties, 31 March 2025 edition"
2018,2018-19,E2632,31722844,205612,-154730,Broadland,-0,NA,265613,-642991,-168631,-154730,-117749,205612,NA,E07000144,3700,590,470,1290,1350,"VOA/HMRC Valuation Office, Non-domestic rating: stock of properties, 31 March 2025 edition"
2018,2018-19,E5034,92441737,492788,-775988,Bromley,-0,NA,3099510,-5649513,-805558,-775988,-1088758,492788,NA,E09000006,7300,2910,1250,1020,2110,"VOA/HMRC Valuation Office, Non-domestic rating: stock of properties, 31 March 2025 edition"
2018,2018-19,E1831,24742820,723579,-455607,Bromsgrove,-0,NA,1389159,-749261,-1173980,-455607,-906008,723579,NA,E07000234,3340,610,780,960,990,"VOA/HMRC Valuation Office, Non-domestic rating: stock of properties, 31 March 2025 edition"
2018,2018-19,E1931,40444616,354515,161077,Broxbourne,-0,NA,1485412,-32646,-1444543,161077,-928951,354515,NA,E07000095,2400,730,380,780,520,"VOA/HMRC Valuation Office, Non-domestic rating: stock of properties, 31 March 2025 edition"
2018,2018-19,E3033,25909245,302885,62114,Broxtowe,-0,NA,447822,-412748,-669000,62114,-304001,302885,NA,E07000172,2620,900,360,670,680,"VOA/HMRC Valuation Office, Non-domestic rating: stock of properties, 31 March 2025 edition"
2018,2018-19,E2333,28969050,331314,-882964,Burnley,43197,NA,3044664,-614488,-1363790,-882964,-1915440,331314,NA,E07000117,3990,1150,820,1180,840,"VOA/HMRC Valuation Office, Non-domestic rating: stock of properties, 31 March 2025 edition"
2018,2018-19,E4202,51113903,267240,-515615,Bury,-0,NA,7011698,-1544573,-3965649,-515615,-4214024,267240,NA,E08000002,6080,1810,1230,1610,1440,"VOA/HMRC Valuation Office, Non-domestic rating: stock of properties, 31 March 2025 edition"
2018,2018-19,E4702,58241950,-2563,-843684,Calderdale,-0,NA,6777290,-1916160,-3516995,-843684,-4363242,-2563,NA,E08000033,9460,2220,1680,3480,2090,"VOA/HMRC Valuation Office, Non-domestic rating: stock of properties, 31 March 2025 edition"
2018,2018-19,E0531,109978122,-0,-943873,Cambridge,-2668,NA,2702697,-2145738,-869006,-943873,-1812879,0,NA,E07000008,4500,1170,1310,510,1510,"VOA/HMRC Valuation Office, Non-domestic rating: stock of properties, 31 March 2025 edition"
2018,2018-19,E5011,622950101,2641206,-1835755,Camden,-0,NA,10081081,-10189189,-8182956,-1835755,-7377505,2641206,NA,E09000007,18830,3720,8850,1260,5000,"VOA/HMRC Valuation Office, Non-domestic rating: stock of properties, 31 March 2025 edition"
2018,2018-19,E3431,33560706,445951,-121941,Cannock Chase,-0,NA,1231248,-248080,-1240684,-121941,-916674,445951,NA,E07000192,3520,960,560,1240,770,"VOA/HMRC Valuation Office, Non-domestic rating: stock of properties, 31 March 2025 edition"
2018,2018-19,E2232,54405278,186032,-471728,Canterbury,-0,NA,1641003,-1406398,-530016,-471728,-815712,186032,NA,E07000106,5910,1360,930,1140,2470,"VOA/HMRC Valuation Office, Non-domestic rating: stock of properties, 31 March 2025 edition"
2018,2018-19,E0933,44223812,290228,-262939,Carlisle,25987,NA,1220568,-586513,-290228,-262939,-262939,290228,NA,E07000028,4630,1110,820,1320,1390,"VOA/HMRC Valuation Office, Non-domestic rating: stock of properties, 31 March 2025 edition"
2018,2018-19,E1534,14493092,112254,-94902,Castle Point,-0,NA,230729,-295261,-199425,-94902,-182074,112254,NA,E07000069,2010,650,210,660,490,"VOA/HMRC Valuation Office, Non-domestic rating: stock of properties, 31 March 2025 edition"
2018,2018-19,E0203,86940896,487469,-509801,Central Bedfordshire UA,-15171,NA,3054535,-666249,-502640,-509801,-524972,487469,NA,E06000056,7130,1510,1320,2380,1930,"VOA/HMRC Valuation Office, Non-domestic rating: stock of properties, 31 March 2025 edition"
2018,2018-19,E2432,47211565,219889,-336078,Charnwood,-0,NA,1005583,-713992,-393520,-336078,-509709,219889,NA,E07000130,4800,1270,720,1640,1170,"VOA/HMRC Valuation Office, Non-domestic rating: stock of properties, 31 March 2025 edition"
2018,2018-19,E1535,81394374,-0,-76404,Chelmsford,959756,NA,2754818,-2399916,-918315,-76404,-994719,0,NA,E07000070,5010,1090,1190,1500,1230,"VOA/HMRC Valuation Office, Non-domestic rating: stock of properties, 31 March 2025 edition"
2018,2018-19,E1631,55140077,231409,-191198,Cheltenham,-0,NA,1008363,-4884148,-442094,-191198,-401883,231409,NA,E07000078,3940,1110,1260,760,800,"VOA/HMRC Valuation Office, Non-domestic rating: stock of properties, 31 March 2025 edition"
2018,2018-19,E3131,92273266,-0,558353,Cherwell,158925,NA,2828646,-2987225,-837424,558353,-279071,0,NA,E07000177,4830,1120,1100,1370,1250,"VOA/HMRC Valuation Office, Non-domestic rating: stock of properties, 31 March 2025 edition"
2018,2018-19,E0603,137788699,1005287,-703431,Cheshire East UA,-0,NA,4496101,-622682,-1708133,-703431,-1406277,1005287,NA,E06000049,14500,3490,3540,3430,4040,"VOA/HMRC Valuation Office, Non-domestic rating: stock of properties, 31 March 2025 edition"
2018,2018-19,E0604,153824969,27596,-1087423,Cheshire West and Chester UA,-0,NA,4955327,-4454462,-2951560,-1087423,-4011387,27596,NA,E06000050,11100,3320,2390,2490,2900,"VOA/HMRC Valuation Office, Non-domestic rating: stock of properties, 31 March 2025 edition"
2018,2018-19,E1033,40046482,124659,123991,Chesterfield,-0,NA,1493245,-442998,-674839,123991,-426189,124659,NA,E07000034,4230,1040,800,1540,860,"VOA/HMRC Valuation Office, Non-domestic rating: stock of properties, 31 March 2025 edition"
2018,2018-19,E3833,48813570,838025,-488950,Chichester,-0,NA,1778646,-628430,-870139,-488950,-521064,838025,NA,E07000225,5140,1050,790,1520,1780,"VOA/HMRC Valuation Office, Non-domestic rating: stock of properties, 31 March 2025 edition"
2018,2018-19,E0432,20607364,60623,-84559,Chiltern,-0,NA,751054,-205916,-299064,-84559,-323000,60623,NA,E07000005,2640,700,650,590,710,"VOA/HMRC Valuation Office, Non-domestic rating: stock of properties, 31 March 2025 edition"
2018,2018-19,E2334,25993185,163247,-113187,Chorley,34973,NA,743731,-559855,-566777,-113187,-516717,163247,NA,E07000118,3530,910,660,1020,940,"VOA/HMRC Valuation Office, Non-domestic rating: stock of properties, 31 March 2025 edition"
2018,2018-19,E1232,21112699,115844,-114331,Christchurch,-0,NA,722242,-808728,-295577,-114331,-294064,115844,NA,E07000048,1870,500,270,490,610,"VOA/HMRC Valuation Office, Non-domestic rating: stock of properties, 31 March 2025 edition"
2018,2018-19,E5010,1111956203,3416797,-2942115,City of London,-0,NA,25005535,-111513321,-9709328,-2942115,-9234646,3416797,NA,E09000001,21060,1310,13970,2000,3780,"VOA/HMRC Valuation Office, Non-domestic rating: stock of properties, 31 March 2025 edition"
2018,2018-19,E1536,65042028,358990,-355408,Colchester,-0,NA,1927131,-1118424,-1103045,-355408,-1099463,358990,NA,E07000071,5940,1260,1250,1340,2090,"VOA/HMRC Valuation Office, Non-domestic rating: stock of properties, 31 March 2025 edition"
2018,2018-19,E0934,42177268,47227,-33027,Copeland,-0,NA,621119,-655620,-185000,-33027,-170800,47227,NA,E07000029,2460,560,330,530,1040,"VOA/HMRC Valuation Office, Non-domestic rating: stock of properties, 31 March 2025 edition"
2018,2018-19,E2831,36230741,11750,198678,Corby,-0,NA,2688954,-630801,-1268987,198678,-1058559,11750,NA,E07000150,1990,390,330,830,440,"VOA/HMRC Valuation Office, Non-domestic rating: stock of properties, 31 March 2025 edition"
2018,2018-19,E0801,162486842,1110031,-1367430,Cornwall UA,-0,NA,7157189,-3274597,-3085601,-1367430,-3343000,1110031,NA,E06000052,31550,5790,2830,7140,15800,"VOA/HMRC Valuation Office, Non-domestic rating: stock of properties, 31 March 2025 edition"
2018,2018-19,E1632,33084262,53486,-3788,Cotswold,-0,NA,1190832,-330073,-437355,-3788,-387657,53486,NA,E07000079,4750,920,760,1370,1700,"VOA/HMRC Valuation Office, Non-domestic rating: stock of properties, 31 March 2025 edition"
2018,2018-19,E4602,120608225,706949,-1057959,Coventry,-0,NA,4518036,-2188456,-2374000,-1057959,-2725010,706949,NA,E08000026,8860,2650,1710,2230,2270,"VOA/HMRC Valuation Office, Non-domestic rating: stock of properties, 31 March 2025 edition"
2018,2018-19,E2731,18096354,57636,-60086,Craven,-0,NA,425079,-124507,-152300,-60086,-154750,57636,NA,E07000163,3220,720,390,760,1360,"VOA/HMRC Valuation Office, Non-domestic rating: stock of properties, 31 March 2025 edition"
2018,2018-19,E3834,126575248,822210,-830262,Crawley,-0,NA,1879264,-2164761,-965599,-830262,-973651,822210,NA,E07000226,3540,590,1130,820,1000,"VOA/HMRC Valuation Office, Non-domestic rating: stock of properties, 31 March 2025 edition"
2018,2018-19,E5035,120877370,2406021,212618,Croydon,-0,NA,8135438,-5667814,-7331438,212618,-4712799,2406021,NA,E09000008,9270,3520,2050,1360,2340,"VOA/HMRC Valuation Office, Non-domestic rating: stock of properties, 31 March 2025 edition"
2018,2018-19,E1932,65837515,163718,-1242637,Dacorum,-0,NA,2369777,-955343,-657708,-1242637,-1736627,163718,NA,E07000096,4540,960,1210,1090,1280,"VOA/HMRC Valuation Office, Non-domestic rating: stock of properties, 31 March 2025 edition"
2018,2018-19,E1301,34209249,593608,-587000,Darlington,-0,NA,1553908,-418464,-396750,-587000,-390142,593608,NA,E06000005,3790,1100,750,1090,850,"VOA/HMRC Valuation Office, Non-domestic rating: stock of properties, 31 March 2025 edition"
2018,2018-19,E2233,93712071,552858,-851261,Dartford,-0,NA,2012805,-2700034,-1338130,-851261,-1636533,552858,NA,E07000107,3260,950,660,700,940,"VOA/HMRC Valuation Office, Non-domestic rating: stock of properties, 31 March 2025 edition"
2018,2018-19,E2832,47666900,164724,-183671,Daventry,235571,NA,301363,-88094,-164724,-183671,-183671,164724,NA,E07000151,2690,380,450,1040,820,"VOA/HMRC Valuation Office, Non-domestic rating: stock of properties, 31 March 2025 edition"
2018,2018-19,E1001,91621510,1291853,-822929,Derby,-0,NA,4967318,-39816,-2835609,-822929,-2366685,1291853,NA,E06000015,7930,2260,2040,1720,1910,"VOA/HMRC Valuation Office, Non-domestic rating: stock of properties, 31 March 2025 edition"
2018,2018-19,E1035,18633881,70868,-67048,Derbyshire Dales,-0,NA,804506,-135758,-139820,-67048,-136000,70868,NA,E07000035,4100,850,410,980,1870,"VOA/HMRC Valuation Office, Non-domestic rating: stock of properties, 31 March 2025 edition"
2018,2018-19,E4402,98482820,857400,-786251,Doncaster,146614,NA,5525806,-1245433,-2700259,-786251,-2629110,857400,NA,E08000017,9580,2930,1550,2690,2420,"VOA/HMRC Valuation Office, Non-domestic rating: stock of properties, 31 March 2025 edition"
2018,2018-19,E2234,42181787,363744,-321916,Dover,-0,NA,2681626,-719963,-1754928,-321916,-1713100,363744,NA,E07000108,4010,890,800,900,1430,"VOA/HMRC Valuation Office, Non-domestic rating: stock of properties, 31 March 2025 edition"
2018,2018-19,E4603,89452993,4015225,-1735225,Dudley,-0,NA,4655275,-345823,-5080000,-1735225,-2800000,4015225,NA,E08000027,10780,2800,1820,3770,2390,"VOA/HMRC Valuation Office, Non-domestic rating: stock of properties, 31 March 2025 edition"
2018,2018-19,E1302,119124183,1336509,-1283364,Durham UA,-0,NA,4594780,-2324072,-3006227,-1283364,-2953082,1336509,NA,E06000047,15490,4300,2290,4120,4770,"VOA/HMRC Valuation Office, Non-domestic rating: stock of properties, 31 March 2025 edition"
2018,2018-19,E5036,148890683,1409127,-1102189,Ealing,253121,NA,16147065,-12962473,-6964560,-1102189,-6657622,1409127,NA,E09000009,10630,3640,1990,2880,2120,"VOA/HMRC Valuation Office, Non-domestic rating: stock of properties, 31 March 2025 edition"
2018,2018-19,E0532,21434182,79203,-35305,East Cambridgeshire,-0,NA,969591,-600995,-329843,-35305,-285945,79203,NA,E07000009,2380,400,400,760,830,"VOA/HMRC Valuation Office, Non-domestic rating: stock of properties, 31 March 2025 edition"
2018,2018-19,E1131,36957765,105554,-76744,East Devon,-6613,NA,567280,-739288,-130653,-76744,-101843,105554,NA,E07000040,6340,1290,610,1910,2530,"VOA/HMRC Valuation Office, Non-domestic rating: stock of properties, 31 March 2025 edition"
2018,2018-19,E1233,22629314,150937,-137421,East Dorset,-0,NA,626024,-488706,-299376,-137421,-285860,150937,NA,E07000049,2830,510,490,1100,730,"VOA/HMRC Valuation Office, Non-domestic rating: stock of properties, 31 March 2025 edition"
2018,2018-19,E1732,31301359,157504,-282304,East Hampshire,-0,NA,1234427,-629446,-392929,-282304,-517729,157504,NA,E07000085,4010,830,750,1430,1000,"VOA/HMRC Valuation Office, Non-domestic rating: stock of properties, 31 March 2025 edition"
2018,2018-19,E1933,43908130,306566,-563637,East Hertfordshire,-0,NA,1251351,-897871,-1100310,-563637,-1357381,306566,NA,E07000242,4710,980,980,1370,1380,"VOA/HMRC Valuation Office, Non-domestic rating: stock of properties, 31 March 2025 edition"
2018,2018-19,E2532,35560812,-1681,-95315,East Lindsey,-0,NA,3661049,-755097,-1333000,-95315,-1429996,-1681,NA,E07000137,7370,1680,520,1750,3430,"VOA/HMRC Valuation Office, Non-domestic rating: stock of properties, 31 March 2025 edition"
2018,2018-19,E2833,32991832,80339,220940,East Northamptonshire,-0,NA,628991,-23041,-443661,220940,-142382,80339,NA,E07000152,2570,620,400,810,740,"VOA/HMRC Valuation Office, Non-domestic rating: stock of properties, 31 March 2025 edition"
2018,2018-19,E2001,109683573,480437,-393775,East Riding of Yorkshire,-0,NA,2894718,-1135819,-1834737,-393775,-1748075,480437,NA,E06000011,11320,2920,1520,2830,4040,"VOA/HMRC Valuation Office, Non-domestic rating: stock of properties, 31 March 2025 edition"
2018,2018-19,E3432,55747994,126652,-379280,East Staffordshire,-0,NA,2569986,-1450688,-644720,-379280,-897348,126652,NA,E07000193,4190,1110,700,1350,1030,"VOA/HMRC Valuation Office, Non-domestic rating: stock of properties, 31 March 2025 edition"
2018,2018-19,E1432,34526553,37227,-51789,Eastbourne,-0,NA,2166934,-1403684,-415321,-51789,-429883,37227,NA,E07000061,3220,1090,550,550,1030,"VOA/HMRC Valuation Office, Non-domestic rating: stock of properties, 31 March 2025 edition"
2018,2018-19,E1733,60367639,366833,-277617,Eastleigh,-0,NA,1016809,-820658,-569332,-277617,-480116,366833,NA,E07000086,3250,710,700,1020,820,"VOA/HMRC Valuation Office, Non-domestic rating: stock of properties, 31 March 2025 edition"
2018,2018-19,E0935,20522278,34944,-53721,Eden,-0,NA,871864,-293647,-48176,-53721,-66953,34944,NA,E07000030,3440,530,320,840,1750,"VOA/HMRC Valuation Office, Non-domestic rating: stock of properties, 31 March 2025 edition"
2018,2018-19,E3631,63583131,96953,-329799,Elmbridge,-0,NA,938493,-1648511,-252154,-329799,-485000,96953,NA,E07000207,3750,1180,850,630,1100,"VOA/HMRC Valuation Office, Non-domestic rating: stock of properties, 31 March 2025 edition"
2018,2018-19,E5037,115378653,1462778,-1102853,Enfield,-0,NA,7187633,-5460213,-4207778,-1102853,-3847853,1462778,NA,E09000010,6980,2690,980,1630,1680,"VOA/HMRC Valuation Office, Non-domestic rating: stock of properties, 31 March 2025 edition"
2018,2018-19,E1537,36781150,20843,-110070,Epping Forest,-0,NA,1358307,-633280,-360678,-110070,-449905,20843,NA,E07000072,4220,930,870,1410,1020,"VOA/HMRC Valuation Office, Non-domestic rating: stock of properties, 31 March 2025 edition"
2018,2018-19,E3632,24589056,44005,-32558,Epsom & Ewell,-0,NA,278713,-139166,-129427,-32558,-117980,44005,NA,E07000208,1810,610,410,220,580,"VOA/HMRC Valuation Office, Non-domestic rating: stock of properties, 31 March 2025 edition"
2018,2018-19,E1036,25867139,252665,-171119,Erewash,-0,NA,908127,-490803,-535233,-171119,-453687,252665,NA,E07000036,3590,950,430,1470,750,"VOA/HMRC Valuation Office, Non-domestic rating: stock of properties, 31 March 2025 edition"
2018,2018-19,E1132,81530977,-0,0,Exeter,-73387,NA,2925698,-1323378,-570000,0,-570000,0,NA,E07000041,5060,1210,1460,950,1450,"VOA/HMRC Valuation Office, Non-domestic rating: stock of properties, 31 March 2025 edition"
2018,2018-19,E1734,42466530,103491,155197,Fareham,-0,NA,755353,-1011180,-614832,155197,-356144,103491,NA,E07000087,3240,670,650,1010,910,"VOA/HMRC Valuation Office, Non-domestic rating: stock of properties, 31 March 2025 edition"
2018,2018-19,E0533,24516767,70818,-246563,Fenland,-0,NA,1992719,-413202,-964960,-246563,-1140705,70818,NA,E07000010,3090,790,420,1070,810,"VOA/HMRC Valuation Office, Non-domestic rating: stock of properties, 31 March 2025 edition"
2018,2018-19,E2240,29109136,175427,-66946,Folkestone & Hythe,-0,NA,652111,-504675,-299952,-66946,-191471,175427,NA,E07000112,3890,1060,590,970,1280,"VOA/HMRC Valuation Office, Non-domestic rating: stock of properties, 31 March 2025 edition"
2018,2018-19,E3532,24841396,132461,-90176,Forest Heath,-0,NA,725153,-524927,-319478,-90176,-277193,132461,NA,NA,NA,NA,NA,NA,NA,"VOA/HMRC Valuation Office, Non-domestic rating: stock of properties, 31 March 2025 edition"
2018,2018-19,E1633,12512228,29699,-64200,Forest of Dean,-0,NA,502623,-94779,-277500,-64200,-312001,29699,NA,E07000080,3280,560,360,1350,1010,"VOA/HMRC Valuation Office, Non-domestic rating: stock of properties, 31 March 2025 edition"
2018,2018-19,E2335,26771521,257822,-124963,Fylde,-0,NA,1531911,-482675,-1185887,-124963,-1053028,257822,NA,E07000119,2910,840,490,760,820,"VOA/HMRC Valuation Office, Non-domestic rating: stock of properties, 31 March 2025 edition"
2018,2018-19,E4501,91884833,670270,-670270,Gateshead,-0,NA,3167380,-1590796,-1500000,-670270,-1500000,670270,NA,E08000037,6670,1790,1520,2090,1260,"VOA/HMRC Valuation Office, Non-domestic rating: stock of properties, 31 March 2025 edition"
2018,2018-19,E3034,22725863,88797,-161020,Gedling,-0,NA,687693,-350298,-247700,-161020,-319923,88797,NA,E07000173,2550,760,320,750,710,"VOA/HMRC Valuation Office, Non-domestic rating: stock of properties, 31 March 2025 edition"
2018,2018-19,E1634,54112301,898832,-445900,Gloucester,-0,NA,1560312,-1506450,-1281339,-445900,-828407,898832,NA,E07000081,4050,1080,950,1110,910,"VOA/HMRC Valuation Office, Non-domestic rating: stock of properties, 31 March 2025 edition"
2018,2018-19,E1735,16105144,50049,-57749,Gosport,-0,NA,908662,-212627,-797700,-57749,-805400,50049,NA,E07000088,1970,620,210,630,500,"VOA/HMRC Valuation Office, Non-domestic rating: stock of properties, 31 March 2025 edition"
2018,2018-19,E2236,24617584,356104,209559,Gravesham,-12,NA,1083361,-225330,-1415500,209559,-849837,356104,NA,E07000109,2320,770,300,540,710,"VOA/HMRC Valuation Office, Non-domestic rating: stock of properties, 31 March 2025 edition"
2018,2018-19,E2633,31603111,336797,-287953,Great Yarmouth,-0,NA,1361357,-494496,-458014,-287953,-409170,336797,NA,E07000145,4940,1050,450,1130,2310,"VOA/HMRC Valuation Office, Non-domestic rating: stock of properties, 31 March 2025 edition"
2018,2018-19,E5012,90508089,259800,-929381,Greenwich,-0,NA,4135508,-5425015,-1458357,-929381,-2127938,259800,NA,E09000011,5330,1960,840,1110,1420,"VOA/HMRC Valuation Office, Non-domestic rating: stock of properties, 31 March 2025 edition"
2018,2018-19,E3633,87635985,45359,-65359,Guildford,-0,NA,1280401,-1702109,-1127733,-65359,-1147733,45359,NA,E07000209,4490,930,1320,880,1370,"VOA/HMRC Valuation Office, Non-domestic rating: stock of properties, 31 March 2025 edition"
2018,2018-19,E5013,139278207,-0,-2967817,Hackney,-0,NA,33631794,-13609644,-20040986,-2967817,-23008803,0,NA,E09000012,10790,2880,3300,2610,2000,"VOA/HMRC Valuation Office, Non-domestic rating: stock of properties, 31 March 2025 edition"
2018,2018-19,E0601,56025306,11959,-539008,Halton,-0,NA,4751187,-581367,-3164513,-539008,-3691562,11959,NA,E06000006,3720,950,660,1220,890,"VOA/HMRC Valuation Office, Non-domestic rating: stock of properties, 31 March 2025 edition"
2018,2018-19,E2732,27551821,148295,-140571,Hambleton,-0,NA,585362,-703085,-278688,-140571,-270964,148295,NA,E07000164,4210,740,730,1360,1380,"VOA/HMRC Valuation Office, Non-domestic rating: stock of properties, 31 March 2025 edition"
2018,2018-19,E5014,242303619,856126,-2066355,Hammersmith and Fulham,-0,NA,26645875,-23519623,-16012793,-2066355,-17223022,856126,NA,E09000013,9610,2770,3340,880,2630,"VOA/HMRC Valuation Office, Non-domestic rating: stock of properties, 31 March 2025 edition"
2018,2018-19,E2433,43663529,129590,-132512,Harborough,-0,NA,228941,-510261,-7492,-132512,-10414,129590,NA,E07000131,3040,570,680,870,920,"VOA/HMRC Valuation Office, Non-domestic rating: stock of properties, 31 March 2025 edition"
2018,2018-19,E5038,70255822,553831,-458235,Haringey,-0,NA,10270186,-8847221,-5238705,-458235,-5143109,553831,NA,E09000014,7040,2950,920,1770,1410,"VOA/HMRC Valuation Office, Non-domestic rating: stock of properties, 31 March 2025 edition"
2018,2018-19,E1538,47126624,19410,305000,Harlow,-0,NA,3563633,-1094340,-2346000,305000,-2021590,19410,NA,E07000073,2410,510,510,810,580,"VOA/HMRC Valuation Office, Non-domestic rating: stock of properties, 31 March 2025 edition"
2018,2018-19,E2753,63471353,301839,-570528,Harrogate,-0,NA,2605499,-1990499,-1547542,-570528,-1816231,301839,NA,E07000165,7470,1560,1750,1920,2240,"VOA/HMRC Valuation Office, Non-domestic rating: stock of properties, 31 March 2025 edition"
2018,2018-19,E5039,52783704,639779,-732539,Harrow,-0,NA,3639800,-1878197,-2528883,-732539,-2621643,639779,NA,E09000015,5710,2030,1730,680,1280,"VOA/HMRC Valuation Office, Non-domestic rating: stock of properties, 31 March 2025 edition"
2018,2018-19,E1736,29925709,-0,-130241,Hart,-0,NA,1553598,-1169444,-896688,-130241,-1026929,0,NA,E07000089,2270,510,530,580,650,"VOA/HMRC Valuation Office, Non-domestic rating: stock of properties, 31 March 2025 edition"
2018,2018-19,E0701,31881920,332315,-272909,Hartlepool,-0,NA,1733568,-657502,-1062900,-272909,-1003494,332315,NA,E06000001,2840,940,380,810,710,"VOA/HMRC Valuation Office, Non-domestic rating: stock of properties, 31 March 2025 edition"
2018,2018-19,E1433,22437181,203579,-777945,Hastings,-0,NA,1600845,-326037,-987464,-777945,-1561830,203579,NA,E07000062,3560,1070,460,880,1150,"VOA/HMRC Valuation Office, Non-domestic rating: stock of properties, 31 March 2025 edition"
2018,2018-19,E1737,35607955,54170,-101913,Havant,-0,NA,583062,-979269,-224495,-101913,-272238,54170,NA,E07000090,3330,960,510,740,1120,"VOA/HMRC Valuation Office, Non-domestic rating: stock of properties, 31 March 2025 edition"
2018,2018-19,E5040,81648470,156969,-306996,Havering,12789,NA,3542643,-6492339,-2049202,-306996,-2199229,156969,NA,E09000016,6100,2250,860,1480,1510,"VOA/HMRC Valuation Office, Non-domestic rating: stock of properties, 31 March 2025 edition"
2018,2018-19,E1801,47517083,254922,-305309,Herefordshire,-0,NA,1649773,-686204,-551324,-305309,-601711,254922,NA,E06000019,8280,1660,1350,2530,2740,"VOA/HMRC Valuation Office, Non-domestic rating: stock of properties, 31 March 2025 edition"
2018,2018-19,E1934,47720647,43305,-290342,Hertsmere,-0,NA,1763290,-1093099,-370020,-290342,-617057,43305,NA,E07000098,3200,700,950,730,820,"VOA/HMRC Valuation Office, Non-domestic rating: stock of properties, 31 March 2025 edition"
2018,2018-19,E1037,26363666,50165,-136891,High Peak,-0,NA,1114139,-578024,-797170,-136891,-883896,50165,NA,E07000037,3580,920,420,1090,1150,"VOA/HMRC Valuation Office, Non-domestic rating: stock of properties, 31 March 2025 edition"
2018,2018-19,E5041,384242948,1990283,902284,Hillingdon,1974572,NA,8227701,-14151681,-200062,902284,2692505,1990283,NA,E09000017,8680,2650,2350,1810,1870,"VOA/HMRC Valuation Office, Non-domestic rating: stock of properties, 31 March 2025 edition"
2018,2018-19,E2434,32674688,44090,-54964,Hinckley and Bosworth,170894,NA,319413,-540169,-44090,-54964,-54964,44090,NA,E07000132,3160,710,450,1220,770,"VOA/HMRC Valuation Office, Non-domestic rating: stock of properties, 31 March 2025 edition"
2018,2018-19,E3835,43358957,440674,-743247,Horsham,-0,NA,2535425,-2255946,-988886,-743247,-1291459,440674,NA,E07000227,4780,870,870,1710,1330,"VOA/HMRC Valuation Office, Non-domestic rating: stock of properties, 31 March 2025 edition"
2018,2018-19,E5042,187081937,686027,-486027,Hounslow,-0,NA,7974458,-8755924,-2600000,-486027,-2400000,686027,NA,E09000018,7450,2050,2090,1650,1660,"VOA/HMRC Valuation Office, Non-domestic rating: stock of properties, 31 March 2025 edition"
2018,2018-19,E0551,65352313,-268328,-827601,Huntingdonshire,-0,NA,1417573,-49778,885984,-827601,-209945,-268328,NA,E07000011,5230,990,1000,1710,1540,"VOA/HMRC Valuation Office, Non-domestic rating: stock of properties, 31 March 2025 edition"
2018,2018-19,E2336,19654415,947057,-434088,Hyndburn,-0,NA,2526455,-1019338,-2397020,-434088,-1884051,947057,NA,E07000120,3340,1070,390,1210,680,"VOA/HMRC Valuation Office, Non-domestic rating: stock of properties, 31 March 2025 edition"
2018,2018-19,E3533,56248105,379708,-487465,Ipswich,-0,NA,1877494,-289323,-892137,-487465,-999894,379708,NA,E07000202,4700,1270,1220,890,1330,"VOA/HMRC Valuation Office, Non-domestic rating: stock of properties, 31 March 2025 edition"
2018,2018-19,E2101,38591709,287482,-343631,Isle of Wight Council,-0,NA,1328875,-731855,-423945,-343631,-480094,287482,NA,E06000046,7080,1630,610,1680,3170,"VOA/HMRC Valuation Office, Non-domestic rating: stock of properties, 31 March 2025 edition"
2018,2018-19,E4001,1516259,-0,15495,Isles of Scilly,11255,NA,102455,-21473,-61400,15495,-45905,0,NA,E06000053,460,50,20,80,310,"VOA/HMRC Valuation Office, Non-domestic rating: stock of properties, 31 March 2025 edition"
2018,2018-19,E5015,280965141,2906710,-1223892,Islington,74469,NA,19099379,-20912549,-18183696,-1223892,-16500878,2906710,NA,E09000019,11740,2980,4630,1500,2630,"VOA/HMRC Valuation Office, Non-domestic rating: stock of properties, 31 March 2025 edition"
2018,2018-19,E5016,343432152,1265883,-2635174,Kensington and Chelsea,-0,NA,12718837,-14356378,-4039433,-2635174,-5408724,1265883,NA,E09000020,9000,2880,2980,820,2310,"VOA/HMRC Valuation Office, Non-domestic rating: stock of properties, 31 March 2025 edition"
2018,2018-19,E2834,32872587,116450,-125854,Kettering,-0,NA,172021,-367415,-61780,-125854,-71184,116450,NA,E07000153,2700,750,450,760,740,"VOA/HMRC Valuation Office, Non-domestic rating: stock of properties, 31 March 2025 edition"
2018,2018-19,E2634,46944173,144675,-104686,Kings Lynn and West Norfolk,-0,NA,673556,-425716,-370634,-104686,-330645,144675,NA,E07000146,5970,1210,550,1400,2820,"VOA/HMRC Valuation Office, Non-domestic rating: stock of properties, 31 March 2025 edition"
2018,2018-19,E2002,87309746,2096695,-1800000,Kingston upon Hull,-0,NA,3465757,-1124651,-1250000,-1800000,-953305,2096695,NA,E06000010,9200,2800,1660,2610,2130,"VOA/HMRC Valuation Office, Non-domestic rating: stock of properties, 31 March 2025 edition"
2018,2018-19,E5043,87169484,610190,-1095068,Kingston upon Thames,-22489,NA,4798542,-841902,-5523981,-1095068,-6008859,610190,NA,E09000021,4790,1530,1330,770,1160,"VOA/HMRC Valuation Office, Non-domestic rating: stock of properties, 31 March 2025 edition"
2018,2018-19,E4703,105497611,910652,-671685,Kirklees,-0,NA,4353250,-1160587,-2657782,-671685,-2418815,910652,NA,E08000034,15900,4280,2700,5570,3350,"VOA/HMRC Valuation Office, Non-domestic rating: stock of properties, 31 March 2025 edition"
2018,2018-19,E4301,43047889,5316,0,Knowsley,-0,NA,4441562,-1547131,-2093515,0,-2088199,5316,NA,E08000011,3350,910,500,1160,790,"VOA/HMRC Valuation Office, Non-domestic rating: stock of properties, 31 March 2025 edition"
2018,2018-19,E5017,161154073,715093,-533304,Lambeth,-0,NA,4134818,-7739278,-3762851,-533304,-3581062,715093,NA,E09000022,8950,3050,1770,2040,2100,"VOA/HMRC Valuation Office, Non-domestic rating: stock of properties, 31 March 2025 edition"
2018,2018-19,E2337,66112772,259656,-300000,Lancaster,154623,NA,1591095,-361154,-259659,-300000,-300003,259656,NA,E07000121,5280,1470,820,1330,1660,"VOA/HMRC Valuation Office, Non-domestic rating: stock of properties, 31 March 2025 edition"
2018,2018-19,E4704,382248325,2936662,-2170269,Leeds,-0,NA,11350852,-9152056,-6853245,-2170269,-6086852,2936662,NA,E08000035,29380,7020,7850,6350,8160,"VOA/HMRC Valuation Office, Non-domestic rating: stock of properties, 31 March 2025 edition"
2018,2018-19,E2401,109615956,2532125,-2175855,Leicester,-0,NA,9672118,-2344727,-4391971,-2175855,-4035701,2532125,NA,E06000016,12400,3770,2010,4210,2420,"VOA/HMRC Valuation Office, Non-domestic rating: stock of properties, 31 March 2025 edition"
2018,2018-19,E1435,25276923,113976,-187327,Lewes,-0,NA,1085285,-1124058,-305000,-187327,-378351,113976,NA,E07000063,3650,760,690,1210,990,"VOA/HMRC Valuation Office, Non-domestic rating: stock of properties, 31 March 2025 edition"
2018,2018-19,E5018,61593707,757861,-542665,Lewisham,-0,NA,3278594,-9952221,-1821867,-542665,-1606671,757861,NA,E09000023,6130,2740,620,1290,1480,"VOA/HMRC Valuation Office, Non-domestic rating: stock of properties, 31 March 2025 edition"
2018,2018-19,E3433,36298620,82810,-210990,Lichfield,-0,NA,812171,-747024,-251688,-210990,-379868,82810,NA,E07000194,3030,700,590,930,820,"VOA/HMRC Valuation Office, Non-domestic rating: stock of properties, 31 March 2025 edition"
2018,2018-19,E2533,43462344,84323,-141726,Lincoln,-0,NA,1095824,-1295741,-486089,-141726,-543492,84323,NA,E07000138,3530,1090,830,670,940,"VOA/HMRC Valuation Office, Non-domestic rating: stock of properties, 31 March 2025 edition"
2018,2018-19,E4302,212526146,21272621,-6096781,Liverpool,-0,NA,33592954,-2423986,-43417788,-6096781,-28241948,21272621,NA,E08000012,18790,5650,4350,3500,5280,"VOA/HMRC Valuation Office, Non-domestic rating: stock of properties, 31 March 2025 edition"
2018,2018-19,E0201,66350996,227887,-2328557,Luton,-0,NA,13153471,-3940961,-6222337,-2328557,-8323007,227887,NA,E06000032,5820,1710,1260,1420,1430,"VOA/HMRC Valuation Office, Non-domestic rating: stock of properties, 31 March 2025 edition"
2018,2018-19,E2237,60019073,427029,-1135024,Maidstone,-0,NA,3989046,-1018859,-1581082,-1135024,-2289077,427029,NA,E07000110,5080,1030,1280,1310,1470,"VOA/HMRC Valuation Office, Non-domestic rating: stock of properties, 31 March 2025 edition"
2018,2018-19,E1539,14230112,84057,-81057,Maldon,-0,NA,715237,-257619,-358000,-81057,-355000,84057,NA,E07000074,2430,430,350,940,720,"VOA/HMRC Valuation Office, Non-domestic rating: stock of properties, 31 March 2025 edition"
2018,2018-19,E1851,15275641,63098,35538,Malvern Hills,-0,NA,351151,-167042,42787,35538,141423,63098,NA,E07000235,2910,530,490,920,970,"VOA/HMRC Valuation Office, Non-domestic rating: stock of properties, 31 March 2025 edition"
2018,2018-19,E4203,350831637,5723295,-7004599,Manchester,-0,NA,34222730,-15733057,-22661495,-7004599,-23942799,5723295,NA,E08000003,26610,5680,8290,4510,8120,"VOA/HMRC Valuation Office, Non-domestic rating: stock of properties, 31 March 2025 edition"
2018,2018-19,E3035,29361794,217026,-429277,Mansfield,-0,NA,750894,-266446,-437437,-429277,-649688,217026,NA,E07000174,3230,920,600,980,740,"VOA/HMRC Valuation Office, Non-domestic rating: stock of properties, 31 March 2025 edition"
2018,2018-19,E2201,89807664,2128852,-609400,Medway,-0,NA,6926477,-2873065,-3937796,-609400,-2418344,2128852,NA,E06000035,6290,1920,910,1860,1600,"VOA/HMRC Valuation Office, Non-domestic rating: stock of properties, 31 March 2025 edition"
2018,2018-19,E2436,14556721,182600,-83122,Melton,7450,NA,371469,-252116,-182600,-83122,-83122,182600,NA,E07000133,1560,340,170,570,490,"VOA/HMRC Valuation Office, Non-domestic rating: stock of properties, 31 March 2025 edition"
2018,2018-19,E3331,35376630,-0,-173118,Mendip,-0,NA,828117,-913639,-304940,-173118,-478058,0,NA,E07000187,4380,1030,600,1440,1310,"VOA/HMRC Valuation Office, Non-domestic rating: stock of properties, 31 March 2025 edition"
2018,2018-19,E5044,90824445,378573,227940,Merton,-0,NA,3003470,-3831244,-3175497,227940,-2568984,378573,NA,E09000024,5480,1730,1130,1110,1520,"VOA/HMRC Valuation Office, Non-domestic rating: stock of properties, 31 March 2025 edition"
2018,2018-19,E1133,15136869,69280,-93399,Mid Devon,-39822,NA,414213,-461202,-169683,-93399,-193802,69280,NA,E07000042,3030,530,300,1070,1130,"VOA/HMRC Valuation Office, Non-domestic rating: stock of properties, 31 March 2025 edition"
2018,2018-19,E3534,22669587,58790,-68508,Mid Suffolk,178892,NA,361151,-222850,-58790,-68508,-68508,58790,NA,E07000203,3400,480,530,1250,1140,"VOA/HMRC Valuation Office, Non-domestic rating: stock of properties, 31 March 2025 edition"
2018,2018-19,E3836,46128680,55659,-305746,Mid Sussex,-0,NA,2078656,-1429638,-1209720,-305746,-1459807,55659,NA,E07000228,4340,1020,1000,1110,1220,"VOA/HMRC Valuation Office, Non-domestic rating: stock of properties, 31 March 2025 edition"
2018,2018-19,E0702,41641488,16620,-374926,Middlesbrough,-4332,NA,9680977,-2267038,-5395398,-374926,-5753704,16620,NA,E06000002,4500,1410,880,1020,1190,"VOA/HMRC Valuation Office, Non-domestic rating: stock of properties, 31 March 2025 edition"
2018,2018-19,E0401,172526712,910353,89647,Milton Keynes,-0,NA,3606733,-4219566,-3000000,89647,-2000000,910353,NA,E06000042,7730,1600,2330,2170,1630,"VOA/HMRC Valuation Office, Non-domestic rating: stock of properties, 31 March 2025 edition"
2018,2018-19,E3634,40579004,89157,-197513,Mole Valley,-0,NA,2040312,-1538732,-670504,-197513,-778860,89157,NA,E07000210,3360,700,940,840,890,"VOA/HMRC Valuation Office, Non-domestic rating: stock of properties, 31 March 2025 edition"
2018,2018-19,E1738,66811304,183618,-100108,New Forest,-0,NA,759762,-932839,-328609,-100108,-245099,183618,NA,E07000091,6840,1580,790,1690,2790,"VOA/HMRC Valuation Office, Non-domestic rating: stock of properties, 31 March 2025 edition"
2018,2018-19,E3036,42459850,121345,-186176,Newark and Sherwood,-0,NA,1118896,-466196,-368975,-186176,-433806,121345,NA,E07000175,4110,930,790,1240,1150,"VOA/HMRC Valuation Office, Non-domestic rating: stock of properties, 31 March 2025 edition"
2018,2018-19,E4502,151585538,2220143,-1824353,Newcastle upon Tyne,-0,NA,7243983,-5877652,-4540600,-1824353,-4144810,2220143,NA,E08000021,11250,2910,3440,1860,3040,"VOA/HMRC Valuation Office, Non-domestic rating: stock of properties, 31 March 2025 edition"
2018,2018-19,E3434,33725274,370616,-139579,Newcastle-under-Lyme,-0,NA,1374491,-749524,-595443,-139579,-364406,370616,NA,E07000195,3560,960,660,990,950,"VOA/HMRC Valuation Office, Non-domestic rating: stock of properties, 31 March 2025 edition"
2018,2018-19,E5045,151131181,802786,-1377512,Newham,-802786,NA,4261940,-4444571,-2447979,-1377512,-3022705,802786,NA,E09000025,7470,3570,1140,1320,1440,"VOA/HMRC Valuation Office, Non-domestic rating: stock of properties, 31 March 2025 edition"
2018,2018-19,E1134,32672239,412895,-341011,North Devon,-0,NA,1255064,-643839,-728705,-341011,-656821,412895,NA,E07000043,5650,1150,520,1220,2770,"VOA/HMRC Valuation Office, Non-domestic rating: stock of properties, 31 March 2025 edition"
2018,2018-19,E1234,14199616,40896,-42896,North Dorset,-0,NA,449957,-108702,-358000,-42896,-360000,40896,NA,E07000050,2500,540,300,880,780,"VOA/HMRC Valuation Office, Non-domestic rating: stock of properties, 31 March 2025 edition"
2018,2018-19,E1038,16165927,151108,23984,North East Derbyshire,-0,NA,597139,-106265,-265302,23984,-90210,151108,NA,E07000038,2740,550,410,900,880,"VOA/HMRC Valuation Office, Non-domestic rating: stock of properties, 31 March 2025 edition"
2018,2018-19,E2003,61006504,741941,-755989,North East Lincolnshire,-0,NA,5973441,-3047999,-2602932,-755989,-2616980,741941,NA,E06000012,5580,1690,700,1740,1460,"VOA/HMRC Valuation Office, Non-domestic rating: stock of properties, 31 March 2025 edition"
2018,2018-19,E1935,37565636,231256,-200558,North Hertfordshire,-0,NA,1610557,-647128,-633806,-200558,-603108,231256,NA,E07000099,4440,950,990,1410,1090,"VOA/HMRC Valuation Office, Non-domestic rating: stock of properties, 31 March 2025 edition"
2018,2018-19,E2534,26479963,79506,-95374,North Kesteven,-0,NA,497053,-728074,-133595,-95374,-149463,79506,NA,E07000139,3250,570,520,1190,980,"VOA/HMRC Valuation Office, Non-domestic rating: stock of properties, 31 March 2025 edition"
2018,2018-19,E2004,87681707,441883,-458883,North Lincolnshire,-0,NA,3756265,-145292,-1114000,-458883,-1131000,441883,NA,E06000013,5660,1420,560,1980,1690,"VOA/HMRC Valuation Office, Non-domestic rating: stock of properties, 31 March 2025 edition"
2018,2018-19,E2635,27173286,134889,-101216,North Norfolk,-0,NA,75786,-627630,-228797,-101216,-195124,134889,NA,E07000147,7190,1170,390,1360,4280,"VOA/HMRC Valuation Office, Non-domestic rating: stock of properties, 31 March 2025 edition"
2018,2018-19,E0104,63558972,484751,-471760,North Somerset,-0,NA,3519818,-1770908,-1798273,-471760,-1785282,484751,NA,E06000024,6400,1490,1280,1710,1920,"VOA/HMRC Valuation Office, Non-domestic rating: stock of properties, 31 March 2025 edition"
2018,2018-19,E4503,57444819,322292,-121301,North Tyneside,-0,NA,5313630,-1801486,-2716510,-121301,-2515519,322292,NA,E08000022,5990,1760,1170,1680,1390,"VOA/HMRC Valuation Office, Non-domestic rating: stock of properties, 31 March 2025 edition"
2018,2018-19,E3731,51528985,29705,-63801,North Warwickshire,-0,NA,0,0,-46333,-63801,-80429,29705,NA,E07000218,2340,410,370,920,650,"VOA/HMRC Valuation Office, Non-domestic rating: stock of properties, 31 March 2025 edition"
2018,2018-19,E2437,61245106,369949,-444047,North West Leicestershire,-0,NA,420523,-1128534,-273111,-444047,-347209,369949,NA,E07000134,3420,680,780,1120,840,"VOA/HMRC Valuation Office, Non-domestic rating: stock of properties, 31 March 2025 edition"
2018,2018-19,E2835,102675045,1321583,-623455,Northampton,-0,NA,2549563,-2742614,-1649160,-623455,-951032,1321583,NA,E07000154,6580,1610,1660,1900,1410,"VOA/HMRC Valuation Office, Non-domestic rating: stock of properties, 31 March 2025 edition"
2018,2018-19,E2901,78820910,750297,-1260928,Northumberland UA,-0,NA,2640243,-639786,-1045515,-1260928,-1556146,750297,NA,E06000057,12900,2740,1550,3110,5510,"VOA/HMRC Valuation Office, Non-domestic rating: stock of properties, 31 March 2025 edition"
2018,2018-19,E2636,79890288,1257030,-1132957,Norwich,-0,NA,2405750,-1025511,-1566298,-1132957,-1442225,1257030,NA,E07000148,6730,1710,1680,1370,1970,"VOA/HMRC Valuation Office, Non-domestic rating: stock of properties, 31 March 2025 edition"
2018,2018-19,E3001,138760131,489151,-1923601,Nottingham,-0,NA,12927893,-3357171,-6764750,-1923601,-8199200,489151,NA,E06000018,11990,3070,2650,3060,3210,"VOA/HMRC Valuation Office, Non-domestic rating: stock of properties, 31 March 2025 edition"
2018,2018-19,E3732,35906488,261210,-193710,Nuneaton and Bedworth,-0,NA,1169756,-291516,-385700,-193710,-318200,261210,NA,E07000219,3230,920,360,1190,770,"VOA/HMRC Valuation Office, Non-domestic rating: stock of properties, 31 March 2025 edition"
2018,2018-19,E2438,12059610,97754,-36553,Oadby and Wigston,-0,NA,700124,-639876,-300921,-36553,-239720,97754,NA,E07000135,1440,420,190,540,300,"VOA/HMRC Valuation Office, Non-domestic rating: stock of properties, 31 March 2025 edition"
2018,2018-19,E4204,58431139,995537,-1159138,Oldham,-0,NA,6284035,-1557307,-3952948,-1159138,-4116549,995537,NA,E08000004,7860,2210,1270,2570,1810,"VOA/HMRC Valuation Office, Non-domestic rating: stock of properties, 31 March 2025 edition"
2018,2018-19,E3132,106710171,-0,308334,Oxford,357852,NA,3078680,-3867492,-1604216,308334,-1295882,0,NA,E07000178,4290,1350,1140,460,1330,"VOA/HMRC Valuation Office, Non-domestic rating: stock of properties, 31 March 2025 edition"
2018,2018-19,E2338,19217300,-0,-110000,Pendle,287582,NA,468393,-132291,-650000,-110000,-760000,0,NA,E07000122,3710,1090,530,1320,760,"VOA/HMRC Valuation Office, Non-domestic rating: stock of properties, 31 March 2025 edition"
2018,2018-19,E0501,100811960,1465914,-1007576,Peterborough,-0,NA,8683114,-2365817,-4896015,-1007576,-4437677,1465914,NA,E06000031,6110,1470,1450,1740,1450,"VOA/HMRC Valuation Office, Non-domestic rating: stock of properties, 31 March 2025 edition"
2018,2018-19,E1101,84800375,293982,-293192,Plymouth,-0,NA,1338119,-1816453,-362398,-293192,-361608,293982,NA,E06000026,7850,1990,1530,1980,2360,"VOA/HMRC Valuation Office, Non-domestic rating: stock of properties, 31 March 2025 edition"
2018,2018-19,E1201,63479510,262092,-288294,Poole,-0,NA,1454061,-1272015,-491903,-288294,-518105,262092,NA,E06000029,5860,1240,700,1480,2440,"VOA/HMRC Valuation Office, Non-domestic rating: stock of properties, 31 March 2025 edition"
2018,2018-19,E1701,88912151,572919,-375461,Portsmouth,-0,NA,5059278,-2372048,-3398879,-375461,-3201421,572919,NA,E06000044,6380,2060,920,1350,2040,"VOA/HMRC Valuation Office, Non-domestic rating: stock of properties, 31 March 2025 edition"
2018,2018-19,E2339,63025407,97603,-1707685,Preston,-0,NA,8070374,-1101832,-4446610,-1707685,-6056692,97603,NA,E07000123,5680,1650,1330,1420,1290,"VOA/HMRC Valuation Office, Non-domestic rating: stock of properties, 31 March 2025 edition"
2018,2018-19,E1236,14944889,67135,-97000,Purbeck,-0,NA,387015,-78350,-131204,-97000,-161069,67135,NA,E07000051,2650,380,170,750,1350,"VOA/HMRC Valuation Office, Non-domestic rating: stock of properties, 31 March 2025 edition"
2018,2018-19,E0303,134284519,294571,216543,Reading,-0,NA,6350420,-4328358,-3677869,216543,-3166755,294571,NA,E06000038,5480,1550,1590,920,1410,"VOA/HMRC Valuation Office, Non-domestic rating: stock of properties, 31 March 2025 edition"
2018,2018-19,E5046,55284902,1573962,306000,Redbridge,-0,NA,7738730,-3199961,-7503552,306000,-5623590,1573962,NA,E09000026,6740,2640,1330,840,1930,"VOA/HMRC Valuation Office, Non-domestic rating: stock of properties, 31 March 2025 edition"
2018,2018-19,E0703,39101791,133361,286990,Redcar and Cleveland,-0,NA,12749303,-532154,-11826991,286990,-11406640,133361,NA,E06000003,4090,1210,600,1170,1110,"VOA/HMRC Valuation Office, Non-domestic rating: stock of properties, 31 March 2025 edition"
2018,2018-19,E1835,34799306,1517635,-100325,Redditch,-0,NA,1449497,-603385,-2330310,-100325,-913000,1517635,NA,E07000236,2600,490,530,1070,510,"VOA/HMRC Valuation Office, Non-domestic rating: stock of properties, 31 March 2025 edition"
2018,2018-19,E3635,53182075,106783,-117003,Reigate and Banstead,-0,NA,845834,-1948757,-194532,-117003,-204752,106783,NA,E07000211,3780,1110,880,810,980,"VOA/HMRC Valuation Office, Non-domestic rating: stock of properties, 31 March 2025 edition"
2018,2018-19,E2340,15375399,42207,-92207,Ribble Valley,-0,NA,628241,-202956,-340000,-92207,-390000,42207,NA,E07000124,2440,540,430,710,770,"VOA/HMRC Valuation Office, Non-domestic rating: stock of properties, 31 March 2025 edition"
2018,2018-19,E5047,89477836,357808,-765213,Richmond upon Thames,-0,NA,4667410,-3188946,115162,-765213,-292243,357808,NA,E09000027,5980,2050,1750,540,1650,"VOA/HMRC Valuation Office, Non-domestic rating: stock of properties, 31 March 2025 edition"
2018,2018-19,E2734,13440780,126425,-84942,Richmondshire,-0,NA,322265,-192916,-217551,-84942,-176068,126425,NA,E07000166,2760,410,250,650,1440,"VOA/HMRC Valuation Office, Non-domestic rating: stock of properties, 31 March 2025 edition"
2018,2018-19,E4205,65103835,571778,-491240,Rochdale,136916,NA,1195868,-1053221,-571778,-491240,-491240,571778,NA,E08000005,7030,2040,1100,2290,1600,"VOA/HMRC Valuation Office, Non-domestic rating: stock of properties, 31 March 2025 edition"
2018,2018-19,E1540,15644153,9937,169539,Rochford,-0,NA,300554,-188212,-353473,169539,-173997,9937,NA,E07000075,2480,510,360,1010,610,"VOA/HMRC Valuation Office, Non-domestic rating: stock of properties, 31 March 2025 edition"
2018,2018-19,E2341,13104801,113756,-226645,Rossendale,-0,NA,1314321,-279387,-1001572,-226645,-1114461,113756,NA,E07000125,2720,670,390,1060,600,"VOA/HMRC Valuation Office, Non-domestic rating: stock of properties, 31 March 2025 edition"
2018,2018-19,E1436,17633732,77437,-110767,Rother,-0,NA,764322,-10466,-581044,-110767,-614375,77437,NA,E07000064,4240,990,380,1240,1620,"VOA/HMRC Valuation Office, Non-domestic rating: stock of properties, 31 March 2025 edition"
2018,2018-19,E4403,76421745,362248,-721839,Rotherham,-0,NA,3317628,-746812,-1507649,-721839,-1867240,362248,NA,E08000018,7680,2160,1110,2620,1790,"VOA/HMRC Valuation Office, Non-domestic rating: stock of properties, 31 March 2025 edition"
2018,2018-19,E3733,53580287,156094,-120770,Rugby,-0,NA,1009296,-709913,-230480,-120770,-195156,156094,NA,E07000220,3080,700,520,940,930,"VOA/HMRC Valuation Office, Non-domestic rating: stock of properties, 31 March 2025 edition"
2018,2018-19,E3636,57015058,-0,8371700,Runnymede,164455,NA,1170620,-2561766,-8944300,8371700,-572600,0,NA,E07000212,2510,510,680,610,710,"VOA/HMRC Valuation Office, Non-domestic rating: stock of properties, 31 March 2025 edition"
2018,2018-19,E3038,29488374,87615,-162916,Rushcliffe,-0,NA,491012,-267691,-212799,-162916,-288100,87615,NA,E07000176,2860,640,610,700,930,"VOA/HMRC Valuation Office, Non-domestic rating: stock of properties, 31 March 2025 edition"
2018,2018-19,E1740,51164106,363889,-337110,Rushmoor,-0,NA,1570336,-1309206,-531063,-337110,-504284,363889,NA,E07000092,2650,780,760,520,580,"VOA/HMRC Valuation Office, Non-domestic rating: stock of properties, 31 March 2025 edition"
2018,2018-19,E2402,11375629,23302,-8270,Rutland,-0,NA,164082,-110526,-103307,-8270,-88275,23302,NA,E06000017,1590,310,280,440,570,"VOA/HMRC Valuation Office, Non-domestic rating: stock of properties, 31 March 2025 edition"
2018,2018-19,E2755,15551298,-0,29907,Ryedale,14327,NA,101486,-111634,-50000,29907,-20093,0,NA,E07000167,3010,590,260,810,1350,"VOA/HMRC Valuation Office, Non-domestic rating: stock of properties, 31 March 2025 edition"
2018,2018-19,E4206,96166288,3734309,-2969726,Salford,-0,NA,23051015,-5170288,-16138525,-2969726,-15373942,3734309,NA,E08000006,11470,2110,2090,2350,4920,"VOA/HMRC Valuation Office, Non-domestic rating: stock of properties, 31 March 2025 edition"
2018,2018-19,E4604,100252770,1535305,-123205,Sandwell,-0,NA,3177364,-1025553,-2612100,-123205,-1200000,1535305,NA,E08000028,11160,2910,1020,4440,2790,"VOA/HMRC Valuation Office, Non-domestic rating: stock of properties, 31 March 2025 edition"
2018,2018-19,E2736,35009457,-0,15990,Scarborough,455558,NA,1384118,-896846,-536216,15990,-520226,0,NA,E07000168,7320,1580,600,1160,3980,"VOA/HMRC Valuation Office, Non-domestic rating: stock of properties, 31 March 2025 edition"
2018,2018-19,E3332,41390296,211450,-120797,Sedgemoor,-211450,NA,1162247,-550463,-513921,-120797,-423268,211450,NA,E07000188,4280,850,480,1470,1490,"VOA/HMRC Valuation Office, Non-domestic rating: stock of properties, 31 March 2025 edition"
2018,2018-19,E4304,69755407,610708,-1020308,Sefton,-0,NA,3621339,-1765434,-2010800,-1020308,-2420400,610708,NA,E08000014,8130,3180,1070,1850,2030,"VOA/HMRC Valuation Office, Non-domestic rating: stock of properties, 31 March 2025 edition"
2018,2018-19,E2757,39490793,32227,-73892,Selby,-0,NA,999910,-420261,-460092,-73892,-501757,32227,NA,E07000169,2660,510,400,940,820,"VOA/HMRC Valuation Office, Non-domestic rating: stock of properties, 31 March 2025 edition"
2018,2018-19,E2239,36279081,40010,-108910,Sevenoaks,-0,NA,1922495,-1563879,-475500,-108910,-544400,40010,NA,E07000111,3910,830,840,1140,1100,"VOA/HMRC Valuation Office, Non-domestic rating: stock of properties, 31 March 2025 edition"
2018,2018-19,E4404,224579189,2285625,-1001322,Sheffield,-0,NA,12950908,-3287426,-9321259,-1001322,-8036956,2285625,NA,E08000019,18880,5190,3720,5260,4720,"VOA/HMRC Valuation Office, Non-domestic rating: stock of properties, 31 March 2025 edition"
2018,2018-19,E3202,82886474,410401,-502222,Shropshire UA,-0,NA,4068093,-4004675,-1913724,-502222,-2005545,410401,NA,E06000051,12290,2940,1740,3710,3910,"VOA/HMRC Valuation Office, Non-domestic rating: stock of properties, 31 March 2025 edition"
2018,2018-19,E0304,105654660,784113,-1959000,Slough,-0,NA,4172544,-446631,-2004280,-1959000,-3179167,784113,NA,E06000039,3620,990,780,1010,840,"VOA/HMRC Valuation Office, Non-domestic rating: stock of properties, 31 March 2025 edition"
2018,2018-19,E4605,118641579,1253033,-761698,Solihull,-0,NA,2693712,-3253683,-2043733,-761698,-1552398,1253033,NA,E08000029,5450,1540,1760,700,1440,"VOA/HMRC Valuation Office, Non-domestic rating: stock of properties, 31 March 2025 edition"
2018,2018-19,E0434,32326827,481731,-319731,South Bucks,-0,NA,1665975,-1344753,-604000,-319731,-442000,481731,NA,E07000006,2000,550,470,340,650,"VOA/HMRC Valuation Office, Non-domestic rating: stock of properties, 31 March 2025 edition"
2018,2018-19,E0536,89603853,109713,-105883,South Cambridgeshire,-963,NA,655515,-2228962,-200559,-105883,-196729,109713,NA,E07000012,5130,480,1750,1540,1370,"VOA/HMRC Valuation Office, Non-domestic rating: stock of properties, 31 March 2025 edition"
2018,2018-19,E1039,25226107,141661,-250106,South Derbyshire,-0,NA,1867224,-551418,-1096306,-250106,-1204751,141661,NA,E07000039,2260,470,290,790,710,"VOA/HMRC Valuation Office, Non-domestic rating: stock of properties, 31 March 2025 edition"
2018,2018-19,E0103,147308046,616556,-316556,South Gloucestershire,-0,NA,2604611,-5367136,-450000,-316556,-150000,616556,NA,E06000025,7280,1550,1500,2240,1990,"VOA/HMRC Valuation Office, Non-domestic rating: stock of properties, 31 March 2025 edition"
2018,2018-19,E1136,30648038,67324,-208844,South Hams,-0,NA,1957367,-558104,-496230,-208844,-637750,67324,NA,E07000044,5640,900,620,1430,2680,"VOA/HMRC Valuation Office, Non-domestic rating: stock of properties, 31 March 2025 edition"
2018,2018-19,E2535,26612070,2827,-78748,South Holland,-0,NA,1020627,-359800,-253000,-78748,-328921,2827,NA,E07000140,2780,700,420,840,820,"VOA/HMRC Valuation Office, Non-domestic rating: stock of properties, 31 March 2025 edition"
2018,2018-19,E2536,42380035,-0,20000,South Kesteven,145609,NA,1165293,-817151,-559000,20000,-539000,0,NA,E07000141,4550,1190,780,1300,1270,"VOA/HMRC Valuation Office, Non-domestic rating: stock of properties, 31 March 2025 edition"
2018,2018-19,E0936,42868669,189356,-450735,South Lakeland,-0,NA,2075258,-669638,-620737,-450735,-882116,189356,NA,E07000031,8300,1500,840,1550,4420,"VOA/HMRC Valuation Office, Non-domestic rating: stock of properties, 31 March 2025 edition"
2018,2018-19,E2637,30121754,349586,-141909,South Norfolk,-0,NA,1055964,-215253,-658061,-141909,-450384,349586,NA,E07000149,4560,730,750,1430,1650,"VOA/HMRC Valuation Office, Non-domestic rating: stock of properties, 31 March 2025 edition"
2018,2018-19,E2836,24215421,-0,228841,South Northamptonshire,18700,NA,581185,-1070762,-548770,228841,-319929,0,NA,E07000155,2800,330,600,1010,860,"VOA/HMRC Valuation Office, Non-domestic rating: stock of properties, 31 March 2025 edition"
2018,2018-19,E3133,44870623,146465,-432585,South Oxfordshire,-0,NA,2146750,-1447521,-1294660,-432585,-1580780,146465,NA,E07000179,4250,870,980,1210,1200,"VOA/HMRC Valuation Office, Non-domestic rating: stock of properties, 31 March 2025 edition"
2018,2018-19,E2342,35732743,187691,-109848,South Ribble,59328,NA,942036,-552659,-573545,-109848,-495702,187691,NA,E07000126,3190,860,520,1100,710,"VOA/HMRC Valuation Office, Non-domestic rating: stock of properties, 31 March 2025 edition"
2018,2018-19,E3334,45755828,93607,-269590,South Somerset,-0,NA,2734508,-522933,-984200,-269590,-1160183,93607,NA,E07000189,5980,1200,790,2060,1930,"VOA/HMRC Valuation Office, Non-domestic rating: stock of properties, 31 March 2025 edition"
2018,2018-19,E3435,25312051,164771,-12677,South Staffordshire,-0,NA,635992,-243729,-517000,-12677,-364906,164771,NA,E07000196,2700,590,450,800,860,"VOA/HMRC Valuation Office, Non-domestic rating: stock of properties, 31 March 2025 edition"
2018,2018-19,E4504,30137313,295250,-358841,South Tyneside,-0,NA,1888792,-991695,-822461,-358841,-886052,295250,NA,E08000023,3870,1310,660,980,920,"VOA/HMRC Valuation Office, Non-domestic rating: stock of properties, 31 March 2025 edition"
2018,2018-19,E1702,111057441,4120220,-2408991,Southampton,-0,NA,3966057,-6620570,-4887476,-2408991,-3176247,4120220,NA,E06000045,7030,2080,1580,1430,1930,"VOA/HMRC Valuation Office, Non-domestic rating: stock of properties, 31 March 2025 edition"
2018,2018-19,E1501,46410709,336293,-176283,Southend-on-Sea,132452,NA,1680556,-1682041,-793533,-176283,-633523,336293,NA,E06000033,6020,2230,920,1170,1700,"VOA/HMRC Valuation Office, Non-domestic rating: stock of properties, 31 March 2025 edition"
2018,2018-19,E5019,289666069,935178,-1443695,Southwark,-0,NA,26656366,-24511394,-5918560,-1443695,-6427077,935178,NA,E09000028,12520,2980,4650,2470,2420,"VOA/HMRC Valuation Office, Non-domestic rating: stock of properties, 31 March 2025 edition"
2018,2018-19,E3637,51053496,2682,-519000,Spelthorne,-0,NA,1706274,-863796,-910446,-519000,-1426764,2682,NA,E07000213,2490,790,440,600,650,"VOA/HMRC Valuation Office, Non-domestic rating: stock of properties, 31 March 2025 edition"
2018,2018-19,E1936,55605201,69374,-234374,St Albans,-0,NA,2203603,-919682,-753000,-234374,-918000,69374,NA,E07000240,4090,990,1180,730,1190,"VOA/HMRC Valuation Office, Non-domestic rating: stock of properties, 31 March 2025 edition"
2018,2018-19,E3535,47794174,222655,-165567,St Edmundsbury,-0,NA,1403674,-752120,-540292,-165567,-483204,222655,NA,NA,NA,NA,NA,NA,NA,"VOA/HMRC Valuation Office, Non-domestic rating: stock of properties, 31 March 2025 edition"
2018,2018-19,E4303,51551750,566698,-1624282,St Helens,-0,NA,6122972,-1086200,-4447386,-1624282,-5504970,566698,NA,E08000013,4630,1600,680,1320,1030,"VOA/HMRC Valuation Office, Non-domestic rating: stock of properties, 31 March 2025 edition"
2018,2018-19,E3436,51367258,434151,-332662,Stafford,-0,NA,1274361,-523115,-1018857,-332662,-917368,434151,NA,E07000197,4310,1030,820,1230,1230,"VOA/HMRC Valuation Office, Non-domestic rating: stock of properties, 31 March 2025 edition"
2018,2018-19,E3437,19989093,7310,-95868,Staffordshire Moorlands,-0,NA,639834,-423603,-378797,-95868,-467355,7310,NA,E07000198,3060,750,210,1000,1100,"VOA/HMRC Valuation Office, Non-domestic rating: stock of properties, 31 March 2025 edition"
2018,2018-19,E1937,45046939,199518,195937,Stevenage,-0,NA,706253,-1192086,-947870,195937,-552415,199518,NA,E07000243,2310,530,620,530,640,"VOA/HMRC Valuation Office, Non-domestic rating: stock of properties, 31 March 2025 edition"
2018,2018-19,E4207,93556973,1335911,-2132096,Stockport,-0,NA,6812549,-2548317,-4798203,-2132096,-5594388,1335911,NA,E08000007,11220,2810,2420,2850,3140,"VOA/HMRC Valuation Office, Non-domestic rating: stock of properties, 31 March 2025 edition"
2018,2018-19,E0704,87054359,648322,-348322,Stockton-on-Tees,-0,NA,472537,-1510827,-700000,-348322,-400000,648322,NA,E06000004,5650,1530,1270,1360,1500,"VOA/HMRC Valuation Office, Non-domestic rating: stock of properties, 31 March 2025 edition"
2018,2018-19,E3401,92629407,-26936,-1415236,Stoke-on-Trent,-0,NA,5996801,-1323587,-3787828,-1415236,-5230000,-26936,NA,E06000021,9180,2730,1220,3170,2060,"VOA/HMRC Valuation Office, Non-domestic rating: stock of properties, 31 March 2025 edition"
2018,2018-19,E3734,56452819,417952,-460441,Stratford-on-Avon,-0,NA,2392664,-814008,-633950,-460441,-676439,417952,NA,E07000221,5690,980,1170,1480,2070,"VOA/HMRC Valuation Office, Non-domestic rating: stock of properties, 31 March 2025 edition"
2018,2018-19,E1635,28357418,170474,47421,Stroud,-98805,NA,609749,-527649,-407152,47421,-189257,170474,NA,E07000082,4110,810,720,1610,980,"VOA/HMRC Valuation Office, Non-domestic rating: stock of properties, 31 March 2025 edition"
2018,2018-19,E3536,69426944,373738,-436309,Suffolk Coastal,-0,NA,2130454,-3222936,-879387,-436309,-941958,373738,NA,NA,NA,NA,NA,NA,NA,"VOA/HMRC Valuation Office, Non-domestic rating: stock of properties, 31 March 2025 edition"
2018,2018-19,E4505,93107773,1649408,-813753,Sunderland,-0,NA,4323809,-598549,-4635384,-813753,-3799729,1649408,NA,E08000024,8410,2490,1590,2390,1940,"VOA/HMRC Valuation Office, Non-domestic rating: stock of properties, 31 March 2025 edition"
2018,2018-19,E3638,37182319,9184,209752,Surrey Heath,-0,NA,2008884,-1027578,-741189,209752,-522253,9184,NA,E07000214,2670,600,710,670,690,"VOA/HMRC Valuation Office, Non-domestic rating: stock of properties, 31 March 2025 edition"
2018,2018-19,E5048,55199139,654447,-460638,Sutton,-0,NA,1557907,-429756,-1003920,-460638,-810111,654447,NA,E09000029,4060,1750,610,710,990,"VOA/HMRC Valuation Office, Non-domestic rating: stock of properties, 31 March 2025 edition"
2018,2018-19,E2241,50535329,198944,-365194,Swale,-0,NA,2446477,-954701,-1468811,-365194,-1635061,198944,NA,E07000113,4680,990,700,1550,1450,"VOA/HMRC Valuation Office, Non-domestic rating: stock of properties, 31 March 2025 edition"
2018,2018-19,E3901,112593880,815638,-891002,Swindon,-0,NA,3849705,-983333,-1232557,-891002,-1307921,815638,NA,E06000030,5760,1350,1490,1500,1430,"VOA/HMRC Valuation Office, Non-domestic rating: stock of properties, 31 March 2025 edition"
2018,2018-19,E4208,56569278,1822650,-1583972,Tameside,-0,NA,5509729,-1891877,-2301472,-1583972,-2062794,1822650,NA,E08000008,7620,2240,930,2800,1660,"VOA/HMRC Valuation Office, Non-domestic rating: stock of properties, 31 March 2025 edition"
2018,2018-19,E3439,35469428,380379,-189415,Tamworth,-0,NA,641718,-1165967,-733178,-189415,-542214,380379,NA,E07000199,2080,530,380,710,460,"VOA/HMRC Valuation Office, Non-domestic rating: stock of properties, 31 March 2025 edition"
2018,2018-19,E3639,21346719,25110,-476922,Tandridge,-0,NA,584699,-365280,-98244,-476922,-550056,25110,NA,E07000215,3000,620,490,1040,850,"VOA/HMRC Valuation Office, Non-domestic rating: stock of properties, 31 March 2025 edition"
2018,2018-19,E3333,40059190,242543,-399715,Taunton Deane,-0,NA,2613350,-1171611,-746352,-399715,-903524,242543,NA,NA,NA,NA,NA,NA,NA,"VOA/HMRC Valuation Office, Non-domestic rating: stock of properties, 31 March 2025 edition"
2018,2018-19,E1137,30630261,77551,-567551,Teignbridge,-0,NA,390147,-375982,-260000,-567551,-750000,77551,NA,E07000045,5290,1040,660,1640,1950,"VOA/HMRC Valuation Office, Non-domestic rating: stock of properties, 31 March 2025 edition"
2018,2018-19,E3201,73650221,707566,-538566,Telford and the Wrekin,-0,NA,2076022,-1922345,-1213000,-538566,-1044000,707566,NA,E06000020,5130,1210,870,1700,1350,"VOA/HMRC Valuation Office, Non-domestic rating: stock of properties, 31 March 2025 edition"
2018,2018-19,E1542,27925607,258717,-408346,Tendring,-0,NA,855913,-684409,-195801,-408346,-345430,258717,NA,E07000076,8310,1240,580,1670,4810,"VOA/HMRC Valuation Office, Non-domestic rating: stock of properties, 31 March 2025 edition"
2018,2018-19,E1742,55410154,282616,-696224,Test Valley,-0,NA,1404336,-659256,-742533,-696224,-1156141,282616,NA,E07000093,4480,650,790,2000,1040,"VOA/HMRC Valuation Office, Non-domestic rating: stock of properties, 31 March 2025 edition"
2018,2018-19,E1636,38728235,128007,-159445,Tewkesbury,-254,NA,423205,-242099,-154116,-159445,-185554,128007,NA,E07000083,2920,430,590,1160,740,"VOA/HMRC Valuation Office, Non-domestic rating: stock of properties, 31 March 2025 edition"
2018,2018-19,E2242,34118275,141366,-175878,Thanet,-0,NA,1671703,-683660,-1167861,-175878,-1202373,141366,NA,E07000114,5300,1570,610,1310,1820,"VOA/HMRC Valuation Office, Non-domestic rating: stock of properties, 31 March 2025 edition"
2018,2018-19,E1938,28853513,65880,106390,Three Rivers,-0,NA,614414,-411369,-760039,106390,-587769,65880,NA,E07000102,2050,430,550,470,600,"VOA/HMRC Valuation Office, Non-domestic rating: stock of properties, 31 March 2025 edition"
2018,2018-19,E1502,121106162,-0,-973499,Thurrock,71488,NA,1607699,-135866,108332,-973499,-865167,0,NA,E06000034,4350,1220,480,1620,1040,"VOA/HMRC Valuation Office, Non-domestic rating: stock of properties, 31 March 2025 edition"
2018,2018-19,E2243,57518896,62625,-112625,Tonbridge and Malling,-0,NA,991326,-1444001,-250000,-112625,-300000,62625,NA,E07000115,3740,650,1020,1010,1060,"VOA/HMRC Valuation Office, Non-domestic rating: stock of properties, 31 March 2025 edition"
2018,2018-19,E1102,35195418,443130,-607641,Torbay,-0,NA,1798550,-480666,-1030522,-607641,-1195033,443130,NA,E06000027,5370,1780,520,950,2130,"VOA/HMRC Valuation Office, Non-domestic rating: stock of properties, 31 March 2025 edition"
2018,2018-19,E1139,11529520,19879,-12408,Torridge,-0,NA,423202,-129775,-112331,-12408,-104860,19879,NA,E07000046,3850,620,250,830,2150,"VOA/HMRC Valuation Office, Non-domestic rating: stock of properties, 31 March 2025 edition"
2018,2018-19,E5020,419464207,-1989610,-1550689,Tower Hamlets,-0,NA,18360299,-50241301,-6376987,-1550689,-9917286,-1989610,NA,E09000030,16850,3250,5040,3620,4940,"VOA/HMRC Valuation Office, Non-domestic rating: stock of properties, 31 March 2025 edition"
2018,2018-19,E4209,158949507,1402165,-1639567,Trafford,-0,NA,10610682,-10209496,-9323968,-1639567,-9561370,1402165,NA,E08000009,10080,2230,2370,1850,3630,"VOA/HMRC Valuation Office, Non-domestic rating: stock of properties, 31 March 2025 edition"
2018,2018-19,E2244,53125082,-0,222949,Tunbridge Wells,469155,NA,1548955,-977472,-1648891,222949,-1425942,0,NA,E07000116,4080,1160,920,910,1100,"VOA/HMRC Valuation Office, Non-domestic rating: stock of properties, 31 March 2025 edition"
2018,2018-19,E1544,44804153,31899,120526,Uttlesford,-0,NA,1586492,-614012,-739875,120526,-587450,31899,NA,E07000077,3380,490,840,1050,990,"VOA/HMRC Valuation Office, Non-domestic rating: stock of properties, 31 March 2025 edition"
2018,2018-19,E3134,60483672,394410,-247108,Vale of White Horse,-0,NA,1964864,-2034474,-1440962,-247108,-1293660,394410,NA,E07000180,3870,650,1210,970,1040,"VOA/HMRC Valuation Office, Non-domestic rating: stock of properties, 31 March 2025 edition"
2018,2018-19,E4705,132938306,915645,-915645,Wakefield,-0,NA,2323054,-1289751,-1020000,-915645,-1020000,915645,NA,E08000036,11050,3270,2000,3140,2640,"VOA/HMRC Valuation Office, Non-domestic rating: stock of properties, 31 March 2025 edition"
2018,2018-19,E4606,72302131,554172,-871349,Walsall,-0,NA,6160543,-370689,-2175574,-871349,-2492751,554172,NA,E08000030,8590,2410,1150,3030,1990,"VOA/HMRC Valuation Office, Non-domestic rating: stock of properties, 31 March 2025 edition"
2018,2018-19,E5049,62589589,197253,-262689,Waltham Forest,-0,NA,5906393,-4364268,-3641610,-262689,-3707046,197253,NA,E09000031,6710,2920,800,1520,1470,"VOA/HMRC Valuation Office, Non-domestic rating: stock of properties, 31 March 2025 edition"
2018,2018-19,E5021,115451695,8904,157096,Wandsworth,-230999,NA,6414573,-5529030,-2858000,157096,-2692000,8904,NA,E09000032,8800,3000,1900,1680,2230,"VOA/HMRC Valuation Office, Non-domestic rating: stock of properties, 31 March 2025 edition"
2018,2018-19,E0602,109201985,752196,-378579,Warrington,-0,NA,9546450,-2394408,-2882022,-378579,-2508405,752196,NA,E06000007,6880,1690,1900,1850,1450,"VOA/HMRC Valuation Office, Non-domestic rating: stock of properties, 31 March 2025 edition"
2018,2018-19,E3735,71515981,495199,-370199,Warwick,-0,NA,1977618,-379754,-925000,-370199,-800000,495199,NA,E07000222,5210,1310,1400,970,1530,"VOA/HMRC Valuation Office, Non-domestic rating: stock of properties, 31 March 2025 edition"
2018,2018-19,E1939,63995982,1043264,-1692990,Watford,-0,NA,2375595,-2184259,-1531757,-1692990,-2181483,1043264,NA,E07000103,3540,940,820,820,960,"VOA/HMRC Valuation Office, Non-domestic rating: stock of properties, 31 March 2025 edition"
2018,2018-19,E3537,27757509,129314,-278118,Waveney,-0,NA,2038148,-493708,-1227919,-278118,-1376723,129314,NA,NA,NA,NA,NA,NA,NA,"VOA/HMRC Valuation Office, Non-domestic rating: stock of properties, 31 March 2025 edition"
2018,2018-19,E3640,37693848,-1693,-138307,Waverley,-0,NA,2414769,-882038,-460000,-138307,-600000,-1693,NA,E07000216,4080,1010,1070,880,1130,"VOA/HMRC Valuation Office, Non-domestic rating: stock of properties, 31 March 2025 edition"
2018,2018-19,E1437,31525393,145521,-182080,Wealden,-0,NA,1216555,-538670,-555219,-182080,-591778,145521,NA,E07000065,6110,1120,890,2390,1720,"VOA/HMRC Valuation Office, Non-domestic rating: stock of properties, 31 March 2025 edition"
2018,2018-19,E2837,28160411,-0,45058,Wellingborough,-0,NA,581925,-284432,-249760,45058,-204702,0,NA,E07000156,2700,580,440,1070,610,"VOA/HMRC Valuation Office, Non-domestic rating: stock of properties, 31 March 2025 edition"
2018,2018-19,E1940,59412458,97251,-122069,Welwyn Hatfield,-20250,NA,1103688,-2671144,-117501,-122069,-142319,97251,NA,E07000241,3000,660,830,800,720,"VOA/HMRC Valuation Office, Non-domestic rating: stock of properties, 31 March 2025 edition"
2018,2018-19,E0302,84231413,336205,-500000,West Berkshire,150753,NA,2700550,-2138547,-336205,-500000,-500000,336205,NA,E06000037,5700,920,1580,1620,1570,"VOA/HMRC Valuation Office, Non-domestic rating: stock of properties, 31 March 2025 edition"
2018,2018-19,E1140,10636627,35687,-69750,West Devon,-0,NA,1002982,-213293,-319048,-69750,-353111,35687,NA,E07000047,2290,500,280,590,930,"VOA/HMRC Valuation Office, Non-domestic rating: stock of properties, 31 March 2025 edition"
2018,2018-19,E1237,32472809,258554,-440554,West Dorset,-0,NA,2074278,-776738,-1135000,-440554,-1317000,258554,NA,E07000052,5910,1130,760,1740,2280,"VOA/HMRC Valuation Office, Non-domestic rating: stock of properties, 31 March 2025 edition"
2018,2018-19,E2343,31796804,498856,-621200,West Lancashire,-0,NA,3916088,-883769,-1604308,-621200,-1726652,498856,NA,E07000127,3280,740,520,1100,930,"VOA/HMRC Valuation Office, Non-domestic rating: stock of properties, 31 March 2025 edition"
2018,2018-19,E2537,17511177,66177,-189632,West Lindsey,-0,NA,1050098,-764057,-349736,-189632,-473191,66177,NA,E07000142,2910,610,390,940,970,"VOA/HMRC Valuation Office, Non-domestic rating: stock of properties, 31 March 2025 edition"
2018,2018-19,E3135,36633346,345617,-224084,West Oxfordshire,-0,NA,962116,-274161,-403154,-224084,-281621,345617,NA,E07000181,3970,720,920,1230,1100,"VOA/HMRC Valuation Office, Non-domestic rating: stock of properties, 31 March 2025 edition"
2018,2018-19,E3335,18129100,132985,-265305,West Somerset,12824,NA,1117527,-217064,-132985,-265305,-265305,132985,NA,NA,NA,NA,NA,NA,NA,"VOA/HMRC Valuation Office, Non-domestic rating: stock of properties, 31 March 2025 edition"
2018,2018-19,E5022,2167524314,-0,-2400000,Westminster,9831689,NA,65851386,-126512366,-28499645,-2400000,-30899645,0,NA,E09000033,38060,6740,21070,1320,8930,"VOA/HMRC Valuation Office, Non-domestic rating: stock of properties, 31 March 2025 edition"
2018,2018-19,E1238,17840627,409521,-384521,Weymouth and Portland,-0,NA,1592390,-110846,-1513000,-384521,-1488000,409521,NA,E07000053,2890,690,200,470,1530,"VOA/HMRC Valuation Office, Non-domestic rating: stock of properties, 31 March 2025 edition"
2018,2018-19,E4210,84154527,633378,-425675,Wigan,-0,NA,7320697,-475489,-6680058,-425675,-6472355,633378,NA,E08000010,9560,2990,1340,2740,2490,"VOA/HMRC Valuation Office, Non-domestic rating: stock of properties, 31 March 2025 edition"
2018,2018-19,E3902,153797186,627396,-412196,Wiltshire UA,-0,NA,3631207,-3218421,-715600,-412196,-500400,627396,NA,E06000054,15600,3250,2870,5150,4320,"VOA/HMRC Valuation Office, Non-domestic rating: stock of properties, 31 March 2025 edition"
2018,2018-19,E1743,62496811,130387,-336068,Winchester,-0,NA,2617884,-1321011,-1202889,-336068,-1408570,130387,NA,E07000094,4780,800,1240,1360,1370,"VOA/HMRC Valuation Office, Non-domestic rating: stock of properties, 31 March 2025 edition"
2018,2018-19,E0305,92104844,-0,-10306,Windsor and Maidenhead,38205,NA,6132365,-3466985,-1028509,-10306,-1038815,0,NA,E06000040,4880,1320,1460,790,1320,"VOA/HMRC Valuation Office, Non-domestic rating: stock of properties, 31 March 2025 edition"
2018,2018-19,E4305,72447813,761129,-759835,Wirral,-0,NA,4671310,-2152962,-3113887,-759835,-3112593,761129,NA,E08000015,8530,3570,1150,1960,1850,"VOA/HMRC Valuation Office, Non-domestic rating: stock of properties, 31 March 2025 edition"
2018,2018-19,E3641,48065701,-0,-225000,Woking,168823,NA,2227087,-2111541,-678000,-225000,-903000,0,NA,E07000217,2720,780,740,470,730,"VOA/HMRC Valuation Office, Non-domestic rating: stock of properties, 31 March 2025 edition"
2018,2018-19,E0306,70218925,486525,-600000,Wokingham,-0,NA,3234425,-3406121,-769793,-600000,-883268,486525,NA,E06000041,4260,550,1340,1300,1060,"VOA/HMRC Valuation Office, Non-domestic rating: stock of properties, 31 March 2025 edition"
2018,2018-19,E4607,72155369,1271003,-1097389,Wolverhampton,-0,NA,6709341,-1264753,-4872821,-1097389,-4699207,1271003,NA,E08000031,8530,2400,1540,2890,1690,"VOA/HMRC Valuation Office, Non-domestic rating: stock of properties, 31 March 2025 edition"
2018,2018-19,E1837,42527036,294768,-294768,Worcester,41512,NA,554120,-971400,-294768,-294768,-294768,294768,NA,E07000237,3220,1040,680,730,770,"VOA/HMRC Valuation Office, Non-domestic rating: stock of properties, 31 March 2025 edition"
2018,2018-19,E3837,31831857,332668,-277663,Worthing,-0,NA,2247263,-1606816,-1519770,-277663,-1464765,332668,NA,E07000229,3320,1300,530,480,1000,"VOA/HMRC Valuation Office, Non-domestic rating: stock of properties, 31 March 2025 edition"
2018,2018-19,E1838,43013946,253798,-253798,Wychavon,-0,NA,196644,-595331,-255000,-253798,-255000,253798,NA,E07000238,4930,920,890,1670,1450,"VOA/HMRC Valuation Office, Non-domestic rating: stock of properties, 31 March 2025 edition"
2018,2018-19,E0435,70173057,397393,-132848,Wycombe,-0,NA,4725695,-3078666,-2321554,-132848,-2057009,397393,NA,E07000007,5290,1170,1530,1460,1120,"VOA/HMRC Valuation Office, Non-domestic rating: stock of properties, 31 March 2025 edition"
2018,2018-19,E2344,26881729,188293,-60816,Wyre,-0,NA,1045504,-646752,-509982,-60816,-382505,188293,NA,E07000128,4070,1220,400,1200,1260,"VOA/HMRC Valuation Office, Non-domestic rating: stock of properties, 31 March 2025 edition"
2018,2018-19,E1839,28486395,529828,-316082,Wyre Forest,183429,NA,1462443,-836837,-1107806,-316082,-894060,529828,NA,E07000239,3540,760,710,1010,1060,"VOA/HMRC Valuation Office, Non-domestic rating: stock of properties, 31 March 2025 edition"
2018,2018-19,E2701,102694393,275226,-63153,York,-0,NA,3085513,-1822324,-2213059,-63153,-2000986,275226,NA,E06000014,6790,1850,1580,1230,2130,"VOA/HMRC Valuation Office, Non-domestic rating: stock of properties, 31 March 2025 edition"
2019,2019-20,E3831,18029776,207478,-18054,Adur,-0,NA,337135,-178602,-385903,-18054,-196479,207478,NA,E07000223,2280,480,320,580,900,"VOA/HMRC Valuation Office, Non-domestic rating: stock of properties, 31 March 2025 edition"
2019,2019-20,E0931,28541162,224274,-266139,Allerdale,-0,NA,569430,-111370,-249990,-266139,-291855,224274,NA,E07000026,5070,1040,420,1130,2480,"VOA/HMRC Valuation Office, Non-domestic rating: stock of properties, 31 March 2025 edition"
2019,2019-20,E1031,32099087,242988,-148007,Amber Valley,-0,NA,443720,-1294035,-538700,-148007,-443719,242988,NA,E07000032,3920,1040,560,1250,1070,"VOA/HMRC Valuation Office, Non-domestic rating: stock of properties, 31 March 2025 edition"
2019,2019-20,E3832,38352785,143970,-800970,Arun,8447,NA,1712002,-444344,-347000,-800970,-1004000,143970,NA,E07000224,4950,1370,510,1400,1670,"VOA/HMRC Valuation Office, Non-domestic rating: stock of properties, 31 March 2025 edition"
2019,2019-20,E3031,37810194,160724,-304488,Ashfield,-0,NA,1389353,-288785,-490513,-304488,-634277,160724,NA,E07000170,3840,980,470,1650,740,"VOA/HMRC Valuation Office, Non-domestic rating: stock of properties, 31 March 2025 edition"
2019,2019-20,E2231,52498381,302955,-364861,Ashford,-0,NA,1410039,-157638,-336167,-364861,-398073,302955,NA,E07000105,4780,890,990,1470,1430,"VOA/HMRC Valuation Office, Non-domestic rating: stock of properties, 31 March 2025 edition"
2019,2019-20,E0431,52303482,-0,-133858,Aylesbury Vale,206193,NA,317851,-539745,-51142,-133858,-185000,0,NA,E07000004,5210,900,960,1960,1400,"VOA/HMRC Valuation Office, Non-domestic rating: stock of properties, 31 March 2025 edition"
2019,2019-20,E3531,23536191,83205,-138681,Babergh,-0,NA,574209,-290564,-296599,-138681,-352075,83205,NA,E07000200,3550,600,570,1260,1120,"VOA/HMRC Valuation Office, Non-domestic rating: stock of properties, 31 March 2025 edition"
2019,2019-20,E5030,60195138,-0,-415000,Barking and Dagenham,24769,NA,8030718,-1424790,-7302000,-415000,-7717000,0,NA,E09000002,4560,1440,880,1200,1040,"VOA/HMRC Valuation Office, Non-domestic rating: stock of properties, 31 March 2025 edition"
2019,2019-20,E5031,108695884,62770,-1429346,Barnet,-0,NA,14243110,-6058752,-8524289,-1429346,-9890865,62770,NA,E09000003,8830,3500,2360,850,2120,"VOA/HMRC Valuation Office, Non-domestic rating: stock of properties, 31 March 2025 edition"
2019,2019-20,E4401,53684310,650583,-593279,Barnsley,-0,NA,1849548,-583669,-1688923,-593279,-1631619,650583,NA,E08000016,8890,2030,1050,4120,1690,"VOA/HMRC Valuation Office, Non-domestic rating: stock of properties, 31 March 2025 edition"
2019,2019-20,E0932,21631217,63075,56020,Barrow-in-Furness,-0,NA,1794141,-2112410,-1238140,56020,-1119045,63075,NA,E07000027,2390,780,310,600,690,"VOA/HMRC Valuation Office, Non-domestic rating: stock of properties, 31 March 2025 edition"
2019,2019-20,E1531,81790544,449850,-919150,Basildon,-0,NA,2134157,-1174399,-1000000,-919150,-1469300,449850,NA,E07000066,4980,1050,860,1950,1120,"VOA/HMRC Valuation Office, Non-domestic rating: stock of properties, 31 March 2025 edition"
2019,2019-20,E1731,77633721,549884,-699884,Basingstoke and Deane,-0,NA,1528504,-950306,-650001,-699884,-800001,549884,NA,E07000084,4590,760,1360,1170,1300,"VOA/HMRC Valuation Office, Non-domestic rating: stock of properties, 31 March 2025 edition"
2019,2019-20,E3032,48872193,47229,-197886,Bassetlaw,-0,NA,2478822,-871343,-957150,-197886,-1107807,47229,NA,E07000171,4290,970,700,1390,1240,"VOA/HMRC Valuation Office, Non-domestic rating: stock of properties, 31 March 2025 edition"
2019,2019-20,E0101,70676757,305737,-583587,Bath and North East Somerset,-0,NA,2248092,-1714430,-462888,-583587,-740738,305737,NA,E06000022,6500,1710,1240,1610,1930,"VOA/HMRC Valuation Office, Non-domestic rating: stock of properties, 31 March 2025 edition"
2019,2019-20,E0202,64360215,1657,-797000,Bedford UA,-0,NA,3886821,-730177,-2081952,-797000,-2877295,1657,NA,E06000055,5610,1190,1070,1690,1660,"VOA/HMRC Valuation Office, Non-domestic rating: stock of properties, 31 March 2025 edition"
2019,2019-20,E5032,75834746,-0,448138,Bexley,120821,NA,2255182,-1620512,-1435000,448138,-986862,0,NA,E09000004,5540,1850,530,1530,1630,"VOA/HMRC Valuation Office, Non-domestic rating: stock of properties, 31 March 2025 edition"
2019,2019-20,E4601,446884691,20464390,-15532628,Birmingham,-0,NA,96380281,-15772645,-52509580,-15532628,-47577818,20464390,NA,E08000025,47230,11120,8440,9970,17700,"VOA/HMRC Valuation Office, Non-domestic rating: stock of properties, 31 March 2025 edition"
2019,2019-20,E2431,47607794,-0,-18753,Blaby,11664,NA,582478,-549583,-70811,-18753,-89564,0,NA,E07000129,2330,440,540,730,630,"VOA/HMRC Valuation Office, Non-domestic rating: stock of properties, 31 March 2025 edition"
2019,2019-20,E2301,44395732,80114,-427114,Blackburn with Darwen,-0,NA,3298709,-407946,-1838000,-427114,-2185000,80114,NA,E06000008,6770,1760,1370,2290,1350,"VOA/HMRC Valuation Office, Non-domestic rating: stock of properties, 31 March 2025 edition"
2019,2019-20,E2302,46465292,606788,-1287423,Blackpool,-0,NA,7266375,-332389,-2611400,-1287423,-3292035,606788,NA,E06000009,6790,2380,820,1130,2460,"VOA/HMRC Valuation Office, Non-domestic rating: stock of properties, 31 March 2025 edition"
2019,2019-20,E1032,27597038,-0,-90272,Bolsover,71387,NA,420028,-454624,-196045,-90272,-286317,0,NA,E07000033,2400,570,350,920,560,"VOA/HMRC Valuation Office, Non-domestic rating: stock of properties, 31 March 2025 edition"
2019,2019-20,E4201,90331159,1960397,-1888760,Bolton,-0,NA,8726095,-1557320,-5290695,-1888760,-5219058,1960397,NA,E08000001,10410,2890,1770,2790,2950,"VOA/HMRC Valuation Office, Non-domestic rating: stock of properties, 31 March 2025 edition"
2019,2019-20,E2531,19904662,437879,-67879,Boston,-0,NA,643502,-463087,-600000,-67879,-230000,437879,NA,E07000136,2430,590,390,770,680,"VOA/HMRC Valuation Office, Non-domestic rating: stock of properties, 31 March 2025 edition"
2019,2019-20,E1204,147718629,2137787,-4737618,"Bournemouth, Christchurch & Poole",-0,NA,6611339,-1379860,-3493613,-4737618,-6093444,2137787,NA,E06000058,15600,4300,1950,2610,6740,"VOA/HMRC Valuation Office, Non-domestic rating: stock of properties, 31 March 2025 edition"
2019,2019-20,E0301,72893822,324374,89626,Bracknell Forest,-0,NA,1938544,-5183869,-982200,89626,-568200,324374,NA,E06000036,2780,550,1060,440,740,"VOA/HMRC Valuation Office, Non-domestic rating: stock of properties, 31 March 2025 edition"
2019,2019-20,E4701,139082729,2086843,-2118083,Bradford,2414982,NA,6778997,-1219723,-2358867,-2118083,-2390107,2086843,NA,E08000032,19390,5970,3600,5830,4000,"VOA/HMRC Valuation Office, Non-domestic rating: stock of properties, 31 March 2025 edition"
2019,2019-20,E1532,43023087,126806,-163486,Braintree,-0,NA,442032,-333688,-94660,-163486,-131340,126806,NA,E07000067,4910,1000,820,1830,1260,"VOA/HMRC Valuation Office, Non-domestic rating: stock of properties, 31 March 2025 edition"
2019,2019-20,E2631,34129039,390804,-252924,Breckland,-0,NA,1685576,-275628,-707460,-252924,-569580,390804,NA,E07000143,4510,900,500,1710,1410,"VOA/HMRC Valuation Office, Non-domestic rating: stock of properties, 31 March 2025 edition"
2019,2019-20,E5033,123490703,533936,-1000000,Brent,-0,NA,11512742,-8755725,-2036281,-1000000,-2502345,533936,NA,E09000005,9240,3150,1990,2540,1560,"VOA/HMRC Valuation Office, Non-domestic rating: stock of properties, 31 March 2025 edition"
2019,2019-20,E1533,26214263,-0,-123603,Brentwood,430445,NA,2515481,-633160,-1057916,-123603,-1181519,0,NA,E07000068,2420,600,590,570,650,"VOA/HMRC Valuation Office, Non-domestic rating: stock of properties, 31 March 2025 edition"
2019,2019-20,E1401,117973280,1197398,-507262,Brighton and Hove,633343,NA,6038944,-3810447,-3033490,-507262,-2343354,1197398,NA,E06000043,11200,3280,2360,1500,4070,"VOA/HMRC Valuation Office, Non-domestic rating: stock of properties, 31 March 2025 edition"
2019,2019-20,E0102,227648690,2003029,-2589029,Bristol,-0,NA,4194863,-1530616,-1587000,-2589029,-2173000,2003029,NA,E06000023,16410,4620,4270,3780,3750,"VOA/HMRC Valuation Office, Non-domestic rating: stock of properties, 31 March 2025 edition"
2019,2019-20,E2632,30286258,47929,-180909,Broadland,-0,NA,283223,-245229,-117749,-180909,-250729,47929,NA,E07000144,3740,590,470,1310,1370,"VOA/HMRC Valuation Office, Non-domestic rating: stock of properties, 31 March 2025 edition"
2019,2019-20,E5034,92859668,1162898,-1682098,Bromley,-0,NA,3221490,-4248850,-1088758,-1682098,-1607958,1162898,NA,E09000006,7360,2890,1290,1010,2170,"VOA/HMRC Valuation Office, Non-domestic rating: stock of properties, 31 March 2025 edition"
2019,2019-20,E1831,25890809,41238,-65330,Bromsgrove,-0,NA,1670200,-876552,-906008,-65330,-930100,41238,NA,E07000234,3410,630,800,970,1010,"VOA/HMRC Valuation Office, Non-domestic rating: stock of properties, 31 March 2025 edition"
2019,2019-20,E1931,37384545,67713,-407370,Broxbourne,-0,NA,2606923,-241518,-928951,-407370,-1268608,67713,NA,E07000095,2360,710,370,770,510,"VOA/HMRC Valuation Office, Non-domestic rating: stock of properties, 31 March 2025 edition"
2019,2019-20,E3033,27060794,98657,-99657,Broxtowe,-0,NA,729434,-239204,-304001,-99657,-305001,98657,NA,E07000172,2610,900,360,670,680,"VOA/HMRC Valuation Office, Non-domestic rating: stock of properties, 31 March 2025 edition"
2019,2019-20,E2333,27364915,439704,50941,Burnley,-0,NA,2339474,-386782,-1915440,50941,-1424795,439704,NA,E07000117,4040,1160,820,1200,870,"VOA/HMRC Valuation Office, Non-domestic rating: stock of properties, 31 March 2025 edition"
2019,2019-20,E4202,50235503,205990,-960876,Bury,-0,NA,8444338,-1857469,-4214024,-960876,-4968910,205990,NA,E08000002,6130,1800,1250,1610,1460,"VOA/HMRC Valuation Office, Non-domestic rating: stock of properties, 31 March 2025 edition"
2019,2019-20,E4702,57367289,-53,-805439,Calderdale,-0,NA,7426000,-1313255,-4363242,-805439,-5168734,-53,NA,E08000033,9560,2230,1710,3520,2110,"VOA/HMRC Valuation Office, Non-domestic rating: stock of properties, 31 March 2025 edition"
2019,2019-20,E0531,115511640,-0,-600092,Cambridge,41071,NA,3368459,-1416213,-1812879,-600092,-2412971,0,NA,E07000008,4530,1160,1310,520,1540,"VOA/HMRC Valuation Office, Non-domestic rating: stock of properties, 31 March 2025 edition"
2019,2019-20,E5011,644876731,2767532,-8569097,Camden,-0,NA,17927534,-5598308,-7377505,-8569097,-13179070,2767532,NA,E09000007,19020,3710,9120,1230,4950,"VOA/HMRC Valuation Office, Non-domestic rating: stock of properties, 31 March 2025 edition"
2019,2019-20,E3431,29935350,176232,-178672,Cannock Chase,-0,NA,1521452,-360346,-916674,-178672,-919114,176232,NA,E07000192,3570,960,600,1240,780,"VOA/HMRC Valuation Office, Non-domestic rating: stock of properties, 31 March 2025 edition"
2019,2019-20,E2232,54386029,9735,-242077,Canterbury,-0,NA,2460802,-1008398,-815712,-242077,-1048054,9735,NA,E07000106,6070,1360,940,1250,2530,"VOA/HMRC Valuation Office, Non-domestic rating: stock of properties, 31 March 2025 edition"
2019,2019-20,E0933,43398036,262000,-887904,Carlisle,94169,NA,1818956,-211825,-262939,-887904,-888843,262000,NA,E07000028,4650,1100,830,1320,1400,"VOA/HMRC Valuation Office, Non-domestic rating: stock of properties, 31 March 2025 edition"
2019,2019-20,E1534,14490775,68763,-86731,Castle Point,-0,NA,235133,-101431,-182074,-86731,-200042,68763,NA,E07000069,2010,650,200,670,480,"VOA/HMRC Valuation Office, Non-domestic rating: stock of properties, 31 March 2025 edition"
2019,2019-20,E0203,87959234,341988,-378879,Central Bedfordshire,-0,NA,3304365,-953025,-524972,-378879,-561863,341988,NA,E06000056,7190,1510,1340,2370,1970,"VOA/HMRC Valuation Office, Non-domestic rating: stock of properties, 31 March 2025 edition"
2019,2019-20,E2432,47900382,442163,-262875,Charnwood,-0,NA,787692,-995700,-509709,-262875,-330421,442163,NA,E07000130,4800,1280,740,1630,1150,"VOA/HMRC Valuation Office, Non-domestic rating: stock of properties, 31 March 2025 edition"
2019,2019-20,E1535,80042508,-0,-741599,Chelmsford,855326,NA,2879587,-2132494,-994719,-741599,-1736318,0,NA,E07000070,5130,1110,1250,1530,1240,"VOA/HMRC Valuation Office, Non-domestic rating: stock of properties, 31 March 2025 edition"
2019,2019-20,E1631,55895337,401884,-403134,Cheltenham,40030,NA,1009086,-4583458,-401883,-403134,-403133,401884,NA,E07000078,3930,1120,1230,760,830,"VOA/HMRC Valuation Office, Non-domestic rating: stock of properties, 31 March 2025 edition"
2019,2019-20,E3131,103401391,-0,-98023,Cherwell,293501,NA,2467983,-1759097,-279071,-98023,-377094,0,NA,E07000177,4900,1140,1090,1400,1270,"VOA/HMRC Valuation Office, Non-domestic rating: stock of properties, 31 March 2025 edition"
2019,2019-20,E0603,142709300,1078803,-1109825,Cheshire East,-0,NA,4792861,-543001,-1406277,-1109825,-1437299,1078803,NA,E06000049,14760,3480,3600,3440,4240,"VOA/HMRC Valuation Office, Non-domestic rating: stock of properties, 31 March 2025 edition"
2019,2019-20,E0604,162034716,2456026,-1971989,Cheshire West and Chester,-0,NA,3527349,-2208339,-4011387,-1971989,-3527350,2456026,NA,E06000050,11220,3310,2470,2480,2950,"VOA/HMRC Valuation Office, Non-domestic rating: stock of properties, 31 March 2025 edition"
2019,2019-20,E1033,40992174,292807,-318618,Chesterfield,-0,NA,1302209,-920980,-426189,-318618,-452000,292807,NA,E07000034,4280,1030,830,1550,870,"VOA/HMRC Valuation Office, Non-domestic rating: stock of properties, 31 March 2025 edition"
2019,2019-20,E3833,47493221,521049,-911968,Chichester,43032,NA,1809840,-815129,-521064,-911968,-911983,521049,NA,E07000225,5160,1060,780,1540,1800,"VOA/HMRC Valuation Office, Non-domestic rating: stock of properties, 31 March 2025 edition"
2019,2019-20,E0432,21010428,50602,-267582,Chiltern,-0,NA,0,0,-323000,-267582,-539980,50602,NA,E07000005,2630,700,640,590,710,"VOA/HMRC Valuation Office, Non-domestic rating: stock of properties, 31 March 2025 edition"
2019,2019-20,E2334,26005450,125705,-88323,Chorley,13953,NA,1122798,-597396,-516717,-88323,-479335,125705,NA,E07000118,3540,910,650,1030,950,"VOA/HMRC Valuation Office, Non-domestic rating: stock of properties, 31 March 2025 edition"
2019,2019-20,E5010,1201159662,-1854028,-3155306,City of London,-0,NA,37219740,-83365107,-9234646,-3155306,-14243980,-1854028,NA,E09000001,21710,1330,14760,2000,3620,"VOA/HMRC Valuation Office, Non-domestic rating: stock of properties, 31 March 2025 edition"
2019,2019-20,E1536,65583155,230965,-338226,Colchester,-0,NA,2843173,-1352262,-1099463,-338226,-1206724,230965,NA,E07000071,6010,1260,1260,1340,2150,"VOA/HMRC Valuation Office, Non-domestic rating: stock of properties, 31 March 2025 edition"
2019,2019-20,E0934,41581807,11672,-29695,Copeland,-0,NA,767728,-150230,-170800,-29695,-188823,11672,NA,E07000029,2480,550,330,530,1060,"VOA/HMRC Valuation Office, Non-domestic rating: stock of properties, 31 March 2025 edition"
2019,2019-20,E2831,37875779,482667,-981944,Corby,-0,NA,3018405,-797983,-1058559,-981944,-1557836,482667,NA,E07000150,1990,400,330,820,430,"VOA/HMRC Valuation Office, Non-domestic rating: stock of properties, 31 March 2025 edition"
2019,2019-20,E0801,159203489,623872,-1468872,Cornwall UA,-0,NA,7818523,-2134545,-3343000,-1468872,-4188000,623872,NA,E06000052,32420,5810,2870,7240,16500,"VOA/HMRC Valuation Office, Non-domestic rating: stock of properties, 31 March 2025 edition"
2019,2019-20,E1632,31800816,71779,-144033,Cotswold,-0,NA,1290528,-240815,-387657,-144033,-459911,71779,NA,E07000079,4840,920,770,1380,1770,"VOA/HMRC Valuation Office, Non-domestic rating: stock of properties, 31 March 2025 edition"
2019,2019-20,E4602,126770459,1859985,-2090985,Coventry,-0,NA,4381932,-1207186,-2725010,-2090985,-2956010,1859985,NA,E08000026,8910,2630,1690,2240,2360,"VOA/HMRC Valuation Office, Non-domestic rating: stock of properties, 31 March 2025 edition"
2019,2019-20,E2731,18071601,53393,-68404,Craven,-0,NA,450947,-131053,-154750,-68404,-169761,53393,NA,E07000163,3290,720,390,760,1420,"VOA/HMRC Valuation Office, Non-domestic rating: stock of properties, 31 March 2025 edition"
2019,2019-20,E3834,126547935,584901,-604823,Crawley,-0,NA,1307406,-1808304,-973651,-604823,-993573,584901,NA,E07000226,3620,600,1160,830,1030,"VOA/HMRC Valuation Office, Non-domestic rating: stock of properties, 31 March 2025 edition"
2019,2019-20,E5035,118669802,1150000,-2187971,Croydon,-0,NA,9478225,-3819246,-4712799,-2187971,-5750770,1150000,NA,E09000008,9270,3520,2080,1350,2320,"VOA/HMRC Valuation Office, Non-domestic rating: stock of properties, 31 March 2025 edition"
2019,2019-20,E1932,66272456,282313,-391857,Dacorum,-0,NA,2592137,-572824,-1736627,-391857,-1846171,282313,NA,E07000096,4530,950,1210,1090,1290,"VOA/HMRC Valuation Office, Non-domestic rating: stock of properties, 31 March 2025 edition"
2019,2019-20,E1301,33720441,260771,-85000,Darlington,-0,NA,851015,-317075,-390142,-85000,-214371,260771,NA,E06000005,3810,1100,760,1090,860,"VOA/HMRC Valuation Office, Non-domestic rating: stock of properties, 31 March 2025 edition"
2019,2019-20,E2233,90667254,1864748,-1891102,Dartford,-0,NA,2042932,-2618336,-1636533,-1891102,-1662887,1864748,NA,E07000107,3260,930,670,700,960,"VOA/HMRC Valuation Office, Non-domestic rating: stock of properties, 31 March 2025 edition"
2019,2019-20,E2832,47779414,126868,-390329,Daventry,-0,NA,562789,-349987,-183671,-390329,-447132,126868,NA,E07000151,2700,380,450,1040,830,"VOA/HMRC Valuation Office, Non-domestic rating: stock of properties, 31 March 2025 edition"
2019,2019-20,E1001,92107815,882357,-1720234,Derby,-0,NA,5950424,-421350,-2366685,-1720234,-3204562,882357,NA,E06000015,7960,2260,2050,1740,1910,"VOA/HMRC Valuation Office, Non-domestic rating: stock of properties, 31 March 2025 edition"
2019,2019-20,E1035,18494596,158714,-280714,Derbyshire Dales,-22714,NA,887934,-134113,-136000,-280714,-258000,158714,NA,E07000035,4180,850,410,980,1930,"VOA/HMRC Valuation Office, Non-domestic rating: stock of properties, 31 March 2025 edition"
2019,2019-20,E4402,102032083,1592463,-1559195,Doncaster,103218,NA,5712388,-909148,-2629110,-1559195,-2595842,1592463,NA,E08000017,9580,2940,1580,2730,2330,"VOA/HMRC Valuation Office, Non-domestic rating: stock of properties, 31 March 2025 edition"
2019,2019-20,E1203,99202769,436925,-1418060,Dorset Council,-0,NA,5936281,-1323395,-3611929,-1418060,-4593064,436925,NA,E06000059,17110,3260,1900,5080,6870,"VOA/HMRC Valuation Office, Non-domestic rating: stock of properties, 31 March 2025 edition"
2019,2019-20,E2234,42822512,1949,-392449,Dover,-0,NA,2590277,-877491,-1713100,-392449,-2103600,1949,NA,E07000108,4090,910,820,920,1450,"VOA/HMRC Valuation Office, Non-domestic rating: stock of properties, 31 March 2025 edition"
2019,2019-20,E4603,90511610,-0,-1385000,Dudley,914888,NA,5233759,-283707,-2800000,-1385000,-4185000,0,NA,E08000027,10800,2810,1830,3780,2380,"VOA/HMRC Valuation Office, Non-domestic rating: stock of properties, 31 March 2025 edition"
2019,2019-20,E1302,119861162,1577335,-1234888,Durham UA,-0,NA,4553435,-1226521,-2953082,-1234888,-2610635,1577335,NA,E06000047,15560,4290,2340,4140,4790,"VOA/HMRC Valuation Office, Non-domestic rating: stock of properties, 31 March 2025 edition"
2019,2019-20,E5036,153068583,1429623,-2699257,Ealing,-0,NA,17674013,-8993427,-6657622,-2699257,-7927256,1429623,NA,E09000009,10750,3640,2110,2840,2170,"VOA/HMRC Valuation Office, Non-domestic rating: stock of properties, 31 March 2025 edition"
2019,2019-20,E0532,21678237,140717,-62597,East Cambridgeshire,-0,NA,754948,-247038,-285945,-62597,-207825,140717,NA,E07000009,2420,400,400,790,830,"VOA/HMRC Valuation Office, Non-domestic rating: stock of properties, 31 March 2025 edition"
2019,2019-20,E1131,34897093,210073,-377516,East Devon,-1127,NA,996598,-592713,-101843,-377516,-269286,210073,NA,E07000040,6450,1290,610,1920,2630,"VOA/HMRC Valuation Office, Non-domestic rating: stock of properties, 31 March 2025 edition"
2019,2019-20,E1732,32253140,-0,43510,East Hampshire,223191,NA,1547043,-232060,-517729,43510,-474219,0,NA,E07000085,4070,830,760,1470,1010,"VOA/HMRC Valuation Office, Non-domestic rating: stock of properties, 31 March 2025 edition"
2019,2019-20,E1933,42670483,181846,-301931,East Hertfordshire,-0,NA,1468748,-571550,-1357381,-301931,-1477466,181846,NA,E07000242,4810,990,990,1410,1410,"VOA/HMRC Valuation Office, Non-domestic rating: stock of properties, 31 March 2025 edition"
2019,2019-20,E2532,36084999,76803,-314803,East Lindsey,-0,NA,4307843,-1160274,-1429996,-314803,-1667996,76803,NA,E07000137,7380,1680,510,1740,3440,"VOA/HMRC Valuation Office, Non-domestic rating: stock of properties, 31 March 2025 edition"
2019,2019-20,E2833,34646363,47283,-100543,East Northamptonshire,-0,NA,638216,-21424,-142382,-100543,-195642,47283,NA,E07000152,2640,630,420,820,780,"VOA/HMRC Valuation Office, Non-domestic rating: stock of properties, 31 March 2025 edition"
2019,2019-20,E2001,110397842,568046,-716831,East Riding of Yorkshire,-0,NA,2751365,-1290301,-1748075,-716831,-1896860,568046,NA,E06000011,11540,2930,1580,2880,4150,"VOA/HMRC Valuation Office, Non-domestic rating: stock of properties, 31 March 2025 edition"
2019,2019-20,E3432,57930291,594545,-1209600,East Staffordshire,-0,NA,2838453,-949317,-897348,-1209600,-1512403,594545,NA,E07000193,4120,1110,660,1310,1030,"VOA/HMRC Valuation Office, Non-domestic rating: stock of properties, 31 March 2025 edition"
2019,2019-20,E3538,96469984,230763,-732625,East Suffolk,-0,NA,4258416,-1808866,-2318681,-732625,-2820543,230763,NA,E07000244,12540,2170,1540,2340,6490,"VOA/HMRC Valuation Office, Non-domestic rating: stock of properties, 31 March 2025 edition"
2019,2019-20,E1432,36271644,675351,-936872,Eastbourne,-0,NA,2566405,-591734,-429883,-936872,-691404,675351,NA,E07000061,3240,1100,550,550,1040,"VOA/HMRC Valuation Office, Non-domestic rating: stock of properties, 31 March 2025 edition"
2019,2019-20,E1733,60877843,167027,-331426,Eastleigh,-0,NA,1318383,-175041,-480116,-331426,-644515,167027,NA,E07000086,3240,710,700,1000,820,"VOA/HMRC Valuation Office, Non-domestic rating: stock of properties, 31 March 2025 edition"
2019,2019-20,E0935,21684609,12148,31325,Eden,-0,NA,782899,-79103,-66953,31325,-23480,12148,NA,E07000030,3480,530,320,840,1800,"VOA/HMRC Valuation Office, Non-domestic rating: stock of properties, 31 March 2025 edition"
2019,2019-20,E3631,64286863,284843,-374843,Elmbridge,-0,NA,1230447,-946576,-485000,-374843,-575000,284843,NA,E07000207,3810,1170,920,620,1100,"VOA/HMRC Valuation Office, Non-domestic rating: stock of properties, 31 March 2025 edition"
2019,2019-20,E5037,112868515,111670,99412,Enfield,-0,NA,8794907,-4244227,-3847853,99412,-3636771,111670,NA,E09000010,6960,2680,970,1660,1660,"VOA/HMRC Valuation Office, Non-domestic rating: stock of properties, 31 March 2025 edition"
2019,2019-20,E1537,34551600,105789,-707563,Epping Forest,-0,NA,2056370,-937625,-449905,-707563,-1051679,105789,NA,E07000072,4310,940,910,1450,1020,"VOA/HMRC Valuation Office, Non-domestic rating: stock of properties, 31 March 2025 edition"
2019,2019-20,E3632,24886970,318062,-273316,Epsom and Ewell,-0,NA,94142,-108638,-117980,-273316,-73234,318062,NA,E07000208,1790,610,380,220,580,"VOA/HMRC Valuation Office, Non-domestic rating: stock of properties, 31 March 2025 edition"
2019,2019-20,E1036,24793376,147909,-261560,Erewash,-0,NA,1135254,-599260,-453687,-261560,-567338,147909,NA,E07000036,3610,950,430,1470,750,"VOA/HMRC Valuation Office, Non-domestic rating: stock of properties, 31 March 2025 edition"
2019,2019-20,E1132,82421608,-0,270000,Exeter,1924524,NA,1870645,-823990,-570000,270000,-300000,0,NA,E07000041,5050,1210,1440,940,1470,"VOA/HMRC Valuation Office, Non-domestic rating: stock of properties, 31 March 2025 edition"
2019,2019-20,E1734,42286885,106394,-260247,Fareham,-0,NA,1139800,-782975,-356144,-260247,-509997,106394,NA,E07000087,3320,670,720,1030,900,"VOA/HMRC Valuation Office, Non-domestic rating: stock of properties, 31 March 2025 edition"
2019,2019-20,E0533,24815304,175853,-211704,Fenland,-0,NA,1952225,-149358,-1140705,-211704,-1176556,175853,NA,E07000010,3110,800,420,1080,810,"VOA/HMRC Valuation Office, Non-domestic rating: stock of properties, 31 March 2025 edition"
2019,2019-20,E2240,26534094,170829,-198875,Folkestone & Hythe,60,NA,824084,-335676,-191471,-198875,-219517,170829,NA,E07000112,3900,1050,580,980,1300,"VOA/HMRC Valuation Office, Non-domestic rating: stock of properties, 31 March 2025 edition"
2019,2019-20,E1633,12548546,118628,-94627,Forest of Dean,-0,NA,479994,-80540,-312001,-94627,-288000,118628,NA,E07000080,3270,560,350,1350,1010,"VOA/HMRC Valuation Office, Non-domestic rating: stock of properties, 31 March 2025 edition"
2019,2019-20,E2335,26834307,116638,-288823,Fylde,-0,NA,1853764,-162212,-1053028,-288823,-1225213,116638,NA,E07000119,2940,840,500,750,850,"VOA/HMRC Valuation Office, Non-domestic rating: stock of properties, 31 March 2025 edition"
2019,2019-20,E4501,92760560,1346379,-1126379,Gateshead,-0,NA,2929702,-1346573,-1500000,-1126379,-1280000,1346379,NA,E08000037,6720,1770,1520,2150,1280,"VOA/HMRC Valuation Office, Non-domestic rating: stock of properties, 31 March 2025 edition"
2019,2019-20,E3034,22629139,416,-64039,Gedling,-0,NA,917976,-134467,-319923,-64039,-383546,416,NA,E07000173,2560,760,340,750,710,"VOA/HMRC Valuation Office, Non-domestic rating: stock of properties, 31 March 2025 edition"
2019,2019-20,E1634,55369858,570506,-792412,Gloucester,-0,NA,1785824,-656367,-828407,-792412,-1050313,570506,NA,E07000081,4030,1080,940,1100,910,"VOA/HMRC Valuation Office, Non-domestic rating: stock of properties, 31 March 2025 edition"
2019,2019-20,E1735,17060281,119039,-143439,Gosport,-0,NA,1310796,-159937,-805400,-143439,-829800,119039,NA,E07000088,1940,620,190,630,500,"VOA/HMRC Valuation Office, Non-domestic rating: stock of properties, 31 March 2025 edition"
2019,2019-20,E2236,24096998,181301,-285598,Gravesham,-13,NA,1341625,-143905,-849837,-285598,-954134,181301,NA,E07000109,2320,770,300,540,700,"VOA/HMRC Valuation Office, Non-domestic rating: stock of properties, 31 March 2025 edition"
2019,2019-20,E2633,30111615,2229,-223615,Great Yarmouth,-0,NA,2147094,-1339857,-409170,-223615,-630556,2229,NA,E07000145,5010,1050,460,1150,2360,"VOA/HMRC Valuation Office, Non-domestic rating: stock of properties, 31 March 2025 edition"
2019,2019-20,E5012,97333845,392076,-2196510,Greenwich,-0,NA,4912963,-4971150,-2127938,-2196510,-3932372,392076,NA,E09000011,5590,2010,840,1320,1420,"VOA/HMRC Valuation Office, Non-domestic rating: stock of properties, 31 March 2025 edition"
2019,2019-20,E3633,87917090,5204,-857471,Guildford,-0,NA,3564820,-3760021,-1147733,-857471,-2000000,5204,NA,E07000209,4510,900,1370,870,1380,"VOA/HMRC Valuation Office, Non-domestic rating: stock of properties, 31 March 2025 edition"
2019,2019-20,E5013,152062825,8530,-6440563,Hackney,-0,NA,41890242,-15808096,-23008803,-6440563,-29440836,8530,NA,E09000012,11140,2870,3740,2560,1970,"VOA/HMRC Valuation Office, Non-domestic rating: stock of properties, 31 March 2025 edition"
2019,2019-20,E0601,57736962,241127,-1493131,Halton,-0,NA,5792479,-223184,-3691562,-1493131,-4943566,241127,NA,E06000006,3730,930,670,1250,880,"VOA/HMRC Valuation Office, Non-domestic rating: stock of properties, 31 March 2025 edition"
2019,2019-20,E2732,28690618,60543,-229118,Hambleton,-0,NA,856390,-354410,-270964,-229118,-439539,60543,NA,E07000164,4280,740,730,1380,1440,"VOA/HMRC Valuation Office, Non-domestic rating: stock of properties, 31 March 2025 edition"
2019,2019-20,E5014,259448081,385516,-5672182,Hammersmith and Fulham,-3010755,NA,33848861,-26963225,-17223022,-5672182,-22509688,385516,NA,E09000013,9830,2820,3530,870,2610,"VOA/HMRC Valuation Office, Non-domestic rating: stock of properties, 31 March 2025 edition"
2019,2019-20,E2433,43389783,41889,-54040,Harborough,-0,NA,448032,-586387,-10414,-54040,-22565,41889,NA,E07000131,3090,570,710,880,930,"VOA/HMRC Valuation Office, Non-domestic rating: stock of properties, 31 March 2025 edition"
2019,2019-20,E5038,74984902,841415,-1757808,Haringey,-0,NA,11319298,-8922626,-5143109,-1757808,-6059502,841415,NA,E09000014,7150,2950,990,1780,1420,"VOA/HMRC Valuation Office, Non-domestic rating: stock of properties, 31 March 2025 edition"
2019,2019-20,E1538,44845390,39824,-347000,Harlow,-0,NA,4015500,-843266,-2021590,-347000,-2328766,39824,NA,E07000073,2420,510,490,830,600,"VOA/HMRC Valuation Office, Non-domestic rating: stock of properties, 31 March 2025 edition"
2019,2019-20,E2753,64082430,631757,-760067,Harrogate,-0,NA,2949186,-1680633,-1816231,-760067,-1944541,631757,NA,E07000165,7490,1560,1760,1910,2260,"VOA/HMRC Valuation Office, Non-domestic rating: stock of properties, 31 March 2025 edition"
2019,2019-20,E5039,49620391,777050,-534400,Harrow,-0,NA,3377363,-598726,-2621643,-534400,-2378993,777050,NA,E09000015,5690,2030,1700,680,1280,"VOA/HMRC Valuation Office, Non-domestic rating: stock of properties, 31 March 2025 edition"
2019,2019-20,E1736,30570646,-1,-123477,Hart,-282320,NA,1636769,-1062064,-1026929,-123477,-1150407,-1,NA,E07000089,2340,510,600,580,660,"VOA/HMRC Valuation Office, Non-domestic rating: stock of properties, 31 March 2025 edition"
2019,2019-20,E0701,33640411,193881,-912710,Hartlepool,-0,NA,4645486,-1596699,-1003494,-912710,-1722323,193881,NA,E06000001,2850,930,410,800,710,"VOA/HMRC Valuation Office, Non-domestic rating: stock of properties, 31 March 2025 edition"
2019,2019-20,E1433,22552102,10867,-236436,Hastings,-0,NA,2172385,-376524,-1561830,-236436,-1787399,10867,NA,E07000062,3590,1070,460,870,1200,"VOA/HMRC Valuation Office, Non-domestic rating: stock of properties, 31 March 2025 edition"
2019,2019-20,E1737,35471364,-0,-49696,Havant,19241,NA,431335,-796279,-272238,-49696,-321934,0,NA,E07000090,3340,960,510,750,1120,"VOA/HMRC Valuation Office, Non-domestic rating: stock of properties, 31 March 2025 edition"
2019,2019-20,E5040,79334510,1325383,-536489,Havering,-0,NA,2748266,-5433193,-2199229,-536489,-1410335,1325383,NA,E09000016,6080,2260,870,1440,1510,"VOA/HMRC Valuation Office, Non-domestic rating: stock of properties, 31 March 2025 edition"
2019,2019-20,E1801,46571551,131450,-432395,Herefordshire,-0,NA,1965915,-1269884,-601711,-432395,-902656,131450,NA,E06000019,8320,1650,1350,2540,2780,"VOA/HMRC Valuation Office, Non-domestic rating: stock of properties, 31 March 2025 edition"
2019,2019-20,E1934,48635232,136907,-448431,Hertsmere,-0,NA,1974231,-1121697,-617057,-448431,-928581,136907,NA,E07000098,3230,700,950,730,840,"VOA/HMRC Valuation Office, Non-domestic rating: stock of properties, 31 March 2025 edition"
2019,2019-20,E1037,26777829,563113,-213887,High Peak,-0,NA,810571,-288171,-883896,-213887,-534670,563113,NA,E07000037,3590,920,420,1090,1160,"VOA/HMRC Valuation Office, Non-domestic rating: stock of properties, 31 March 2025 edition"
2019,2019-20,E5041,380730693,734568,-298263,Hillingdon,718859,NA,8040319,-10856563,2692505,-298263,3128810,734568,NA,E09000017,8750,2620,2430,1810,1890,"VOA/HMRC Valuation Office, Non-domestic rating: stock of properties, 31 March 2025 edition"
2019,2019-20,E2434,32893191,54964,-96609,Hinckley and Bosworth,948,NA,816919,-129429,-54964,-96609,-96609,54964,NA,E07000132,3180,720,460,1230,770,"VOA/HMRC Valuation Office, Non-domestic rating: stock of properties, 31 March 2025 edition"
2019,2019-20,E3835,43578967,502723,-223625,Horsham,-0,NA,1630616,-846698,-1291459,-223625,-1012361,502723,NA,E07000227,4820,870,870,1750,1330,"VOA/HMRC Valuation Office, Non-domestic rating: stock of properties, 31 March 2025 edition"
2019,2019-20,E5042,201169887,-236088,-963912,Hounslow,-0,NA,8596254,-10417514,-2400000,-963912,-3600000,-236088,NA,E09000018,7440,2050,2080,1610,1700,"VOA/HMRC Valuation Office, Non-domestic rating: stock of properties, 31 March 2025 edition"
2019,2019-20,E0551,62856410,110505,-24911,Huntingdonshire,-0,NA,737661,-172156,-209945,-24911,-124351,110505,NA,E07000011,5310,1000,990,1740,1570,"VOA/HMRC Valuation Office, Non-domestic rating: stock of properties, 31 March 2025 edition"
2019,2019-20,E2336,21095251,555887,-672835,Hyndburn,-461,NA,2501414,-820741,-1884051,-672835,-2000999,555887,NA,E07000120,3350,1060,390,1210,680,"VOA/HMRC Valuation Office, Non-domestic rating: stock of properties, 31 March 2025 edition"
2019,2019-20,E3533,55826979,468024,-640128,Ipswich,-0,NA,2163108,-334588,-999894,-640128,-1171998,468024,NA,E07000202,4700,1260,1210,880,1350,"VOA/HMRC Valuation Office, Non-domestic rating: stock of properties, 31 March 2025 edition"
2019,2019-20,E2101,39282607,86370,-487419,Isle of Wight,-0,NA,1446231,-549857,-480094,-487419,-881143,86370,NA,E06000046,7160,1620,620,1710,3200,"VOA/HMRC Valuation Office, Non-domestic rating: stock of properties, 31 March 2025 edition"
2019,2019-20,E4001,1462833,-0,-9960,Isles of Scilly,-842,NA,91319,-17834,-45905,-9960,-55865,0,NA,E06000053,470,50,20,80,330,"VOA/HMRC Valuation Office, Non-domestic rating: stock of properties, 31 March 2025 edition"
2019,2019-20,E5015,291144652,2556093,-2210163,Islington,294007,NA,21596329,-20552858,-16500878,-2210163,-16154948,2556093,NA,E09000019,12210,2990,5060,1540,2610,"VOA/HMRC Valuation Office, Non-domestic rating: stock of properties, 31 March 2025 edition"
2019,2019-20,E5016,347711958,-755487,-5304702,Kensington and Chelsea,-0,NA,22542335,-10393913,-5408724,-5304702,-11468913,-755487,NA,E09000020,9120,2880,3180,820,2250,"VOA/HMRC Valuation Office, Non-domestic rating: stock of properties, 31 March 2025 edition"
2019,2019-20,E2834,33554360,144863,-148491,Kettering,-0,NA,273691,-332925,-71184,-148491,-74812,144863,NA,E07000153,2770,760,470,790,750,"VOA/HMRC Valuation Office, Non-domestic rating: stock of properties, 31 March 2025 edition"
2019,2019-20,E2634,46128991,135566,-203987,King’s Lynn and West Norfolk,-0,NA,1219383,-517670,-330645,-203987,-399066,135566,NA,E07000146,6060,1200,560,1380,2920,"VOA/HMRC Valuation Office, Non-domestic rating: stock of properties, 31 March 2025 edition"
2019,2019-20,E2002,89451105,-753341,750000,Kingston upon Hull,-0,NA,3249274,-1020801,-953305,750000,-956646,-753341,NA,E06000010,9220,2810,1620,2630,2160,"VOA/HMRC Valuation Office, Non-domestic rating: stock of properties, 31 March 2025 edition"
2019,2019-20,E5043,85394042,778716,0,Kingston upon Thames,194028,NA,6185495,-968002,-6008859,0,-5230143,778716,NA,E09000021,4800,1530,1360,760,1150,"VOA/HMRC Valuation Office, Non-domestic rating: stock of properties, 31 March 2025 edition"
2019,2019-20,E4703,105740745,1289880,-1886006,Kirklees,-0,NA,4434167,-745663,-2418815,-1886006,-3014941,1289880,NA,E08000034,15980,4290,2700,5590,3400,"VOA/HMRC Valuation Office, Non-domestic rating: stock of properties, 31 March 2025 edition"
2019,2019-20,E4301,46403477,24834,0,Knowsley,-0,NA,4766716,-1428566,-2088199,0,-2063365,24834,NA,E08000011,3290,900,440,1150,790,"VOA/HMRC Valuation Office, Non-domestic rating: stock of properties, 31 March 2025 edition"
2019,2019-20,E5017,166215166,834727,1097470,Lambeth,-0,NA,6095830,-12930155,-3581062,1097470,-1648865,834727,NA,E09000022,9040,3040,1920,2010,2080,"VOA/HMRC Valuation Office, Non-domestic rating: stock of properties, 31 March 2025 edition"
2019,2019-20,E2337,68792431,300000,-410000,Lancaster (R),95038,NA,1298701,-200222,-300003,-410000,-410003,300000,NA,E07000121,5330,1470,840,1350,1670,"VOA/HMRC Valuation Office, Non-domestic rating: stock of properties, 31 March 2025 edition"
2019,2019-20,E4704,380252814,4865095,-7029046,Leeds,-0,NA,12177412,-7215014,-6086852,-7029046,-8250803,4865095,NA,E08000035,30010,7050,8280,6410,8260,"VOA/HMRC Valuation Office, Non-domestic rating: stock of properties, 31 March 2025 edition"
2019,2019-20,E2401,113496053,1878821,-2601796,Leicester,-0,NA,11972654,-976649,-4035701,-2601796,-4758676,1878821,NA,E06000016,12630,3790,2030,4200,2610,"VOA/HMRC Valuation Office, Non-domestic rating: stock of properties, 31 March 2025 edition"
2019,2019-20,E1435,25469503,65045,-182806,Lewes,-0,NA,1956649,-856185,-378351,-182806,-496112,65045,NA,E07000063,3670,760,690,1230,1000,"VOA/HMRC Valuation Office, Non-domestic rating: stock of properties, 31 March 2025 edition"
2019,2019-20,E5018,64316060,268451,-796470,Lewisham,-0,NA,4580306,-12130226,-1606671,-796470,-2134690,268451,NA,E09000023,6130,2740,620,1280,1490,"VOA/HMRC Valuation Office, Non-domestic rating: stock of properties, 31 March 2025 edition"
2019,2019-20,E3433,36717401,428085,-336993,Lichfield,-0,NA,555462,-677015,-379868,-336993,-288776,428085,NA,E07000194,3070,700,610,940,830,"VOA/HMRC Valuation Office, Non-domestic rating: stock of properties, 31 March 2025 edition"
2019,2019-20,E2533,44374852,542897,-381903,Lincoln,-0,NA,1076584,-837787,-543492,-381903,-382498,542897,NA,E07000138,3550,1090,820,670,960,"VOA/HMRC Valuation Office, Non-domestic rating: stock of properties, 31 March 2025 edition"
2019,2019-20,E4302,211896331,8903362,-7738784,Liverpool,-0,NA,31664589,-4078566,-28241948,-7738784,-27077370,8903362,NA,E08000012,19290,5730,4550,3460,5550,"VOA/HMRC Valuation Office, Non-domestic rating: stock of properties, 31 March 2025 edition"
2019,2019-20,E0201,69755866,3360028,-3704734,Luton,-0,NA,13013767,-4549064,-8323007,-3704734,-8667713,3360028,NA,E06000032,5760,1710,1260,1390,1390,"VOA/HMRC Valuation Office, Non-domestic rating: stock of properties, 31 March 2025 edition"
2019,2019-20,E2237,60303898,823300,-942760,Maidstone,-0,NA,3675901,-550612,-2289077,-942760,-2408537,823300,NA,E07000110,5140,1030,1280,1330,1500,"VOA/HMRC Valuation Office, Non-domestic rating: stock of properties, 31 March 2025 edition"
2019,2019-20,E1539,15070176,2015,-100289,Maldon,-0,NA,711203,-138558,-355000,-100289,-453274,2015,NA,E07000074,2460,440,350,940,720,"VOA/HMRC Valuation Office, Non-domestic rating: stock of properties, 31 March 2025 edition"
2019,2019-20,E1851,16182104,-22519,-34788,Malvern Hills,-0,NA,0,0,141423,-34788,84116,-22519,NA,E07000235,2920,540,490,920,970,"VOA/HMRC Valuation Office, Non-domestic rating: stock of properties, 31 March 2025 edition"
2019,2019-20,E4203,368484735,10331314,-9875953,Manchester,-0,NA,29248388,-15748310,-23942799,-9875953,-23487438,10331314,NA,E08000003,26640,5660,8290,4590,8090,"VOA/HMRC Valuation Office, Non-domestic rating: stock of properties, 31 March 2025 edition"
2019,2019-20,E3035,29345850,315743,-653991,Mansfield,-0,NA,945248,-201084,-649688,-653991,-987936,315743,NA,E07000174,3310,920,630,990,760,"VOA/HMRC Valuation Office, Non-domestic rating: stock of properties, 31 March 2025 edition"
2019,2019-20,E2201,95621228,678907,-915296,Medway,-0,NA,7369700,-1665294,-2418344,-915296,-2654733,678907,NA,E06000035,6330,1920,950,1870,1600,"VOA/HMRC Valuation Office, Non-domestic rating: stock of properties, 31 March 2025 edition"
2019,2019-20,E2436,14850049,49122,-57555,Melton,-0,NA,473276,-316601,-83122,-57555,-91555,49122,NA,E07000133,1580,340,170,580,500,"VOA/HMRC Valuation Office, Non-domestic rating: stock of properties, 31 March 2025 edition"
2019,2019-20,E3331,35275768,195428,-218522,Mendip,-0,NA,886670,-741402,-478058,-218522,-501152,195428,NA,E07000187,4420,1040,600,1450,1330,"VOA/HMRC Valuation Office, Non-domestic rating: stock of properties, 31 March 2025 edition"
2019,2019-20,E5044,88590466,507514,-238478,Merton,-0,NA,3534366,-2200650,-2568984,-238478,-2299948,507514,NA,E09000024,5490,1730,1160,1090,1510,"VOA/HMRC Valuation Office, Non-domestic rating: stock of properties, 31 March 2025 edition"
2019,2019-20,E1133,15720811,25720,-182612,Mid Devon,-10910,NA,561972,-238817,-193802,-182612,-350694,25720,NA,E07000042,3100,530,310,1090,1160,"VOA/HMRC Valuation Office, Non-domestic rating: stock of properties, 31 March 2025 edition"
2019,2019-20,E3534,23827550,68508,-222329,Mid Suffolk,39402,NA,517743,-290596,-68508,-222329,-222329,68508,NA,E07000203,3400,480,520,1250,1150,"VOA/HMRC Valuation Office, Non-domestic rating: stock of properties, 31 March 2025 edition"
2019,2019-20,E3836,48966313,250234,-18325,Mid Sussex,-0,NA,4156310,-1860777,-1459807,-18325,-1227898,250234,NA,E07000228,4360,1020,990,1090,1250,"VOA/HMRC Valuation Office, Non-domestic rating: stock of properties, 31 March 2025 edition"
2019,2019-20,E0702,39318871,187108,-1422270,Middlesbrough,-0,NA,10095398,-2419849,-5753704,-1422270,-6988866,187108,NA,E06000002,4520,1410,870,1030,1200,"VOA/HMRC Valuation Office, Non-domestic rating: stock of properties, 31 March 2025 edition"
2019,2019-20,E0401,178116199,1400586,-1090586,Milton Keynes,-0,NA,3405194,-849933,-2000000,-1090586,-1690000,1400586,NA,E06000042,7820,1610,2340,2190,1680,"VOA/HMRC Valuation Office, Non-domestic rating: stock of properties, 31 March 2025 edition"
2019,2019-20,E3634,42519639,62211,-153028,Mole Valley,-0,NA,2805515,-620245,-778860,-153028,-869677,62211,NA,E07000210,3400,700,970,840,900,"VOA/HMRC Valuation Office, Non-domestic rating: stock of properties, 31 March 2025 edition"
2019,2019-20,E1738,68634696,245100,-273410,New Forest,340,NA,890006,-445045,-245099,-273410,-273409,245100,NA,E07000091,6910,1570,810,1700,2830,"VOA/HMRC Valuation Office, Non-domestic rating: stock of properties, 31 March 2025 edition"
2019,2019-20,E3036,42440653,135726,-252823,Newark and Sherwood,-0,NA,1335396,-829374,-433806,-252823,-550903,135726,NA,E07000175,4150,930,790,1250,1170,"VOA/HMRC Valuation Office, Non-domestic rating: stock of properties, 31 March 2025 edition"
2019,2019-20,E4502,149168042,770296,-2180902,Newcastle upon Tyne,-0,NA,9790987,-7387830,-4144810,-2180902,-5555416,770296,NA,E08000021,11510,2930,3620,1860,3110,"VOA/HMRC Valuation Office, Non-domestic rating: stock of properties, 31 March 2025 edition"
2019,2019-20,E3434,33741702,19852,-144299,Newcastle-under-Lyme,-0,NA,2057474,-1775660,-364406,-144299,-488853,19852,NA,E07000195,3590,960,680,1000,960,"VOA/HMRC Valuation Office, Non-domestic rating: stock of properties, 31 March 2025 edition"
2019,2019-20,E5045,164982480,706007,-426839,Newham,-706007,NA,6492384,-4227853,-3022705,-426839,-2743537,706007,NA,E09000025,7550,3590,1200,1300,1470,"VOA/HMRC Valuation Office, Non-domestic rating: stock of properties, 31 March 2025 edition"
2019,2019-20,E1134,32349244,258510,-301992,North Devon,-0,NA,1342495,-305860,-656821,-301992,-700303,258510,NA,E07000043,5840,1150,520,1240,2930,"VOA/HMRC Valuation Office, Non-domestic rating: stock of properties, 31 March 2025 edition"
2019,2019-20,E1038,17568277,82789,-93180,North East Derbyshire,-0,NA,793748,-90301,-90210,-93180,-100601,82789,NA,E07000038,2820,560,420,920,920,"VOA/HMRC Valuation Office, Non-domestic rating: stock of properties, 31 March 2025 edition"
2019,2019-20,E2003,64905335,789006,-899987,North East Lincolnshire,-0,NA,6015089,-1560370,-2616980,-899987,-2727961,789006,NA,E06000012,5560,1670,690,1740,1460,"VOA/HMRC Valuation Office, Non-domestic rating: stock of properties, 31 March 2025 edition"
2019,2019-20,E1935,39095670,379109,-252334,North Hertfordshire,-0,NA,1576961,-561877,-603108,-252334,-476333,379109,NA,E07000099,4450,960,980,1410,1100,"VOA/HMRC Valuation Office, Non-domestic rating: stock of properties, 31 March 2025 edition"
2019,2019-20,E2534,27926930,70275,-105968,North Kesteven,-0,NA,771257,-866926,-149463,-105968,-185156,70275,NA,E07000139,3300,570,530,1210,990,"VOA/HMRC Valuation Office, Non-domestic rating: stock of properties, 31 March 2025 edition"
2019,2019-20,E2004,90487415,336785,-1338785,North Lincolnshire,-0,NA,6666928,-897698,-1131000,-1338785,-2133000,336785,NA,E06000013,5640,1400,570,1990,1680,"VOA/HMRC Valuation Office, Non-domestic rating: stock of properties, 31 March 2025 edition"
2019,2019-20,E2635,27717505,45169,-147874,North Norfolk (R),-0,NA,1974692,-347675,-195124,-147874,-297829,45169,NA,E07000147,7360,1170,400,1360,4430,"VOA/HMRC Valuation Office, Non-domestic rating: stock of properties, 31 March 2025 edition"
2019,2019-20,E0104,64824988,493505,-912732,North Somerset,-0,NA,3928645,-1608959,-1785282,-912732,-2204509,493505,NA,E06000024,6440,1480,1260,1730,1970,"VOA/HMRC Valuation Office, Non-domestic rating: stock of properties, 31 March 2025 edition"
2019,2019-20,E4503,59225704,493837,-910676,North Tyneside,-0,NA,6038392,-1123243,-2515519,-910676,-2932358,493837,NA,E08000022,6030,1760,1180,1690,1400,"VOA/HMRC Valuation Office, Non-domestic rating: stock of properties, 31 March 2025 edition"
2019,2019-20,E3731,53173991,29051,-117896,North Warwickshire,-0,NA,702821,-235684,-80429,-117896,-169274,29051,NA,E07000218,2370,400,380,930,660,"VOA/HMRC Valuation Office, Non-domestic rating: stock of properties, 31 March 2025 edition"
2019,2019-20,E2437,61372162,77935,-188792,North West Leicestershire,-0,NA,727126,-230798,-347209,-188792,-458066,77935,NA,E07000134,3440,680,800,1120,840,"VOA/HMRC Valuation Office, Non-domestic rating: stock of properties, 31 March 2025 edition"
2019,2019-20,E2835,103452569,820672,-823100,Northampton,-0,NA,2670110,-2009176,-951589,-823100,-954017,820672,NA,E07000154,6550,1610,1660,1900,1380,"VOA/HMRC Valuation Office, Non-domestic rating: stock of properties, 31 March 2025 edition"
2019,2019-20,E2901,84917369,1057692,-1090251,Northumberland UA,-0,NA,3429021,-639876,-1556146,-1090251,-1588705,1057692,NA,E06000057,13210,2720,1570,3140,5780,"VOA/HMRC Valuation Office, Non-domestic rating: stock of properties, 31 March 2025 edition"
2019,2019-20,E2636,79050260,579869,-1593219,Norwich,-0,NA,3274963,-860098,-1442225,-1593219,-2455575,579869,NA,E07000148,6800,1710,1740,1390,1970,"VOA/HMRC Valuation Office, Non-domestic rating: stock of properties, 31 March 2025 edition"
2019,2019-20,E3001,138432306,745712,-3331862,Nottingham,-0,NA,16338880,-4805844,-8199200,-3331862,-10785350,745712,NA,E06000018,11930,3050,2610,3050,3220,"VOA/HMRC Valuation Office, Non-domestic rating: stock of properties, 31 March 2025 edition"
2019,2019-20,E3732,35594662,318957,-341257,Nuneaton and Bedworth,-0,NA,147859,-287813,-318200,-341257,-340500,318957,NA,E07000219,3240,920,360,1190,770,"VOA/HMRC Valuation Office, Non-domestic rating: stock of properties, 31 March 2025 edition"
2019,2019-20,E2438,12632393,-0,-41647,Oadby and Wigston,-0,NA,960693,-496466,-239720,-41647,-281367,0,NA,E07000135,1450,420,190,540,290,"VOA/HMRC Valuation Office, Non-domestic rating: stock of properties, 31 March 2025 edition"
2019,2019-20,E4204,57459940,72318,-894204,Oldham,-0,NA,7736733,-1869984,-4116549,-894204,-4938435,72318,NA,E08000004,7900,2210,1280,2600,1810,"VOA/HMRC Valuation Office, Non-domestic rating: stock of properties, 31 March 2025 edition"
2019,2019-20,E3132,104624107,-0,-153319,Oxford,939237,NA,3909578,-3082064,-1295882,-153319,-1449201,0,NA,E07000178,4450,1390,1150,470,1440,"VOA/HMRC Valuation Office, Non-domestic rating: stock of properties, 31 March 2025 edition"
2019,2019-20,E2338,18981128,-0,200000,Pendle,204789,NA,546254,-85119,-760000,200000,-560000,0,NA,E07000122,3730,1110,540,1310,770,"VOA/HMRC Valuation Office, Non-domestic rating: stock of properties, 31 March 2025 edition"
2019,2019-20,E0501,100310160,1154602,-1344654,Peterborough,-0,NA,7910867,-1295106,-4437677,-1344654,-4627729,1154602,NA,E06000031,6130,1480,1440,1750,1460,"VOA/HMRC Valuation Office, Non-domestic rating: stock of properties, 31 March 2025 edition"
2019,2019-20,E1101,90678995,592814,-704242,Plymouth,-0,NA,1669257,-1535705,-361608,-704242,-473036,592814,NA,E06000026,7880,1990,1510,2000,2390,"VOA/HMRC Valuation Office, Non-domestic rating: stock of properties, 31 March 2025 edition"
2019,2019-20,E1701,87943930,585506,-622777,Portsmouth,-0,NA,5298652,-1458630,-3201421,-622777,-3238692,585506,NA,E06000044,6430,2060,930,1380,2060,"VOA/HMRC Valuation Office, Non-domestic rating: stock of properties, 31 March 2025 edition"
2019,2019-20,E2339,60166151,1372497,-2629228,Preston,-0,NA,9027162,-1234029,-6056692,-2629228,-7313423,1372497,NA,E07000123,5820,1660,1330,1430,1400,"VOA/HMRC Valuation Office, Non-domestic rating: stock of properties, 31 March 2025 edition"
2019,2019-20,E0303,140139789,185075,-1557882,Reading,-0,NA,7493811,-4766206,-3166755,-1557882,-4539562,185075,NA,E06000038,5510,1550,1650,920,1390,"VOA/HMRC Valuation Office, Non-domestic rating: stock of properties, 31 March 2025 edition"
2019,2019-20,E5046,56112184,754685,-1340685,Redbridge,-0,NA,8975526,-3085624,-5623590,-1340685,-6209590,754685,NA,E09000026,6820,2660,1370,840,1950,"VOA/HMRC Valuation Office, Non-domestic rating: stock of properties, 31 March 2025 edition"
2019,2019-20,E0703,40385423,426209,-364607,Redcar and Cleveland,-0,NA,14324078,-757739,-11406640,-364607,-11345038,426209,NA,E06000003,4150,1210,640,1170,1130,"VOA/HMRC Valuation Office, Non-domestic rating: stock of properties, 31 March 2025 edition"
2019,2019-20,E1835,34489894,93863,-253583,Redditch,-0,NA,1819182,-626386,-913000,-253583,-1072720,93863,NA,E07000236,2630,500,530,1080,530,"VOA/HMRC Valuation Office, Non-domestic rating: stock of properties, 31 March 2025 edition"
2019,2019-20,E3635,52666136,-43049,-349856,Reigate and Banstead,-0,NA,832068,-1452481,-204752,-349856,-597657,-43049,NA,E07000211,3780,1100,880,810,990,"VOA/HMRC Valuation Office, Non-domestic rating: stock of properties, 31 March 2025 edition"
2019,2019-20,E2340,15632241,46494,-126494,Ribble Valley,-0,NA,762317,-106971,-390000,-126494,-470000,46494,NA,E07000124,2510,540,430,720,810,"VOA/HMRC Valuation Office, Non-domestic rating: stock of properties, 31 March 2025 edition"
2019,2019-20,E5047,86197715,544799,-994377,Richmond upon Thames,-0,NA,6440020,-2857054,-292243,-994377,-741821,544799,NA,E09000027,5980,2050,1760,550,1620,"VOA/HMRC Valuation Office, Non-domestic rating: stock of properties, 31 March 2025 edition"
2019,2019-20,E2734,12937685,43968,-88625,Richmondshire,-0,NA,312874,-56256,-176068,-88625,-220725,43968,NA,E07000166,2810,410,250,660,1490,"VOA/HMRC Valuation Office, Non-domestic rating: stock of properties, 31 March 2025 edition"
2019,2019-20,E4205,67772704,491240,-767992,Rochdale,55937,NA,1491771,-463328,-491240,-767992,-767992,491240,NA,E08000005,7060,2030,1120,2300,1610,"VOA/HMRC Valuation Office, Non-domestic rating: stock of properties, 31 March 2025 edition"
2019,2019-20,E1540,16558663,19130,-168820,Rochford,-0,NA,356438,-226344,-173997,-168820,-323687,19130,NA,E07000075,2590,500,360,1120,610,"VOA/HMRC Valuation Office, Non-domestic rating: stock of properties, 31 March 2025 edition"
2019,2019-20,E2341,12921487,39824,-106305,Rossendale,-0,NA,1503770,-360393,-1114461,-106305,-1180942,39824,NA,E07000125,2760,670,410,1090,600,"VOA/HMRC Valuation Office, Non-domestic rating: stock of properties, 31 March 2025 edition"
2019,2019-20,E1436,18035359,43070,-116579,Rother,-0,NA,714809,-114137,-614375,-116579,-687884,43070,NA,E07000064,4330,990,380,1240,1720,"VOA/HMRC Valuation Office, Non-domestic rating: stock of properties, 31 March 2025 edition"
2019,2019-20,E4403,77664720,811274,0,Rotherham,902523,NA,3773684,-254801,-1867240,0,-1055966,811274,NA,E08000018,7670,2180,1080,2620,1800,"VOA/HMRC Valuation Office, Non-domestic rating: stock of properties, 31 March 2025 edition"
2019,2019-20,E3733,52549718,158442,-184846,Rugby,-0,NA,901270,-217700,-195156,-184846,-221560,158442,NA,E07000220,3050,700,510,930,930,"VOA/HMRC Valuation Office, Non-domestic rating: stock of properties, 31 March 2025 edition"
2019,2019-20,E3636,56333681,-0,-31100,Runnymede,311957,NA,748181,-2179246,-572600,-31100,-603700,0,NA,E07000212,2640,510,760,630,730,"VOA/HMRC Valuation Office, Non-domestic rating: stock of properties, 31 March 2025 edition"
2019,2019-20,E3038,29339461,13963,-156463,Rushcliffe,-0,NA,659943,-116334,-288100,-156463,-430600,13963,NA,E07000176,2900,640,620,690,940,"VOA/HMRC Valuation Office, Non-domestic rating: stock of properties, 31 March 2025 edition"
2019,2019-20,E1740,51394206,6984,-488700,Rushmoor,-0,NA,2658505,-825638,-504284,-488700,-986000,6984,NA,E07000092,2670,780,770,520,600,"VOA/HMRC Valuation Office, Non-domestic rating: stock of properties, 31 March 2025 edition"
2019,2019-20,E2402,11530503,42286,-45059,Rutland,-0,NA,126741,-19006,-88275,-45059,-91048,42286,NA,E06000017,1650,310,320,450,570,"VOA/HMRC Valuation Office, Non-domestic rating: stock of properties, 31 March 2025 edition"
2019,2019-20,E2755,17509619,-0,-41521,Ryedale,23098,NA,219571,-54461,-20093,-41521,-61614,0,NA,E07000167,3030,590,260,820,1350,"VOA/HMRC Valuation Office, Non-domestic rating: stock of properties, 31 March 2025 edition"
2019,2019-20,E4206,96441562,3999967,-3005301,Salford,-0,NA,19300748,-5425043,-15373942,-3005301,-14379276,3999967,NA,E08000006,11650,2110,2210,2420,4910,"VOA/HMRC Valuation Office, Non-domestic rating: stock of properties, 31 March 2025 edition"
2019,2019-20,E4604,101454385,1200000,-2200000,Sandwell,216640,NA,3660548,-635816,-1200000,-2200000,-2200000,1200000,NA,E08000028,11230,2920,1040,4460,2810,"VOA/HMRC Valuation Office, Non-domestic rating: stock of properties, 31 March 2025 edition"
2019,2019-20,E2736,35529852,-0,-129689,Scarborough,74781,NA,1357218,-423123,-520226,-129689,-649915,0,NA,E07000168,7470,1580,610,1170,4120,"VOA/HMRC Valuation Office, Non-domestic rating: stock of properties, 31 March 2025 edition"
2019,2019-20,E3332,43294370,-0,169149,Sedgemoor,155097,NA,875525,-412097,-423268,169149,-254119,0,NA,E07000188,4350,850,480,1520,1520,"VOA/HMRC Valuation Office, Non-domestic rating: stock of properties, 31 March 2025 edition"
2019,2019-20,E4304,71232747,564765,-1413065,Sefton,-0,NA,4681406,-1331439,-2420400,-1413065,-3268700,564765,NA,E08000014,8080,3160,1080,1820,2030,"VOA/HMRC Valuation Office, Non-domestic rating: stock of properties, 31 March 2025 edition"
2019,2019-20,E2757,39567226,257582,-239826,Selby,-0,NA,1262242,-353613,-501757,-239826,-484001,257582,NA,E07000169,2690,500,410,950,830,"VOA/HMRC Valuation Office, Non-domestic rating: stock of properties, 31 March 2025 edition"
2019,2019-20,E2239,36466368,307604,-374904,Sevenoaks,-0,NA,2459699,-998162,-544400,-374904,-611700,307604,NA,E07000111,3910,830,850,1130,1100,"VOA/HMRC Valuation Office, Non-domestic rating: stock of properties, 31 March 2025 edition"
2019,2019-20,E4404,223219963,2620503,-1434071,Sheffield,-0,NA,13363821,-3524333,-8036956,-1434071,-6850524,2620503,NA,E08000019,19040,5220,3760,5280,4770,"VOA/HMRC Valuation Office, Non-domestic rating: stock of properties, 31 March 2025 edition"
2019,2019-20,E3202,83341861,205219,-582408,Shropshire UA,-0,NA,4582148,-3285657,-2005545,-582408,-2382734,205219,NA,E06000051,12290,2920,1720,3690,3970,"VOA/HMRC Valuation Office, Non-domestic rating: stock of properties, 31 March 2025 edition"
2019,2019-20,E0304,103856977,1180732,-3542732,Slough (R),-0,NA,7472474,-4616104,-3179167,-3542732,-5541167,1180732,NA,E06000039,3860,1000,1010,1000,840,"VOA/HMRC Valuation Office, Non-domestic rating: stock of properties, 31 March 2025 edition"
2019,2019-20,E4605,119211452,319424,-1109391,Solihull,-0,NA,3619675,-4055914,-1552398,-1109391,-2342365,319424,NA,E08000029,5490,1540,1780,710,1470,"VOA/HMRC Valuation Office, Non-domestic rating: stock of properties, 31 March 2025 edition"
2019,2019-20,E3336,58897691,189432,-317678,Somerset West & Taunton,-0,NA,3753403,-756589,-1168829,-317678,-1297075,189432,NA,E07000246,6590,1280,890,1990,2430,"VOA/HMRC Valuation Office, Non-domestic rating: stock of properties, 31 March 2025 edition"
2019,2019-20,E0434,33213802,25916,-1510326,South Bucks,-0,NA,0,0,-442000,-1510326,-1926410,25916,NA,E07000006,2020,550,470,340,660,"VOA/HMRC Valuation Office, Non-domestic rating: stock of properties, 31 March 2025 edition"
2019,2019-20,E0536,90483149,132992,-327183,South Cambridgeshire,-2891,NA,663428,-1711161,-196729,-327183,-390920,132992,NA,E07000012,5380,480,1930,1560,1410,"VOA/HMRC Valuation Office, Non-domestic rating: stock of properties, 31 March 2025 edition"
2019,2019-20,E1039,27253352,163533,-182701,South Derbyshire,-0,NA,1983331,-431122,-1204751,-182701,-1223919,163533,NA,E07000039,2320,480,310,820,720,"VOA/HMRC Valuation Office, Non-domestic rating: stock of properties, 31 March 2025 edition"
2019,2019-20,E0103,147886230,150000,-310000,South Gloucestershire,199620,NA,2938661,-1823007,-150000,-310000,-310000,150000,NA,E06000025,7510,1560,1580,2330,2050,"VOA/HMRC Valuation Office, Non-domestic rating: stock of properties, 31 March 2025 edition"
2019,2019-20,E1136,29645564,47569,-585165,South Hams,-0,NA,2466710,-781526,-637750,-585165,-1175346,47569,NA,E07000044,5750,910,620,1450,2770,"VOA/HMRC Valuation Office, Non-domestic rating: stock of properties, 31 March 2025 edition"
2019,2019-20,E2535,25911532,122822,-109822,South Holland,-0,NA,1393525,-325170,-328921,-109822,-315921,122822,NA,E07000140,2780,700,410,830,840,"VOA/HMRC Valuation Office, Non-domestic rating: stock of properties, 31 March 2025 edition"
2019,2019-20,E2536,43195401,279305,-266305,South Kesteven,-0,NA,1262468,-593960,-539000,-266305,-526000,279305,NA,E07000141,4580,1190,800,1300,1290,"VOA/HMRC Valuation Office, Non-domestic rating: stock of properties, 31 March 2025 edition"
2019,2019-20,E0936,43400605,338343,-438305,South Lakeland,-0,NA,1992969,-640197,-882116,-438305,-982078,338343,NA,E07000031,8500,1500,850,1570,4590,"VOA/HMRC Valuation Office, Non-domestic rating: stock of properties, 31 March 2025 edition"
2019,2019-20,E2637,31657726,240031,-67683,South Norfolk,-0,NA,1189947,-305288,-450384,-67683,-278036,240031,NA,E07000149,4710,730,770,1530,1680,"VOA/HMRC Valuation Office, Non-domestic rating: stock of properties, 31 March 2025 edition"
2019,2019-20,E2836,24613688,-0,-97947,South Northamptonshire,143111,NA,568812,-750829,-319929,-97947,-417876,0,NA,E07000155,2830,330,600,1020,870,"VOA/HMRC Valuation Office, Non-domestic rating: stock of properties, 31 March 2025 edition"
2019,2019-20,E3133,44769516,34022,0,South Oxfordshire,-0,NA,2557341,-1505917,-1580780,0,-1546758,34022,NA,E07000179,4270,870,990,1210,1210,"VOA/HMRC Valuation Office, Non-domestic rating: stock of properties, 31 March 2025 edition"
2019,2019-20,E2342,37041242,245675,-265188,South Ribble,59996,NA,763980,-288888,-495702,-265188,-515215,245675,NA,E07000126,3210,850,510,1090,760,"VOA/HMRC Valuation Office, Non-domestic rating: stock of properties, 31 March 2025 edition"
2019,2019-20,E3334,46075340,184515,-338715,South Somerset,-0,NA,3790472,-579432,-1160183,-338715,-1314383,184515,NA,E07000189,6080,1200,820,2090,1970,"VOA/HMRC Valuation Office, Non-domestic rating: stock of properties, 31 March 2025 edition"
2019,2019-20,E3435,27732502,71934,-97466,South Staffordshire,-0,NA,767819,-299145,-364906,-97466,-390438,71934,NA,E07000196,2720,590,470,820,850,"VOA/HMRC Valuation Office, Non-domestic rating: stock of properties, 31 March 2025 edition"
2019,2019-20,E4504,31203912,194053,-356108,South Tyneside,-0,NA,2003339,-711783,-886052,-356108,-1048107,194053,NA,E08000023,3850,1310,660,980,920,"VOA/HMRC Valuation Office, Non-domestic rating: stock of properties, 31 March 2025 edition"
2019,2019-20,E1702,111400919,1484038,-1389368,Southampton,-0,NA,3837153,-1145176,-3176247,-1389368,-3081577,1484038,NA,E06000045,7030,2040,1590,1420,1970,"VOA/HMRC Valuation Office, Non-domestic rating: stock of properties, 31 March 2025 edition"
2019,2019-20,E1501,43858439,380563,-311622,Southend-on-Sea,97736,NA,1485489,-918188,-633523,-311622,-564582,380563,NA,E06000033,6010,2230,910,1170,1710,"VOA/HMRC Valuation Office, Non-domestic rating: stock of properties, 31 March 2025 edition"
2019,2019-20,E5019,317266694,945001,-5517924,Southwark,-0,NA,28367573,-21760348,-6427077,-5517924,-11000000,945001,NA,E09000028,12770,2990,4840,2490,2440,"VOA/HMRC Valuation Office, Non-domestic rating: stock of properties, 31 March 2025 edition"
2019,2019-20,E3637,49737546,759518,-994747,Spelthorne,7811,NA,1574093,-606089,-1426764,-994747,-1661993,759518,NA,E07000213,2480,800,430,600,650,"VOA/HMRC Valuation Office, Non-domestic rating: stock of properties, 31 March 2025 edition"
2019,2019-20,E1936,58494898,96219,-295219,St Albans,-0,NA,2163621,-624747,-918000,-295219,-1117000,96219,NA,E07000240,4090,990,1180,720,1200,"VOA/HMRC Valuation Office, Non-domestic rating: stock of properties, 31 March 2025 edition"
2019,2019-20,E4303,53174701,452113,-1520961,St. Helens,-0,NA,7802231,-1238595,-5504970,-1520961,-6573818,452113,NA,E08000013,4700,1600,710,1340,1060,"VOA/HMRC Valuation Office, Non-domestic rating: stock of properties, 31 March 2025 edition"
2019,2019-20,E3436,49971854,267984,-364056,Stafford,-0,NA,1991309,-850945,-917368,-364056,-1013440,267984,NA,E07000197,4340,1030,820,1250,1240,"VOA/HMRC Valuation Office, Non-domestic rating: stock of properties, 31 March 2025 edition"
2019,2019-20,E3437,20187653,48202,-170108,Staffordshire Moorlands,-0,NA,626719,-337833,-467355,-170108,-589261,48202,NA,E07000198,3090,750,230,990,1120,"VOA/HMRC Valuation Office, Non-domestic rating: stock of properties, 31 March 2025 edition"
2019,2019-20,E1937,48477454,283299,-386981,Stevenage,-0,NA,749655,-522233,-552415,-386981,-656097,283299,NA,E07000243,2320,530,620,530,640,"VOA/HMRC Valuation Office, Non-domestic rating: stock of properties, 31 March 2025 edition"
2019,2019-20,E4207,89961258,941386,-1791974,Stockport,-0,NA,6920112,-2135967,-5594388,-1791974,-6444976,941386,NA,E08000007,11400,2820,2490,2880,3210,"VOA/HMRC Valuation Office, Non-domestic rating: stock of properties, 31 March 2025 edition"
2019,2019-20,E0704,84128720,527530,-927530,Stockton-on-Tees,-0,NA,989710,-980774,-400000,-927530,-800000,527530,NA,E06000004,5710,1530,1280,1360,1540,"VOA/HMRC Valuation Office, Non-domestic rating: stock of properties, 31 March 2025 edition"
2019,2019-20,E3401,91670495,2029195,-629195,Stoke-on-Trent,-0,NA,5053442,-1210422,-5230000,-629195,-3830000,2029195,NA,E06000021,9180,2730,1230,3190,2040,"VOA/HMRC Valuation Office, Non-domestic rating: stock of properties, 31 March 2025 edition"
2019,2019-20,E3734,58787880,414891,-866037,Stratford-on-Avon,-0,NA,2705229,-565322,-676439,-866037,-1127585,414891,NA,E07000221,5730,970,1190,1490,2070,"VOA/HMRC Valuation Office, Non-domestic rating: stock of properties, 31 March 2025 edition"
2019,2019-20,E1635,29348624,60580,-262276,Stroud,583968,NA,547127,-347692,-189257,-262276,-390953,60580,NA,E07000082,4180,800,740,1650,990,"VOA/HMRC Valuation Office, Non-domestic rating: stock of properties, 31 March 2025 edition"
2019,2019-20,E4505,93474873,1189433,-1378595,Sunderland,-0,NA,5399183,-456528,-3799729,-1378595,-3988891,1189433,NA,E08000024,8480,2480,1590,2410,1990,"VOA/HMRC Valuation Office, Non-domestic rating: stock of properties, 31 March 2025 edition"
2019,2019-20,E3638,37316959,699605,-953739,Surrey Heath,-0,NA,1350151,-764042,-522253,-953739,-776387,699605,NA,E07000214,2690,600,720,670,700,"VOA/HMRC Valuation Office, Non-domestic rating: stock of properties, 31 March 2025 edition"
2019,2019-20,E5048,55406114,467888,-156452,Sutton,115089,NA,837075,-157352,-810111,-156452,-498675,467888,NA,E09000029,4070,1750,610,720,990,"VOA/HMRC Valuation Office, Non-domestic rating: stock of properties, 31 March 2025 edition"
2019,2019-20,E2241,49561728,40648,-386826,Swale,-0,NA,2640515,-472353,-1635061,-386826,-1981239,40648,NA,E07000113,4740,990,710,1580,1460,"VOA/HMRC Valuation Office, Non-domestic rating: stock of properties, 31 March 2025 edition"
2019,2019-20,E3901,112661823,924012,-1860963,Swindon,-0,NA,4108767,-828407,-1307921,-1860963,-2244872,924012,NA,E06000030,5860,1350,1500,1580,1420,"VOA/HMRC Valuation Office, Non-domestic rating: stock of properties, 31 March 2025 edition"
2019,2019-20,E4208,56957167,2061649,-1094668,Tameside,-0,NA,3971318,-1985733,-2062794,-1094668,-1095813,2061649,NA,E08000008,7690,2240,960,2810,1690,"VOA/HMRC Valuation Office, Non-domestic rating: stock of properties, 31 March 2025 edition"
2019,2019-20,E3439,35303868,195376,-357922,Tamworth,-0,NA,811171,-832031,-542214,-357922,-704760,195376,NA,E07000199,2100,520,380,710,480,"VOA/HMRC Valuation Office, Non-domestic rating: stock of properties, 31 March 2025 edition"
2019,2019-20,E3639,21193072,102752,-80309,Tandridge,-0,NA,493216,-467141,-550056,-80309,-527613,102752,NA,E07000215,3020,610,510,1050,840,"VOA/HMRC Valuation Office, Non-domestic rating: stock of properties, 31 March 2025 edition"
2019,2019-20,E1137,30476117,49022,390978,Teignbridge,-0,NA,474352,-121739,-750000,390978,-310000,49022,NA,E07000045,5300,1050,650,1650,1960,"VOA/HMRC Valuation Office, Non-domestic rating: stock of properties, 31 March 2025 edition"
2019,2019-20,E3201,75300363,482073,-913073,Telford and Wrekin,-0,NA,3247646,-1749689,-1044000,-913073,-1475000,482073,NA,E06000020,5160,1210,880,1730,1340,"VOA/HMRC Valuation Office, Non-domestic rating: stock of properties, 31 March 2025 edition"
2019,2019-20,E1542,28764620,48546,-160957,Tendring,-0,NA,1072275,-500534,-345430,-160957,-457841,48546,NA,E07000076,8360,1240,590,1710,4820,"VOA/HMRC Valuation Office, Non-domestic rating: stock of properties, 31 March 2025 edition"
2019,2019-20,E1742,56136481,638305,-426237,Test Valley,-0,NA,1114895,-496090,-1156141,-426237,-944073,638305,NA,E07000093,4520,660,780,2020,1050,"VOA/HMRC Valuation Office, Non-domestic rating: stock of properties, 31 March 2025 edition"
2019,2019-20,E1636,39041234,43309,-99728,Tewkesbury,-0,NA,557670,-413556,-185554,-99728,-241973,43309,NA,E07000083,2930,430,590,1160,760,"VOA/HMRC Valuation Office, Non-domestic rating: stock of properties, 31 March 2025 edition"
2019,2019-20,E2242,35173314,-40708,-113583,Thanet,-0,NA,2575647,-467616,-1202373,-113583,-1356664,-40708,NA,E07000114,5350,1560,610,1330,1850,"VOA/HMRC Valuation Office, Non-domestic rating: stock of properties, 31 March 2025 edition"
2019,2019-20,E1938,28570581,36158,-491608,Three Rivers,-0,NA,1074377,-883807,-587769,-491608,-1043219,36158,NA,E07000102,2060,430,530,500,600,"VOA/HMRC Valuation Office, Non-domestic rating: stock of properties, 31 March 2025 edition"
2019,2019-20,E1502,123729474,-0,-943019,Thurrock,1197068,NA,2508558,-326805,-865167,-943019,-1808186,0,NA,E06000034,4350,1210,480,1630,1030,"VOA/HMRC Valuation Office, Non-domestic rating: stock of properties, 31 March 2025 edition"
2019,2019-20,E2243,59413601,362433,-362433,Tonbridge and Malling,-0,NA,1059232,-890782,-300000,-362433,-300000,362433,NA,E07000115,3740,650,1020,1000,1060,"VOA/HMRC Valuation Office, Non-domestic rating: stock of properties, 31 March 2025 edition"
2019,2019-20,E1102,32746807,356412,-630583,Torbay,-0,NA,2464541,-655665,-1195033,-630583,-1469204,356412,NA,E06000027,5450,1780,520,960,2200,"VOA/HMRC Valuation Office, Non-domestic rating: stock of properties, 31 March 2025 edition"
2019,2019-20,E1139,11446766,18578,-97500,Torridge,-0,NA,499031,-91863,-104860,-97500,-183782,18578,NA,E07000046,3910,620,250,820,2220,"VOA/HMRC Valuation Office, Non-domestic rating: stock of properties, 31 March 2025 edition"
2019,2019-20,E5020,433439848,2982296,-3572220,Tower Hamlets (R),-0,NA,21362317,-29312990,-5938066,-3572220,-6527990,2982296,NA,E09000030,17190,3260,5410,3690,4830,"VOA/HMRC Valuation Office, Non-domestic rating: stock of properties, 31 March 2025 edition"
2019,2019-20,E4209,158128992,3584,-1984822,Trafford,-1046332,NA,12350401,-4892924,-9561370,-1984822,-11542608,3584,NA,E08000009,9930,2230,2340,1870,3500,"VOA/HMRC Valuation Office, Non-domestic rating: stock of properties, 31 March 2025 edition"
2019,2019-20,E2244,55274591,-0,-288566,Tunbridge Wells,534091,NA,1894402,-784840,-1425942,-288566,-1714508,0,NA,E07000116,4110,1160,920,920,1110,"VOA/HMRC Valuation Office, Non-domestic rating: stock of properties, 31 March 2025 edition"
2019,2019-20,E1544,44490022,33241,-214217,Uttlesford,-0,NA,1565452,-783501,-587450,-214217,-768426,33241,NA,E07000077,3400,490,840,1060,1010,"VOA/HMRC Valuation Office, Non-domestic rating: stock of properties, 31 March 2025 edition"
2019,2019-20,E3134,61396994,-0,-300580,Vale of White Horse,-0,NA,2209136,-1770176,-1293660,-300580,-1594240,0,NA,E07000180,3880,640,1230,980,1030,"VOA/HMRC Valuation Office, Non-domestic rating: stock of properties, 31 March 2025 edition"
2019,2019-20,E4705,131544166,819892,-819892,Wakefield,-0,NA,2932651,-629388,-1020000,-819892,-1020000,819892,NA,E08000036,11110,3270,1970,3200,2670,"VOA/HMRC Valuation Office, Non-domestic rating: stock of properties, 31 March 2025 edition"
2019,2019-20,E4606,74377845,799050,-888741,Walsall,-0,NA,6478095,-455328,-2492751,-888741,-2582442,799050,NA,E08000030,8620,2410,1150,3050,2000,"VOA/HMRC Valuation Office, Non-domestic rating: stock of properties, 31 March 2025 edition"
2019,2019-20,E5049,66359126,145445,-1799618,Waltham Forest,-1678000,NA,7265829,-3055938,-3707046,-1799618,-5361219,145445,NA,E09000031,6790,2940,850,1510,1480,"VOA/HMRC Valuation Office, Non-domestic rating: stock of properties, 31 March 2025 edition"
2019,2019-20,E5021,130417219,-0,-126000,Wandsworth,290,NA,9767130,-5499388,-2692000,-126000,-2818000,0,NA,E09000032,8800,3000,1920,1670,2210,"VOA/HMRC Valuation Office, Non-domestic rating: stock of properties, 31 March 2025 edition"
2019,2019-20,E0602,105750367,-0,-92174,Warrington,-1292,NA,11155297,-2390953,-2508405,-92174,-2600579,0,NA,E06000007,6900,1580,1940,1860,1530,"VOA/HMRC Valuation Office, Non-domestic rating: stock of properties, 31 March 2025 edition"
2019,2019-20,E3735,68792095,800000,-991000,Warwick,219982,NA,2155747,-180873,-800000,-991000,-991000,800000,NA,E07000222,5260,1300,1420,990,1550,"VOA/HMRC Valuation Office, Non-domestic rating: stock of properties, 31 March 2025 edition"
2019,2019-20,E1939,60043803,565968,-851446,Watford,-0,NA,2653978,-1922220,-2181483,-851446,-2466961,565968,NA,E07000103,3500,920,820,800,970,"VOA/HMRC Valuation Office, Non-domestic rating: stock of properties, 31 March 2025 edition"
2019,2019-20,E3640,37005396,600000,-1402000,Waverley,33556,NA,2244876,-798795,-600000,-1402000,-1402000,600000,NA,E07000216,4040,1000,1040,880,1120,"VOA/HMRC Valuation Office, Non-domestic rating: stock of properties, 31 March 2025 edition"
2019,2019-20,E1437,31990692,111834,-205215,Wealden,-0,NA,1275275,-543783,-591778,-205215,-685159,111834,NA,E07000065,6260,1110,880,2490,1780,"VOA/HMRC Valuation Office, Non-domestic rating: stock of properties, 31 March 2025 edition"
2019,2019-20,E2837,28542514,75947,-185747,Wellingborough,-0,NA,976623,-312507,-270076,-185747,-379876,75947,NA,E07000156,2740,570,460,1100,610,"VOA/HMRC Valuation Office, Non-domestic rating: stock of properties, 31 March 2025 edition"
2019,2019-20,E1940,60754864,142320,-180362,Welwyn Hatfield,20353,NA,487014,-504832,-142319,-180362,-180361,142320,NA,E07000241,3020,670,830,810,720,"VOA/HMRC Valuation Office, Non-domestic rating: stock of properties, 31 March 2025 edition"
2019,2019-20,E0302,88047256,382932,-396000,West Berkshire,-0,NA,2450510,-1011620,-500000,-396000,-513068,382932,NA,E06000037,5740,920,1600,1630,1590,"VOA/HMRC Valuation Office, Non-domestic rating: stock of properties, 31 March 2025 edition"
2019,2019-20,E1140,10609574,45585,-312466,West Devon,-0,NA,1216037,-277648,-353111,-312466,-619992,45585,NA,E07000047,2290,500,270,580,930,"VOA/HMRC Valuation Office, Non-domestic rating: stock of properties, 31 March 2025 edition"
2019,2019-20,E2343,30830871,277600,-657469,West Lancashire,-0,NA,3960794,-604160,-1726652,-657469,-2106521,277600,NA,E07000127,3300,740,520,1110,930,"VOA/HMRC Valuation Office, Non-domestic rating: stock of properties, 31 March 2025 edition"
2019,2019-20,E2537,17636593,226513,-208400,West Lindsey,-0,NA,1081102,-724836,-473191,-208400,-455078,226513,NA,E07000142,2890,610,380,920,980,"VOA/HMRC Valuation Office, Non-domestic rating: stock of properties, 31 March 2025 edition"
2019,2019-20,E3135,37917603,150580,-187274,West Oxfordshire,-0,NA,1018107,-502235,-281621,-187274,-318315,150580,NA,E07000181,4010,730,920,1240,1120,"VOA/HMRC Valuation Office, Non-domestic rating: stock of properties, 31 March 2025 edition"
2019,2019-20,E3539,73710492,462347,-675783,West Suffolk,-0,NA,2296294,-666066,-760397,-675783,-973832,462347,NA,E07000245,6210,1360,1040,1980,1830,"VOA/HMRC Valuation Office, Non-domestic rating: stock of properties, 31 March 2025 edition"
2019,2019-20,E5022,2224437467,-0,-200000,Westminster,22745161,NA,77004090,-138004600,-30899645,-200000,-31099645,0,NA,E09000033,38810,6730,22030,1320,8740,"VOA/HMRC Valuation Office, Non-domestic rating: stock of properties, 31 March 2025 edition"
2019,2019-20,E4210,84381523,494009,-1496774,Wigan,-0,NA,10949507,-219369,-6472355,-1496774,-7475120,494009,NA,E08000010,9670,3000,1380,2760,2520,"VOA/HMRC Valuation Office, Non-domestic rating: stock of properties, 31 March 2025 edition"
2019,2019-20,E3902,151222386,1265509,-1213609,Wiltshire UA,-0,NA,4358648,-1945535,-500400,-1213609,-448500,1265509,NA,E06000054,15770,3250,2920,5210,4380,"VOA/HMRC Valuation Office, Non-domestic rating: stock of properties, 31 March 2025 edition"
2019,2019-20,E1743,64531949,250702,-808404,Winchester,-0,NA,3363438,-721736,-1408570,-808404,-1966272,250702,NA,E07000094,4820,800,1260,1370,1410,"VOA/HMRC Valuation Office, Non-domestic rating: stock of properties, 31 March 2025 edition"
2019,2019-20,E0305,87081114,-0,105280,Windsor and Maidenhead,1602254,NA,6632585,-6051714,-1038815,105280,-933535,0,NA,E06000040,4900,1300,1460,800,1330,"VOA/HMRC Valuation Office, Non-domestic rating: stock of properties, 31 March 2025 edition"
2019,2019-20,E4305,71828867,221939,-939010,Wirral,-0,NA,5628827,-2445600,-3112593,-939010,-3829664,221939,NA,E08000015,8590,3560,1160,1990,1870,"VOA/HMRC Valuation Office, Non-domestic rating: stock of properties, 31 March 2025 edition"
2019,2019-20,E3641,47304147,-0,-419000,Woking,643678,NA,1694835,-1496810,-903000,-419000,-1322000,0,NA,E07000217,2730,780,750,470,730,"VOA/HMRC Valuation Office, Non-domestic rating: stock of properties, 31 March 2025 edition"
2019,2019-20,E0306,72160317,131595,-330000,Wokingham,-0,NA,2996599,-4970222,-883268,-330000,-1081673,131595,NA,E06000041,4280,540,1320,1310,1100,"VOA/HMRC Valuation Office, Non-domestic rating: stock of properties, 31 March 2025 edition"
2019,2019-20,E4607,74680347,1202107,-1225948,Wolverhampton,-0,NA,6595395,-1209917,-4699207,-1225948,-4723049,1202107,NA,E08000031,8650,2390,1660,2910,1700,"VOA/HMRC Valuation Office, Non-domestic rating: stock of properties, 31 March 2025 edition"
2019,2019-20,E1837,41208064,228901,-302302,Worcester,-0,NA,1077385,-620435,-294768,-302302,-368169,228901,NA,E07000237,3240,1040,680,740,770,"VOA/HMRC Valuation Office, Non-domestic rating: stock of properties, 31 March 2025 edition"
2019,2019-20,E3837,30471422,442889,-393251,Worthing,-0,NA,1750600,-2047845,-1464765,-393251,-1415127,442889,NA,E07000229,3270,1290,530,470,980,"VOA/HMRC Valuation Office, Non-domestic rating: stock of properties, 31 March 2025 edition"
2019,2019-20,E1838,43854436,204758,-309648,Wychavon,-0,NA,331331,-440795,-255000,-309648,-359890,204758,NA,E07000238,4990,930,880,1690,1480,"VOA/HMRC Valuation Office, Non-domestic rating: stock of properties, 31 March 2025 edition"
2019,2019-20,E0435,73404182,655361,-849326,Wycombe,-0,NA,4661255,-1832754,-2057009,-849326,-2250974,655361,NA,E07000007,5420,1170,1670,1460,1120,"VOA/HMRC Valuation Office, Non-domestic rating: stock of properties, 31 March 2025 edition"
2019,2019-20,E2344,26643452,165361,-481642,Wyre,-0,NA,1330923,-495062,-382505,-481642,-698786,165361,NA,E07000128,4120,1220,400,1220,1280,"VOA/HMRC Valuation Office, Non-domestic rating: stock of properties, 31 March 2025 edition"
2019,2019-20,E1839,28464776,240944,-243910,Wyre Forest,-0,NA,1738168,-737422,-894060,-243910,-897026,240944,NA,E07000239,3530,750,710,1010,1060,"VOA/HMRC Valuation Office, Non-domestic rating: stock of properties, 31 March 2025 edition"
2019,2019-20,E2701,103863168,-382705,-503000,York,-0,NA,4370412,-734370,-2000986,-503000,-2886691,-382705,NA,E06000014,6910,1880,1560,1250,2230,"VOA/HMRC Valuation Office, Non-domestic rating: stock of properties, 31 March 2025 edition"
2020,2020-21,E3831,9667349,17809,-132009,Adur,-0,NA,576118,-149253,-196479,-132009,-310679,17809,NA,E07000223,2270,470,320,580,900,"VOA/HMRC Valuation Office, Non-domestic rating: stock of properties, 31 March 2025 edition"
2020,2020-21,E0931,12610587,133051,-338558,Allerdale,-0,NA,894676,-515010,-291855,-338558,-497362,133051,NA,E07000026,5140,1040,430,1140,2530,"VOA/HMRC Valuation Office, Non-domestic rating: stock of properties, 31 March 2025 edition"
2020,2020-21,E1031,20741427,84899,-337979,Amber Valley,-0,NA,696869,-1678869,-443719,-337979,-696799,84899,NA,E07000032,3950,1040,560,1260,1090,"VOA/HMRC Valuation Office, Non-domestic rating: stock of properties, 31 March 2025 edition"
2020,2020-21,E3832,12699833,150367,-80367,Arun,44561,NA,2478352,-461448,-1004000,-80367,-934000,150367,NA,E07000224,4960,1370,500,1410,1680,"VOA/HMRC Valuation Office, Non-domestic rating: stock of properties, 31 March 2025 edition"
2020,2020-21,E3031,27101672,125454,-649136,Ashfield,-0,NA,2241010,-201019,-634277,-649136,-1157959,125454,NA,E07000170,3880,980,500,1660,740,"VOA/HMRC Valuation Office, Non-domestic rating: stock of properties, 31 March 2025 edition"
2020,2020-21,E2231,25277072,54346,-1278260,Ashford,-0,NA,4351525,-859619,-398073,-1278260,-1621987,54346,NA,E07000105,5020,920,1060,1520,1530,"VOA/HMRC Valuation Office, Non-domestic rating: stock of properties, 31 March 2025 edition"
2020,2020-21,E3531,12281346,24128,-92493,Babergh,-0,NA,728520,-420555,-352075,-92493,-420440,24128,NA,E07000200,3630,610,610,1270,1140,"VOA/HMRC Valuation Office, Non-domestic rating: stock of properties, 31 March 2025 edition"
2020,2020-21,E5030,41620365,-0,-2186000,Barking and Dagenham,-2878,NA,14119355,-2054550,-7717000,-2186000,-9903000,0,NA,E09000002,4550,1440,880,1200,1030,"VOA/HMRC Valuation Office, Non-domestic rating: stock of properties, 31 March 2025 edition"
2020,2020-21,E5031,39795554,1092003,-9474780,Barnet,-0,NA,22213335,-8677998,-9890865,-9474780,-18273642,1092003,NA,E09000003,8630,3490,2170,830,2140,"VOA/HMRC Valuation Office, Non-domestic rating: stock of properties, 31 March 2025 edition"
2020,2020-21,E4401,33145923,476252,-304488,Barnsley,-0,NA,1469178,-968875,-1631619,-304488,-1459855,476252,NA,E08000016,8820,1970,1070,4120,1660,"VOA/HMRC Valuation Office, Non-domestic rating: stock of properties, 31 March 2025 edition"
2020,2020-21,E0932,11989516,61315,-641472,Barrow-in-Furness,-0,NA,2172600,-815526,-1119045,-641472,-1699202,61315,NA,E07000027,2420,780,320,610,700,"VOA/HMRC Valuation Office, Non-domestic rating: stock of properties, 31 March 2025 edition"
2020,2020-21,E1531,44519036,387171,-849871,Basildon,-0,NA,3823039,-1676318,-1469300,-849871,-1932000,387171,NA,E07000066,4920,1010,840,1930,1140,"VOA/HMRC Valuation Office, Non-domestic rating: stock of properties, 31 March 2025 edition"
2020,2020-21,E1731,44769109,91517,-291517,Basingstoke and Deane,-0,NA,1747480,-2091314,-800001,-291517,-1000001,91517,NA,E07000084,4600,750,1360,1160,1320,"VOA/HMRC Valuation Office, Non-domestic rating: stock of properties, 31 March 2025 edition"
2020,2020-21,E3032,33988143,773263,-514292,Bassetlaw,-0,NA,2017660,-583644,-1107807,-514292,-848836,773263,NA,E07000171,4340,970,690,1410,1280,"VOA/HMRC Valuation Office, Non-domestic rating: stock of properties, 31 March 2025 edition"
2020,2020-21,E0101,27907180,358146,-782381,Bath and North East Somerset,-0,NA,3830369,-1935369,-740738,-782381,-1164973,358146,NA,E06000022,6650,1710,1350,1630,1980,"VOA/HMRC Valuation Office, Non-domestic rating: stock of properties, 31 March 2025 edition"
2020,2020-21,E0202,43472240,747400,-740105,Bedford UA,-0,NA,3730599,-1102148,-2877295,-740105,-2870000,747400,NA,E06000055,5610,1200,1060,1720,1640,"VOA/HMRC Valuation Office, Non-domestic rating: stock of properties, 31 March 2025 edition"
2020,2020-21,E5032,44776923,-0,-4402703,Bexley,-0,NA,7186086,-2743995,-986862,-4402703,-5389565,0,NA,E09000004,5530,1850,510,1540,1630,"VOA/HMRC Valuation Office, Non-domestic rating: stock of properties, 31 March 2025 edition"
2020,2020-21,E4601,251951221,2830276,-27917284,Birmingham,-0,NA,127967042,-29665007,-47577818,-27917284,-72664826,2830276,NA,E08000025,47680,11210,8970,9970,17530,"VOA/HMRC Valuation Office, Non-domestic rating: stock of properties, 31 March 2025 edition"
2020,2020-21,E2431,25065465,-0,-187872,Blaby,87670,NA,1014460,-845302,-89564,-187872,-277436,0,NA,E07000129,2330,420,540,720,630,"VOA/HMRC Valuation Office, Non-domestic rating: stock of properties, 31 March 2025 edition"
2020,2020-21,E2301,25759455,925081,-1212081,Blackburn with Darwen,-0,NA,3114421,-381726,-2185000,-1212081,-2472000,925081,NA,E06000008,6900,1770,1400,2370,1350,"VOA/HMRC Valuation Office, Non-domestic rating: stock of properties, 31 March 2025 edition"
2020,2020-21,E2302,14510262,407294,-1751959,Blackpool,-0,NA,9802895,-348926,-3292035,-1751959,-4636700,407294,NA,E06000009,6780,2360,810,1150,2460,"VOA/HMRC Valuation Office, Non-domestic rating: stock of properties, 31 March 2025 edition"
2020,2020-21,E1032,20013714,-0,-269384,Bolsover,-28533,NA,553944,-379000,-286317,-269384,-555701,0,NA,E07000033,2420,570,360,930,560,"VOA/HMRC Valuation Office, Non-domestic rating: stock of properties, 31 March 2025 edition"
2020,2020-21,E4201,48710519,387160,-3301158,Bolton,-0,NA,14527035,-2965709,-5219058,-3301158,-8133056,387160,NA,E08000001,10490,2900,1780,2850,2960,"VOA/HMRC Valuation Office, Non-domestic rating: stock of properties, 31 March 2025 edition"
2020,2020-21,E2531,9567590,-0,-584014,Boston,-9526,NA,862621,-988029,-230000,-584014,-814014,0,NA,E07000136,2490,590,410,790,700,"VOA/HMRC Valuation Office, Non-domestic rating: stock of properties, 31 March 2025 edition"
2020,2020-21,E1204,62008007,829651,-3642813,"Bournemouth, Christchurch & Poole",-0,NA,11162015,-837899,-6093444,-3642813,-8906606,829651,NA,E06000058,15720,4310,1960,2630,6820,"VOA/HMRC Valuation Office, Non-domestic rating: stock of properties, 31 March 2025 edition"
2020,2020-21,E0301,52708545,16260,-1554861,Bracknell Forest,-0,NA,5061646,-5276846,-568200,-1554861,-2106801,16260,NA,E06000036,2800,550,1070,430,750,"VOA/HMRC Valuation Office, Non-domestic rating: stock of properties, 31 March 2025 edition"
2020,2020-21,E4701,76875185,349472,-5132714,Bradford,-0,NA,15438341,-1737681,-2390107,-5132714,-7173349,349472,NA,E08000032,19540,5960,3670,5980,3930,"VOA/HMRC Valuation Office, Non-domestic rating: stock of properties, 31 March 2025 edition"
2020,2020-21,E1532,25224936,73268,-390103,Braintree,-0,NA,1577802,-744651,-131340,-390103,-448175,73268,NA,E07000067,4980,990,810,1900,1280,"VOA/HMRC Valuation Office, Non-domestic rating: stock of properties, 31 March 2025 edition"
2020,2020-21,E2631,20561966,324083,-337168,Breckland,-0,NA,1931778,-494511,-569580,-337168,-582665,324083,NA,E07000143,4550,890,510,1740,1410,"VOA/HMRC Valuation Office, Non-domestic rating: stock of properties, 31 March 2025 edition"
2020,2020-21,E5033,64808809,340024,-17890505,Brent,-0,NA,21512242,-10519495,-2502345,-17890505,-20052826,340024,NA,E09000005,9290,3280,1950,2470,1590,"VOA/HMRC Valuation Office, Non-domestic rating: stock of properties, 31 March 2025 edition"
2020,2020-21,E1533,13342706,-0,-196695,Brentwood,40617,NA,3630787,-1222660,-1181519,-196695,-1378214,0,NA,E07000068,2480,600,590,630,660,"VOA/HMRC Valuation Office, Non-domestic rating: stock of properties, 31 March 2025 edition"
2020,2020-21,E1401,49366314,221383,-5139531,Brighton and Hove,13724,NA,14190344,-2824202,-2343354,-5139531,-7261502,221383,NA,E06000043,11260,3270,2370,1480,4150,"VOA/HMRC Valuation Office, Non-domestic rating: stock of properties, 31 March 2025 edition"
2020,2020-21,E0102,137951395,648567,-7199671,Bristol,-0,NA,16649585,-2898168,-2173000,-7199671,-8724104,648567,NA,E06000023,16540,4610,4300,3770,3870,"VOA/HMRC Valuation Office, Non-domestic rating: stock of properties, 31 March 2025 edition"
2020,2020-21,E2632,16660269,89656,-325441,Broadland,-0,NA,738485,-361363,-250729,-325441,-486514,89656,NA,E07000144,3770,600,460,1320,1390,"VOA/HMRC Valuation Office, Non-domestic rating: stock of properties, 31 March 2025 edition"
2020,2020-21,E5034,35747793,651246,-1158528,Bromley,-0,NA,6032216,-2385414,-1607958,-1158528,-2115240,651246,NA,E09000006,7480,2880,1410,1010,2190,"VOA/HMRC Valuation Office, Non-domestic rating: stock of properties, 31 March 2025 edition"
2020,2020-21,E1831,14927012,56921,-164832,Bromsgrove,-0,NA,1533650,-639871,-930100,-164832,-1038011,56921,NA,E07000234,3470,630,800,1010,1040,"VOA/HMRC Valuation Office, Non-domestic rating: stock of properties, 31 March 2025 edition"
2020,2020-21,E1931,22251760,19075,-749098,Broxbourne,-0,NA,3462577,-137909,-1268608,-749098,-1998631,19075,NA,E07000095,2350,710,360,770,510,"VOA/HMRC Valuation Office, Non-domestic rating: stock of properties, 31 March 2025 edition"
2020,2020-21,E3033,9970299,98413,-263412,Broxtowe,-0,NA,1663977,-1102559,-305001,-263412,-470000,98413,NA,E07000172,2620,900,370,670,680,"VOA/HMRC Valuation Office, Non-domestic rating: stock of properties, 31 March 2025 edition"
2020,2020-21,E0402,100709096,1590370,-2950830,Buckinghamshire UA,521499,NA,12539644,-5174098,-4902364,-2950830,-6262824,1590370,NA,E06000060,15510,3390,3800,4430,3900,"VOA/HMRC Valuation Office, Non-domestic rating: stock of properties, 31 March 2025 edition"
2020,2020-21,E2333,16675481,297581,-1251652,Burnley,-0,NA,3388072,-586521,-1526679,-1251652,-2480750,297581,NA,E07000117,5400,1150,830,2570,860,"VOA/HMRC Valuation Office, Non-domestic rating: stock of properties, 31 March 2025 edition"
2020,2020-21,E4202,23189039,169883,-1694151,Bury,-0,NA,11072038,-2373496,-4968910,-1694151,-6493178,169883,NA,E08000002,6150,1810,1230,1640,1480,"VOA/HMRC Valuation Office, Non-domestic rating: stock of properties, 31 March 2025 edition"
2020,2020-21,E4702,33825906,-468,-1853647,Calderdale,-0,NA,10261042,-2663011,-5168734,-1853647,-7022849,-468,NA,E08000033,9620,2230,1750,3530,2120,"VOA/HMRC Valuation Office, Non-domestic rating: stock of properties, 31 March 2025 edition"
2020,2020-21,E0531,62119472,-0,-476255,Cambridge,-5327,NA,4148453,-2596691,-2412971,-476255,-2889226,0,NA,E07000008,4440,1140,1300,510,1480,"VOA/HMRC Valuation Office, Non-domestic rating: stock of properties, 31 March 2025 edition"
2020,2020-21,E5011,466969485,1909435,-9633545,Camden,-0,NA,61672021,-11000468,-13179070,-9633545,-20903180,1909435,NA,E09000007,19060,3720,9210,1190,4940,"VOA/HMRC Valuation Office, Non-domestic rating: stock of properties, 31 March 2025 edition"
2020,2020-21,E3431,18405268,-139,-592945,Cannock Chase,-0,NA,2046058,-375192,-919114,-592945,-1512198,-139,NA,E07000192,3590,950,610,1250,780,"VOA/HMRC Valuation Office, Non-domestic rating: stock of properties, 31 March 2025 edition"
2020,2020-21,E2232,19822990,7264,-460919,Canterbury,-0,NA,4091653,-1275817,-1048054,-460919,-1501709,7264,NA,E07000106,6160,1360,940,1270,2600,"VOA/HMRC Valuation Office, Non-domestic rating: stock of properties, 31 March 2025 edition"
2020,2020-21,E0933,19665746,364016,-90123,Carlisle,110040,NA,2082345,-227474,-888843,-90123,-614950,364016,NA,E07000028,4720,1090,850,1350,1430,"VOA/HMRC Valuation Office, Non-domestic rating: stock of properties, 31 March 2025 edition"
2020,2020-21,E1534,5507932,17746,-260548,Castle Point,-0,NA,523624,-320850,-200042,-260548,-442844,17746,NA,E07000069,2040,670,200,680,480,"VOA/HMRC Valuation Office, Non-domestic rating: stock of properties, 31 March 2025 edition"
2020,2020-21,E0203,55378204,444385,-725069,Central Bedfordshire,117478,NA,5741936,-2325674,-561863,-725069,-842547,444385,NA,E06000056,7220,1530,1330,2390,1990,"VOA/HMRC Valuation Office, Non-domestic rating: stock of properties, 31 March 2025 edition"
2020,2020-21,E2432,28319037,59551,-715150,Charnwood,-0,NA,1907627,-92896,-330421,-715150,-986020,59551,NA,E07000130,4810,1280,740,1640,1150,"VOA/HMRC Valuation Office, Non-domestic rating: stock of properties, 31 March 2025 edition"
2020,2020-21,E1535,40471019,56340,-1521111,Chelmsford,-0,NA,5302568,-1848689,-1736318,-1521111,-3201089,56340,NA,E07000070,5230,1140,1270,1550,1270,"VOA/HMRC Valuation Office, Non-domestic rating: stock of properties, 31 March 2025 edition"
2020,2020-21,E1631,20040597,165002,-659290,Cheltenham,-0,NA,2681417,-5011189,-403133,-659290,-897421,165002,NA,E07000078,3960,1110,1240,750,860,"VOA/HMRC Valuation Office, Non-domestic rating: stock of properties, 31 March 2025 edition"
2020,2020-21,E3131,42898354,-0,-606749,Cherwell,-34695,NA,3511454,-3025295,-377094,-606749,-983843,0,NA,E07000177,4980,1150,1130,1430,1270,"VOA/HMRC Valuation Office, Non-domestic rating: stock of properties, 31 March 2025 edition"
2020,2020-21,E0603,75888588,493040,-2227029,Cheshire East,-0,NA,11976510,-2117386,-1437299,-2227029,-3171288,493040,NA,E06000049,14930,3330,3630,3450,4520,"VOA/HMRC Valuation Office, Non-domestic rating: stock of properties, 31 March 2025 edition"
2020,2020-21,E0604,80037998,-69188,-2913906,Cheshire West and Chester,-0,NA,8069281,-2954025,-3527350,-2913906,-6510444,-69188,NA,E06000050,12190,3140,2450,3390,3220,"VOA/HMRC Valuation Office, Non-domestic rating: stock of properties, 31 March 2025 edition"
2020,2020-21,E1033,21570594,136122,-331122,Chesterfield,-0,NA,2218912,-679340,-452000,-331122,-647000,136122,NA,E07000034,4300,1040,820,1570,870,"VOA/HMRC Valuation Office, Non-domestic rating: stock of properties, 31 March 2025 edition"
2020,2020-21,E3833,18972146,250766,-207000,Chichester,-0,NA,1842858,-1440725,-911983,-207000,-868217,250766,NA,E07000225,5310,1110,800,1580,1830,"VOA/HMRC Valuation Office, Non-domestic rating: stock of properties, 31 March 2025 edition"
2020,2020-21,E2334,13320011,105946,-815916,Chorley,13096,NA,1801535,-757996,-479335,-815916,-1189305,105946,NA,E07000118,3550,910,650,1040,950,"VOA/HMRC Valuation Office, Non-domestic rating: stock of properties, 31 March 2025 edition"
2020,2020-21,E5010,1098821978,4963082,-31066934,City of London,-0,NA,82454368,-109683330,-14243980,-31066934,-40347832,4963082,NA,E09000001,22160,1320,15210,2020,3620,"VOA/HMRC Valuation Office, Non-domestic rating: stock of properties, 31 March 2025 edition"
2020,2020-21,E1536,30858571,-1328,-506828,Colchester,-0,NA,5765615,-1888495,-1206724,-506828,-1714880,-1328,NA,E07000071,6140,1270,1320,1370,2180,"VOA/HMRC Valuation Office, Non-domestic rating: stock of properties, 31 March 2025 edition"
2020,2020-21,E0934,34459707,27430,-95280,Copeland,-0,NA,1120502,-778297,-188823,-95280,-256673,27430,NA,E07000029,2490,550,320,530,1090,"VOA/HMRC Valuation Office, Non-domestic rating: stock of properties, 31 March 2025 edition"
2020,2020-21,E2831,31766691,126397,-657820,Corby,-0,NA,4280250,-1123463,-1557836,-657820,-2089259,126397,NA,E07000150,1980,400,340,820,430,"VOA/HMRC Valuation Office, Non-domestic rating: stock of properties, 31 March 2025 edition"
2020,2020-21,E0801,64484121,941038,-2547038,Cornwall UA,-0,NA,9757175,-3005832,-4188000,-2547038,-5794000,941038,NA,E06000052,33120,5800,2870,7290,17160,"VOA/HMRC Valuation Office, Non-domestic rating: stock of properties, 31 March 2025 edition"
2020,2020-21,E1632,15034746,5891,-409090,Cotswold,-0,NA,2448279,-196577,-459911,-409090,-863110,5891,NA,E07000079,4940,910,780,1390,1860,"VOA/HMRC Valuation Office, Non-domestic rating: stock of properties, 31 March 2025 edition"
2020,2020-21,E4602,76541656,-127374,-2137455,Coventry,-0,NA,12297540,-2328155,-2956010,-2137455,-5220839,-127374,NA,E08000026,8860,2620,1660,2230,2360,"VOA/HMRC Valuation Office, Non-domestic rating: stock of properties, 31 March 2025 edition"
2020,2020-21,E2731,8469092,6048,-115758,Craven,-0,NA,797060,-104947,-169761,-115758,-279471,6048,NA,E07000163,3350,720,400,770,1470,"VOA/HMRC Valuation Office, Non-domestic rating: stock of properties, 31 March 2025 edition"
2020,2020-21,E3834,84511772,-8713,-1139720,Crawley,-0,NA,3911007,-1785889,-993573,-1139720,-2142006,-8713,NA,E07000226,3670,620,1160,840,1050,"VOA/HMRC Valuation Office, Non-domestic rating: stock of properties, 31 March 2025 edition"
2020,2020-21,E5035,61605940,-3747,-8575977,Croydon,-0,NA,17678908,-6335554,-5750770,-8575977,-14330494,-3747,NA,E09000008,9220,3470,2120,1330,2310,"VOA/HMRC Valuation Office, Non-domestic rating: stock of properties, 31 March 2025 edition"
2020,2020-21,E1932,42115897,69440,-1253117,Dacorum,-0,NA,5159548,-392970,-1846171,-1253117,-3029848,69440,NA,E07000096,4510,940,1200,1070,1290,"VOA/HMRC Valuation Office, Non-domestic rating: stock of properties, 31 March 2025 edition"
2020,2020-21,E1301,17468641,95624,-348000,Darlington,-0,NA,1857831,-741323,-214371,-348000,-466747,95624,NA,E06000005,3910,1120,800,1100,890,"VOA/HMRC Valuation Office, Non-domestic rating: stock of properties, 31 March 2025 edition"
2020,2020-21,E2233,33836223,-59457,-3376471,Dartford,-0,NA,6131045,-3799280,-1662887,-3376471,-5098815,-59457,NA,E07000107,3280,920,680,720,960,"VOA/HMRC Valuation Office, Non-domestic rating: stock of properties, 31 March 2025 edition"
2020,2020-21,E2832,42807603,447132,-2796614,Daventry,75730,NA,3588062,-725556,-447132,-2796614,-2796614,447132,NA,E07000151,2710,380,460,1050,830,"VOA/HMRC Valuation Office, Non-domestic rating: stock of properties, 31 March 2025 edition"
2020,2020-21,E1001,47048727,-66207,-2184000,Derby,-0,NA,10350226,-2068266,-3204562,-2184000,-5454769,-66207,NA,E06000015,8860,2270,2000,2670,1920,"VOA/HMRC Valuation Office, Non-domestic rating: stock of properties, 31 March 2025 edition"
2020,2020-21,E1035,9693560,21576,-124889,Derbyshire Dales,-0,NA,1660826,-358658,-258000,-124889,-361313,21576,NA,E07000035,4280,850,430,1000,2000,"VOA/HMRC Valuation Office, Non-domestic rating: stock of properties, 31 March 2025 edition"
2020,2020-21,E4402,62492216,9,-1211409,Doncaster,-4,NA,9921958,-1235647,-2595842,-1211409,-3807242,9,NA,E08000017,9610,2950,1560,2760,2340,"VOA/HMRC Valuation Office, Non-domestic rating: stock of properties, 31 March 2025 edition"
2020,2020-21,E1203,48858356,172604,-5193437,Dorset Council,-0,NA,11167005,-1253233,-4593064,-5193437,-9613897,172604,NA,E06000059,17370,3270,1960,5140,7010,"VOA/HMRC Valuation Office, Non-domestic rating: stock of properties, 31 March 2025 edition"
2020,2020-21,E2234,31154303,670,-1080550,Dover,-0,NA,2321220,-69469,-2103600,-1080550,-3183480,670,NA,E07000108,4130,910,820,940,1470,"VOA/HMRC Valuation Office, Non-domestic rating: stock of properties, 31 March 2025 edition"
2020,2020-21,E4603,42367078,-0,-2424825,Dudley,575175,NA,7436832,-307449,-4185000,-2424825,-6609825,0,NA,E08000027,10670,2790,1730,3760,2380,"VOA/HMRC Valuation Office, Non-domestic rating: stock of properties, 31 March 2025 edition"
2020,2020-21,E1302,69405418,556690,-2970334,Durham UA,-0,NA,8732623,-1468496,-2610635,-2970334,-5024279,556690,NA,E06000047,15650,4240,2350,4180,4890,"VOA/HMRC Valuation Office, Non-domestic rating: stock of properties, 31 March 2025 edition"
2020,2020-21,E5036,99152298,77978,-12572670,Ealing,-17,NA,29546843,-11265114,-7927256,-12572670,-20421948,77978,NA,E09000009,10870,3700,2130,2870,2180,"VOA/HMRC Valuation Office, Non-domestic rating: stock of properties, 31 March 2025 edition"
2020,2020-21,E0532,15019295,75791,-201122,East Cambridgeshire,-0,NA,1200405,-473921,-207825,-201122,-333156,75791,NA,E07000009,2400,400,390,790,830,"VOA/HMRC Valuation Office, Non-domestic rating: stock of properties, 31 March 2025 edition"
2020,2020-21,E1131,17636429,94734,-78432,East Devon,-4239,NA,1728338,-373553,-269286,-78432,-252984,94734,NA,E07000040,6880,1290,610,1960,3020,"VOA/HMRC Valuation Office, Non-domestic rating: stock of properties, 31 March 2025 edition"
2020,2020-21,E1732,16649117,42019,-137701,East Hampshire,-0,NA,1877504,-600759,-474219,-137701,-569901,42019,NA,E07000085,4080,830,750,1500,990,"VOA/HMRC Valuation Office, Non-domestic rating: stock of properties, 31 March 2025 edition"
2020,2020-21,E1933,23143793,134314,-1239109,East Hertfordshire,-0,NA,2575254,-1111393,-1477466,-1239109,-2582261,134314,NA,E07000242,4810,1000,1000,1440,1380,"VOA/HMRC Valuation Office, Non-domestic rating: stock of properties, 31 March 2025 edition"
2020,2020-21,E2532,14242433,174818,-1926822,East Lindsey,-0,NA,4292261,-425133,-1667996,-1926822,-3420000,174818,NA,E07000137,7390,1680,510,1730,3460,"VOA/HMRC Valuation Office, Non-domestic rating: stock of properties, 31 March 2025 edition"
2020,2020-21,E2833,23578519,53451,-418747,East Northamptonshire,-0,NA,2294784,-451952,-195642,-418747,-560938,53451,NA,E07000152,4190,640,420,2330,800,"VOA/HMRC Valuation Office, Non-domestic rating: stock of properties, 31 March 2025 edition"
2020,2020-21,E2001,76160464,133113,-1370039,East Riding of Yorkshire,-0,NA,9364715,-4933385,-1896860,-1370039,-3133786,133113,NA,E06000011,11700,2930,1570,2940,4270,"VOA/HMRC Valuation Office, Non-domestic rating: stock of properties, 31 March 2025 edition"
2020,2020-21,E3432,38620263,253143,-1579740,East Staffordshire,-0,NA,4677690,-1811536,-1512403,-1579740,-2839000,253143,NA,E07000193,4090,1110,650,1300,1030,"VOA/HMRC Valuation Office, Non-domestic rating: stock of properties, 31 March 2025 edition"
2020,2020-21,E3538,66276246,655125,-1335719,East Suffolk,-0,NA,5296997,-1425747,-2820543,-1335719,-3501137,655125,NA,E07000244,12680,2180,1520,2370,6610,"VOA/HMRC Valuation Office, Non-domestic rating: stock of properties, 31 March 2025 edition"
2020,2020-21,E1432,10697337,245973,-494097,Eastbourne,-0,NA,2695948,-955026,-691404,-494097,-939529,245973,NA,E07000061,3260,1100,550,550,1060,"VOA/HMRC Valuation Office, Non-domestic rating: stock of properties, 31 March 2025 edition"
2020,2020-21,E1733,31379110,233002,-1121660,Eastleigh,-0,NA,3903253,-284357,-644515,-1121660,-1533173,233002,NA,E07000086,3250,710,710,1010,820,"VOA/HMRC Valuation Office, Non-domestic rating: stock of properties, 31 March 2025 edition"
2020,2020-21,E0935,7984363,-1518,-42801,Eden,-0,NA,1549786,-149650,-23480,-42801,-67799,-1518,NA,E07000030,3520,530,320,840,1840,"VOA/HMRC Valuation Office, Non-domestic rating: stock of properties, 31 March 2025 edition"
2020,2020-21,E3631,32149388,226759,-1221328,Elmbridge,-0,NA,2596368,-3019429,-575000,-1221328,-1569569,226759,NA,E07000207,3800,1180,900,620,1100,"VOA/HMRC Valuation Office, Non-domestic rating: stock of properties, 31 March 2025 edition"
2020,2020-21,E5037,69954264,4379,-9825050,Enfield,-0,NA,18678464,-4710431,-3636771,-9825050,-13457442,4379,NA,E09000010,7040,2690,1040,1660,1650,"VOA/HMRC Valuation Office, Non-domestic rating: stock of properties, 31 March 2025 edition"
2020,2020-21,E1537,19287329,5423,-184536,Epping Forest,-0,NA,3695166,-1008055,-1051679,-184536,-1230792,5423,NA,E07000072,4390,940,930,1500,1030,"VOA/HMRC Valuation Office, Non-domestic rating: stock of properties, 31 March 2025 edition"
2020,2020-21,E3632,10035552,-115675,-139645,Epsom and Ewell,-0,NA,438072,-167640,-73234,-139645,-328554,-115675,NA,E07000208,1780,600,380,230,580,"VOA/HMRC Valuation Office, Non-domestic rating: stock of properties, 31 March 2025 edition"
2020,2020-21,E1036,13513025,70884,-94046,Erewash,-0,NA,2903490,-869761,-567338,-94046,-590500,70884,NA,E07000036,3600,940,430,1480,750,"VOA/HMRC Valuation Office, Non-domestic rating: stock of properties, 31 March 2025 edition"
2020,2020-21,E1132,36380861,-0,-290000,Exeter,-19497,NA,3000797,-585157,-300000,-290000,-590000,0,NA,E07000041,5020,1190,1420,930,1480,"VOA/HMRC Valuation Office, Non-domestic rating: stock of properties, 31 March 2025 edition"
2020,2020-21,E1734,23725467,179904,-482340,Fareham,-0,NA,2423501,-699484,-509997,-482340,-812433,179904,NA,E07000087,3340,670,740,1020,910,"VOA/HMRC Valuation Office, Non-domestic rating: stock of properties, 31 March 2025 edition"
2020,2020-21,E0533,16874265,184007,-217892,Fenland,-0,NA,2059788,-352129,-1176556,-217892,-1210441,184007,NA,E07000010,3150,800,420,1100,820,"VOA/HMRC Valuation Office, Non-domestic rating: stock of properties, 31 March 2025 edition"
2020,2020-21,E2240,15276150,153215,-372148,Folkestone & Hythe,8,NA,1751979,-398281,-219517,-372148,-438450,153215,NA,E07000112,3910,1060,600,930,1330,"VOA/HMRC Valuation Office, Non-domestic rating: stock of properties, 31 March 2025 edition"
2020,2020-21,E1633,8824035,34579,-46829,Forest of Dean,-0,NA,1060704,-85534,-288000,-46829,-300250,34579,NA,E07000080,3320,560,350,1360,1050,"VOA/HMRC Valuation Office, Non-domestic rating: stock of properties, 31 March 2025 edition"
2020,2020-21,E2335,13138039,89128,-830516,Fylde,-0,NA,3656056,-919144,-1225213,-830516,-1966601,89128,NA,E07000119,2940,830,490,760,860,"VOA/HMRC Valuation Office, Non-domestic rating: stock of properties, 31 March 2025 edition"
2020,2020-21,E4501,38368608,57604,-1802604,Gateshead,-0,NA,7609849,-1692362,-1280000,-1802604,-3025000,57604,NA,E08000037,6740,1770,1520,2170,1280,"VOA/HMRC Valuation Office, Non-domestic rating: stock of properties, 31 March 2025 edition"
2020,2020-21,E3034,10128139,50420,-217451,Gedling,-0,NA,1272242,-334088,-383546,-217451,-550577,50420,NA,E07000173,2550,760,300,780,710,"VOA/HMRC Valuation Office, Non-domestic rating: stock of properties, 31 March 2025 edition"
2020,2020-21,E1634,26499910,388843,-340998,Gloucester,-0,NA,2176652,-1242179,-1050313,-340998,-1002468,388843,NA,E07000081,4190,1090,1070,1130,910,"VOA/HMRC Valuation Office, Non-domestic rating: stock of properties, 31 March 2025 edition"
2020,2020-21,E1735,9462733,36138,-549838,Gosport,-0,NA,1921072,-247902,-829800,-549838,-1343500,36138,NA,E07000088,2030,620,210,690,510,"VOA/HMRC Valuation Office, Non-domestic rating: stock of properties, 31 March 2025 edition"
2020,2020-21,E2236,13128535,-36657,-158867,Gravesham,-7,NA,2268593,-528821,-954134,-158867,-1149658,-36657,NA,E07000109,2330,770,310,550,700,"VOA/HMRC Valuation Office, Non-domestic rating: stock of properties, 31 March 2025 edition"
2020,2020-21,E2633,12961070,246837,-263347,Great Yarmouth,-0,NA,2799911,-907569,-630556,-263347,-647066,246837,NA,E07000145,5130,1050,470,1160,2450,"VOA/HMRC Valuation Office, Non-domestic rating: stock of properties, 31 March 2025 edition"
2020,2020-21,E5012,38964356,-0,-4368598,Greenwich,-0,NA,9663464,-2884000,-3932372,-4368598,-8300970,0,NA,E09000011,5770,2070,860,1400,1450,"VOA/HMRC Valuation Office, Non-domestic rating: stock of properties, 31 March 2025 edition"
2020,2020-21,E3633,45241236,-0,-2300000,Guildford,-0,NA,5166043,-2207658,-2000000,-2300000,-4300000,0,NA,E07000209,4510,900,1350,870,1400,"VOA/HMRC Valuation Office, Non-domestic rating: stock of properties, 31 March 2025 edition"
2020,2020-21,E5013,112038399,-0,-33610000,Hackney,-0,NA,70866571,-15808096,-29440836,-33610000,-63050836,0,NA,E09000012,11890,2890,4340,2680,1990,"VOA/HMRC Valuation Office, Non-domestic rating: stock of properties, 31 March 2025 edition"
2020,2020-21,E0601,41585192,-0,-704492,Halton,869,NA,6483570,-450830,-4943566,-704492,-5648058,0,NA,E06000006,3800,920,720,1240,920,"VOA/HMRC Valuation Office, Non-domestic rating: stock of properties, 31 March 2025 edition"
2020,2020-21,E2732,17492463,54419,-385052,Hambleton,-0,NA,1362640,-478753,-439539,-385052,-770172,54419,NA,E07000164,4370,740,720,1400,1510,"VOA/HMRC Valuation Office, Non-domestic rating: stock of properties, 31 March 2025 edition"
2020,2020-21,E5014,143635475,-13589,-28486065,Hammersmith and Fulham,-0,NA,61425129,-40824571,-22509688,-28486065,-51009342,-13589,NA,E09000013,9980,2830,3550,880,2720,"VOA/HMRC Valuation Office, Non-domestic rating: stock of properties, 31 March 2025 edition"
2020,2020-21,E2433,33769478,-2934,-458075,Harborough,-0,NA,3512594,-2934004,-22565,-458075,-483574,-2934,NA,E07000131,3150,580,730,890,950,"VOA/HMRC Valuation Office, Non-domestic rating: stock of properties, 31 March 2025 edition"
2020,2020-21,E5038,33309186,-77994,-11655959,Haringey,-0,NA,19596024,-9366089,-6059502,-11655959,-17793455,-77994,NA,E09000014,7130,2950,990,1780,1410,"VOA/HMRC Valuation Office, Non-domestic rating: stock of properties, 31 March 2025 edition"
2020,2020-21,E1538,26967150,254196,-1147000,Harlow,-0,NA,7503183,-2165350,-2328766,-1147000,-3221570,254196,NA,E07000073,2430,520,460,860,600,"VOA/HMRC Valuation Office, Non-domestic rating: stock of properties, 31 March 2025 edition"
2020,2020-21,E2753,28395049,271434,-1419506,Harrogate,-0,NA,5426948,-2670395,-1944541,-1419506,-3092613,271434,NA,E07000165,7500,1540,1740,1920,2300,"VOA/HMRC Valuation Office, Non-domestic rating: stock of properties, 31 March 2025 edition"
2020,2020-21,E5039,21881268,-6781,-3842517,Harrow,-0,NA,7098017,-2145684,-2378993,-3842517,-6228291,-6781,NA,E09000015,5660,2020,1710,650,1270,"VOA/HMRC Valuation Office, Non-domestic rating: stock of properties, 31 March 2025 edition"
2020,2020-21,E1736,16625846,-0,-799763,Hart,-0,NA,4366475,-1832780,-1150407,-799763,-1950170,0,NA,E07000089,2340,510,600,580,650,"VOA/HMRC Valuation Office, Non-domestic rating: stock of properties, 31 March 2025 edition"
2020,2020-21,E0701,21118105,-1256,-1856776,Hartlepool,-0,NA,5262089,-1055257,-1722323,-1856776,-3580355,-1256,NA,E06000001,2880,920,440,800,720,"VOA/HMRC Valuation Office, Non-domestic rating: stock of properties, 31 March 2025 edition"
2020,2020-21,E1433,9073890,11536,-961243,Hastings,-0,NA,2940278,-1026217,-1787399,-961243,-2737106,11536,NA,E07000062,3600,1080,450,870,1210,"VOA/HMRC Valuation Office, Non-domestic rating: stock of properties, 31 March 2025 edition"
2020,2020-21,E1737,15304199,-0,-294328,Havant,-0,NA,1527705,-1337972,-321934,-294328,-616262,0,NA,E07000090,3340,960,510,750,1130,"VOA/HMRC Valuation Office, Non-domestic rating: stock of properties, 31 March 2025 edition"
2020,2020-21,E5040,36817440,195026,-392646,Havering,-0,NA,2940257,-3443588,-1410335,-392646,-1607955,195026,NA,E09000016,6080,2250,850,1470,1510,"VOA/HMRC Valuation Office, Non-domestic rating: stock of properties, 31 March 2025 edition"
2020,2020-21,E1801,19732700,116801,-883752,Herefordshire,-0,NA,2906746,-1867628,-902656,-883752,-1669607,116801,NA,E06000019,8330,1640,1340,2540,2800,"VOA/HMRC Valuation Office, Non-domestic rating: stock of properties, 31 March 2025 edition"
2020,2020-21,E1934,25342694,19,-1409187,Hertsmere,-0,NA,2634884,-1263117,-928581,-1409187,-2337749,19,NA,E07000098,3210,700,920,750,830,"VOA/HMRC Valuation Office, Non-domestic rating: stock of properties, 31 March 2025 edition"
2020,2020-21,E1037,18478697,27315,-245677,High Peak,-0,NA,930138,-607816,-534670,-245677,-753032,27315,NA,E07000037,3660,930,430,1110,1190,"VOA/HMRC Valuation Office, Non-domestic rating: stock of properties, 31 March 2025 edition"
2020,2020-21,E5041,276033426,-5210733,-3765171,Hillingdon,406733,NA,21880815,-12229038,3128810,-3765171,-5847094,-5210733,NA,E09000017,9140,2650,2710,1830,1960,"VOA/HMRC Valuation Office, Non-domestic rating: stock of properties, 31 March 2025 edition"
2020,2020-21,E2434,24405782,-8137,-148740,Hinckley and Bosworth,-0,NA,3095845,-478247,-96609,-148740,-253486,-8137,NA,E07000132,3190,730,460,1230,770,"VOA/HMRC Valuation Office, Non-domestic rating: stock of properties, 31 March 2025 edition"
2020,2020-21,E3835,23990120,133381,-486550,Horsham,-0,NA,2351754,-1254973,-1012361,-486550,-1365530,133381,NA,E07000227,4850,860,880,1760,1360,"VOA/HMRC Valuation Office, Non-domestic rating: stock of properties, 31 March 2025 edition"
2020,2020-21,E5042,140861929,723696,-4723696,Hounslow,-0,NA,21074041,-12159613,-3600000,-4723696,-7600000,723696,NA,E09000018,7410,2040,1990,1610,1770,"VOA/HMRC Valuation Office, Non-domestic rating: stock of properties, 31 March 2025 edition"
2020,2020-21,E0551,40996355,52074,-538111,Huntingdonshire,-0,NA,1427825,-99380,-124351,-538111,-610388,52074,NA,E07000011,5470,1010,1060,1780,1620,"VOA/HMRC Valuation Office, Non-domestic rating: stock of properties, 31 March 2025 edition"
2020,2020-21,E2336,12181737,115221,-1149361,Hyndburn,-513,NA,3693156,-946840,-2000999,-1149361,-3035139,115221,NA,E07000120,3370,1060,380,1220,720,"VOA/HMRC Valuation Office, Non-domestic rating: stock of properties, 31 March 2025 edition"
2020,2020-21,E3533,27961686,49849,-604677,Ipswich,-0,NA,3520086,-1329517,-1171998,-604677,-1726826,49849,NA,E07000202,4710,1260,1200,880,1360,"VOA/HMRC Valuation Office, Non-domestic rating: stock of properties, 31 March 2025 edition"
2020,2020-21,E2101,16164387,236525,-1161316,Isle of Wight,-0,NA,2195169,-806316,-881143,-1161316,-1805934,236525,NA,E06000046,7330,1600,630,1720,3380,"VOA/HMRC Valuation Office, Non-domestic rating: stock of properties, 31 March 2025 edition"
2020,2020-21,E4001,260872,-0,-19957,Isles of Scilly,-0,NA,111544,-33988,-55865,-19957,-75822,0,NA,E06000053,490,50,20,90,340,"VOA/HMRC Valuation Office, Non-domestic rating: stock of properties, 31 March 2025 edition"
2020,2020-21,E5015,225876509,2852926,-11686960,Islington,367256,NA,29067809,-26628365,-16154948,-11686960,-24988982,2852926,NA,E09000019,12560,2980,5480,1470,2620,"VOA/HMRC Valuation Office, Non-domestic rating: stock of properties, 31 March 2025 edition"
2020,2020-21,E5016,111968789,-25629,-29456400,Kensington and Chelsea,-0,NA,49146996,-13841353,-11468913,-29456400,-40950942,-25629,NA,E09000020,9200,2910,3170,820,2300,"VOA/HMRC Valuation Office, Non-domestic rating: stock of properties, 31 March 2025 edition"
2020,2020-21,E2834,22068574,9288,-256727,Kettering,-0,NA,897443,-335096,-74812,-256727,-322251,9288,NA,E07000153,2770,760,470,790,750,"VOA/HMRC Valuation Office, Non-domestic rating: stock of properties, 31 March 2025 edition"
2020,2020-21,E2634,27365039,69266,-253352,Kings Lynn and West Norfolk,-0,NA,1272321,-128197,-399066,-253352,-583152,69266,NA,E07000146,6150,1190,560,1390,3000,"VOA/HMRC Valuation Office, Non-domestic rating: stock of properties, 31 March 2025 edition"
2020,2020-21,E2002,47025915,10960,-2423336,Kingston upon Hull,-0,NA,6158838,-855346,-956646,-2423336,-3369022,10960,NA,E06000010,9350,2840,1690,2650,2170,"VOA/HMRC Valuation Office, Non-domestic rating: stock of properties, 31 March 2025 edition"
2020,2020-21,E5043,35297969,1680587,-5274359,Kingston upon Thames,11178,NA,8692155,-249778,-5230143,-5274359,-8823915,1680587,NA,E09000021,4750,1520,1350,740,1140,"VOA/HMRC Valuation Office, Non-domestic rating: stock of properties, 31 March 2025 edition"
2020,2020-21,E4703,54950865,101020,-8380134,Kirklees,-0,NA,15492999,-1472907,-3014941,-8380134,-11294055,101020,NA,E08000034,16200,4310,2770,5690,3430,"VOA/HMRC Valuation Office, Non-domestic rating: stock of properties, 31 March 2025 edition"
2020,2020-21,E4301,36727764,2,-3775566,Knowsley,-0,NA,6937794,-2174364,-2063365,-3775566,-5838929,2,NA,E08000011,3240,900,440,1150,750,"VOA/HMRC Valuation Office, Non-domestic rating: stock of properties, 31 March 2025 edition"
2020,2020-21,E5017,99015144,457955,-1209090,Lambeth,-0,NA,16532296,-12577279,-1648865,-1209090,-2400000,457955,NA,E09000022,9190,3080,2010,2020,2090,"VOA/HMRC Valuation Office, Non-domestic rating: stock of properties, 31 March 2025 edition"
2020,2020-21,E2337,48408340,52661,-203861,Lancaster,-0,NA,2674696,-276192,-410003,-203861,-561203,52661,NA,E07000121,5260,1460,800,1340,1660,"VOA/HMRC Valuation Office, Non-domestic rating: stock of properties, 31 March 2025 edition"
2020,2020-21,E4704,207861032,761067,-12706260,Leeds,-0,NA,29399129,-8459429,-5825807,-12706260,-17771000,761067,NA,E08000035,31510,7060,8270,7750,8430,"VOA/HMRC Valuation Office, Non-domestic rating: stock of properties, 31 March 2025 edition"
2020,2020-21,E2401,62374535,1405560,-4033388,Leicester,-0,NA,17223146,-2578728,-4758676,-4033388,-7386504,1405560,NA,E06000016,12700,3790,2050,4250,2610,"VOA/HMRC Valuation Office, Non-domestic rating: stock of properties, 31 March 2025 edition"
2020,2020-21,E1435,15513773,-0,-251229,Lewes,45774,NA,2707338,-870495,-496112,-251229,-747341,0,NA,E07000063,3680,760,680,1230,1010,"VOA/HMRC Valuation Office, Non-domestic rating: stock of properties, 31 March 2025 edition"
2020,2020-21,E5018,33832494,72198,-5072088,Lewisham,-0,NA,7761279,-9385249,-2134690,-5072088,-7134580,72198,NA,E09000023,6380,2750,750,1400,1480,"VOA/HMRC Valuation Office, Non-domestic rating: stock of properties, 31 March 2025 edition"
2020,2020-21,E3433,21090757,28243,-271422,Lichfield,-0,NA,838880,-1336944,-288776,-271422,-531955,28243,NA,E07000194,3080,690,600,950,830,"VOA/HMRC Valuation Office, Non-domestic rating: stock of properties, 31 March 2025 edition"
2020,2020-21,E2533,16681108,118100,-113091,Lincoln,-0,NA,880831,-1042540,-382498,-113091,-377489,118100,NA,E07000138,3600,1090,830,690,990,"VOA/HMRC Valuation Office, Non-domestic rating: stock of properties, 31 March 2025 edition"
2020,2020-21,E4302,86202390,8290,-11361267,Liverpool,-0,NA,43978222,-12779976,-27077370,-11361267,-38430347,8290,NA,E08000012,20460,5730,4690,4360,5680,"VOA/HMRC Valuation Office, Non-domestic rating: stock of properties, 31 March 2025 edition"
2020,2020-21,E0201,43148285,73012,-7510879,Luton,-0,NA,19542129,-5575016,-8667713,-7510879,-16105580,73012,NA,E06000032,5840,1710,1320,1410,1390,"VOA/HMRC Valuation Office, Non-domestic rating: stock of properties, 31 March 2025 edition"
2020,2020-21,E2237,31729750,242340,-1049963,Maidstone,-0,NA,4844816,-1126419,-2408537,-1049963,-3216160,242340,NA,E07000110,5220,1040,1290,1350,1550,"VOA/HMRC Valuation Office, Non-domestic rating: stock of properties, 31 March 2025 edition"
2020,2020-21,E1539,7638545,94033,-181747,Maldon,-0,NA,1156520,-546606,-453274,-181747,-540988,94033,NA,E07000074,2470,450,360,940,730,"VOA/HMRC Valuation Office, Non-domestic rating: stock of properties, 31 March 2025 edition"
2020,2020-21,E1851,7293949,40060,-577245,Malvern Hills,-0,NA,775979,-174435,84116,-577245,-453069,40060,NA,E07000235,2920,540,470,910,990,"VOA/HMRC Valuation Office, Non-domestic rating: stock of properties, 31 March 2025 edition"
2020,2020-21,E4203,215705513,312857,-22734753,Manchester,-0,NA,45946966,-10879224,-23487438,-22734753,-45909334,312857,NA,E08000003,27070,5670,8540,4570,8280,"VOA/HMRC Valuation Office, Non-domestic rating: stock of properties, 31 March 2025 edition"
2020,2020-21,E3035,13146461,242344,-617587,Mansfield,-0,NA,1152185,-115951,-987936,-617587,-1363179,242344,NA,E07000174,3310,930,630,1000,760,"VOA/HMRC Valuation Office, Non-domestic rating: stock of properties, 31 March 2025 edition"
2020,2020-21,E2201,58911367,720655,-1942776,Medway,-0,NA,9934593,-3413171,-2654733,-1942776,-3876854,720655,NA,E06000035,6490,1910,970,1880,1720,"VOA/HMRC Valuation Office, Non-domestic rating: stock of properties, 31 March 2025 edition"
2020,2020-21,E2436,8305761,14535,-24854,Melton,-0,NA,461815,-411598,-91555,-24854,-101874,14535,NA,E07000133,1610,350,170,580,510,"VOA/HMRC Valuation Office, Non-domestic rating: stock of properties, 31 March 2025 edition"
2020,2020-21,E3331,16561477,-81,-821279,Mendip,-0,NA,2657646,-887859,-501152,-821279,-1322512,-81,NA,E07000187,4500,1040,620,1490,1350,"VOA/HMRC Valuation Office, Non-domestic rating: stock of properties, 31 March 2025 edition"
2020,2020-21,E5044,45252017,9360,-6123795,Merton,-0,NA,8567480,-3297864,-2299948,-6123795,-8414383,9360,NA,E09000024,5440,1720,1150,1060,1510,"VOA/HMRC Valuation Office, Non-domestic rating: stock of properties, 31 March 2025 edition"
2020,2020-21,E1133,8091318,-0,-220036,Mid Devon,-3054,NA,847285,-370420,-350694,-220036,-570730,0,NA,E07000042,3250,530,310,1140,1270,"VOA/HMRC Valuation Office, Non-domestic rating: stock of properties, 31 March 2025 edition"
2020,2020-21,E3534,21610897,3645,-370956,Mid Suffolk,-0,NA,1578365,-392112,-222329,-370956,-589640,3645,NA,E07000203,3500,490,510,1300,1210,"VOA/HMRC Valuation Office, Non-domestic rating: stock of properties, 31 March 2025 edition"
2020,2020-21,E3836,27112958,135215,-1321210,Mid Sussex,-0,NA,3591286,-1917347,-1227898,-1321210,-2413893,135215,NA,E07000228,4460,1020,1000,1160,1290,"VOA/HMRC Valuation Office, Non-domestic rating: stock of properties, 31 March 2025 edition"
2020,2020-21,E0702,17634901,-835,-1795063,Middlesbrough,-0,NA,11486315,-2003077,-6988866,-1795063,-8784764,-835,NA,E06000002,4510,1400,890,1040,1190,"VOA/HMRC Valuation Office, Non-domestic rating: stock of properties, 31 March 2025 edition"
2020,2020-21,E0401,104966541,596877,-1666877,Milton Keynes,-0,NA,8903854,-2109264,-1690000,-1666877,-2760000,596877,NA,E06000042,8010,1620,2400,2190,1800,"VOA/HMRC Valuation Office, Non-domestic rating: stock of properties, 31 March 2025 edition"
2020,2020-21,E3634,28343061,-0,-3332000,Mole Valley,191,NA,4626376,-801511,-869677,-3332000,-4201677,0,NA,E07000210,3420,700,980,840,900,"VOA/HMRC Valuation Office, Non-domestic rating: stock of properties, 31 March 2025 edition"
2020,2020-21,E1738,40349268,168141,-558912,New Forest,-0,NA,1497869,-661747,-273409,-558912,-664180,168141,NA,E07000091,6970,1570,830,1720,2850,"VOA/HMRC Valuation Office, Non-domestic rating: stock of properties, 31 March 2025 edition"
2020,2020-21,E3036,24877725,10048,-387795,Newark and Sherwood,-0,NA,1679266,-583236,-550903,-387795,-928650,10048,NA,E07000175,4240,930,830,1280,1190,"VOA/HMRC Valuation Office, Non-domestic rating: stock of properties, 31 March 2025 edition"
2020,2020-21,E4502,59892006,552546,-9437055,Newcastle upon Tyne,-0,NA,15468347,-5453601,-5555416,-9437055,-14439925,552546,NA,E08000021,11840,2970,3780,1920,3170,"VOA/HMRC Valuation Office, Non-domestic rating: stock of properties, 31 March 2025 edition"
2020,2020-21,E3434,21216757,1995028,-2573445,Newcastle-under-Lyme,-0,NA,3082215,-1162600,-488853,-2573445,-1067270,1995028,NA,E07000195,3610,960,690,1000,970,"VOA/HMRC Valuation Office, Non-domestic rating: stock of properties, 31 March 2025 edition"
2020,2020-21,E5045,75611790,502372,-1199003,Newham,-502273,NA,9534667,-2907417,-2743537,-1199003,-3440168,502372,NA,E09000025,7780,3640,1360,1280,1500,"VOA/HMRC Valuation Office, Non-domestic rating: stock of properties, 31 March 2025 edition"
2020,2020-21,E1134,11818695,74570,-371757,North Devon,-0,NA,1571641,-279973,-700303,-371757,-997490,74570,NA,E07000043,6030,1150,520,1280,3080,"VOA/HMRC Valuation Office, Non-domestic rating: stock of properties, 31 March 2025 edition"
2020,2020-21,E1038,11065650,12023,-807789,North East Derbyshire,-0,NA,2127840,-118796,-100601,-807789,-896367,12023,NA,E07000038,2870,560,420,940,940,"VOA/HMRC Valuation Office, Non-domestic rating: stock of properties, 31 March 2025 edition"
2020,2020-21,E2003,40491720,235153,-125543,North East Lincolnshire,-0,NA,6641129,-2307246,-2727961,-125543,-2618351,235153,NA,E06000012,5520,1660,670,1740,1450,"VOA/HMRC Valuation Office, Non-domestic rating: stock of properties, 31 March 2025 edition"
2020,2020-21,E1935,18727019,175971,-2278396,North Hertfordshire,-0,NA,2945499,-1270742,-476333,-2278396,-2578758,175971,NA,E07000099,4500,970,960,1440,1130,"VOA/HMRC Valuation Office, Non-domestic rating: stock of properties, 31 March 2025 edition"
2020,2020-21,E2534,18268422,-168,-142818,North Kesteven,-0,NA,1290026,-1082976,-185156,-142818,-328142,-168,NA,E07000139,3330,570,540,1230,980,"VOA/HMRC Valuation Office, Non-domestic rating: stock of properties, 31 March 2025 edition"
2020,2020-21,E2004,68365847,404490,-510490,North Lincolnshire,-0,NA,5578115,-1075469,-2133000,-510490,-2239000,404490,NA,E06000013,5700,1410,570,2030,1690,"VOA/HMRC Valuation Office, Non-domestic rating: stock of properties, 31 March 2025 edition"
2020,2020-21,E2635,11604971,93833,-39426,North Norfolk,-0,NA,1720359,-250358,-297829,-39426,-243422,93833,NA,E07000147,7660,1170,420,1380,4700,"VOA/HMRC Valuation Office, Non-domestic rating: stock of properties, 31 March 2025 edition"
2020,2020-21,E0104,34333185,598365,-1068402,North Somerset,-0,NA,7546399,-2074799,-2204509,-1068402,-2674546,598365,NA,E06000024,6410,1480,1240,1740,1960,"VOA/HMRC Valuation Office, Non-domestic rating: stock of properties, 31 March 2025 edition"
2020,2020-21,E4503,32234256,-9620,-864365,North Tyneside,-0,NA,8848559,-1221230,-2932358,-864365,-3806343,-9620,NA,E08000022,6120,1750,1240,1730,1390,"VOA/HMRC Valuation Office, Non-domestic rating: stock of properties, 31 March 2025 edition"
2020,2020-21,E3731,46041765,-0,-635311,North Warwickshire,-448,NA,3801070,-331172,-169274,-635311,-804585,0,NA,E07000218,2390,400,370,940,670,"VOA/HMRC Valuation Office, Non-domestic rating: stock of properties, 31 March 2025 edition"
2020,2020-21,E2437,57800261,-56186,-998420,North West Leicestershire,-0,NA,2605498,-957325,-458066,-998420,-1512672,-56186,NA,E07000134,3520,680,820,1150,880,"VOA/HMRC Valuation Office, Non-domestic rating: stock of properties, 31 March 2025 edition"
2020,2020-21,E2835,63656392,394952,-1572028,Northampton,-0,NA,5919938,-4343045,-954017,-1572028,-2131093,394952,NA,E07000154,6480,1610,1630,1870,1370,"VOA/HMRC Valuation Office, Non-domestic rating: stock of properties, 31 March 2025 edition"
2020,2020-21,E2901,45415655,92598,-1624181,Northumberland UA,-0,NA,5933192,-1036049,-1588705,-1624181,-3120288,92598,NA,E06000057,13440,2710,1610,3150,5960,"VOA/HMRC Valuation Office, Non-domestic rating: stock of properties, 31 March 2025 edition"
2020,2020-21,E2636,33449058,743785,-1446217,Norwich,-0,NA,4436524,-644515,-2455575,-1446217,-3158007,743785,NA,E07000148,6880,1710,1760,1380,2030,"VOA/HMRC Valuation Office, Non-domestic rating: stock of properties, 31 March 2025 edition"
2020,2020-21,E3001,72866936,161716,-10287116,Nottingham,-0,NA,30901149,-8206927,-10785350,-10287116,-20910750,161716,NA,E06000018,11870,3040,2580,3040,3210,"VOA/HMRC Valuation Office, Non-domestic rating: stock of properties, 31 March 2025 edition"
2020,2020-21,E3732,22729373,505006,-896306,Nuneaton and Bedworth,-0,NA,1590873,-415423,-340500,-896306,-731800,505006,NA,E07000219,3290,920,350,1210,810,"VOA/HMRC Valuation Office, Non-domestic rating: stock of properties, 31 March 2025 edition"
2020,2020-21,E2438,6304359,192297,-205882,Oadby and Wigston,-0,NA,1653147,-709731,-281367,-205882,-294952,192297,NA,E07000135,1470,420,210,540,300,"VOA/HMRC Valuation Office, Non-domestic rating: stock of properties, 31 March 2025 edition"
2020,2020-21,E4204,31383167,1151693,-1738641,Oldham,-0,NA,9235121,-2383170,-4938435,-1738641,-5525383,1151693,NA,E08000004,7890,2200,1270,2630,1780,"VOA/HMRC Valuation Office, Non-domestic rating: stock of properties, 31 March 2025 edition"
2020,2020-21,E3132,49046411,-0,-596541,Oxford,288024,NA,5264111,-3953908,-1449201,-596541,-2045742,0,NA,E07000178,4610,1380,1200,540,1490,"VOA/HMRC Valuation Office, Non-domestic rating: stock of properties, 31 March 2025 edition"
2020,2020-21,E2338,9281679,-0,-210000,Pendle,37143,NA,1009860,-89519,-560000,-210000,-770000,0,NA,E07000122,3760,1100,550,1330,780,"VOA/HMRC Valuation Office, Non-domestic rating: stock of properties, 31 March 2025 edition"
2020,2020-21,E0501,59074991,120,-6700780,Peterborough,-0,NA,13481140,-1878307,-4627729,-6700780,-11328389,120,NA,E06000031,6210,1500,1430,1790,1490,"VOA/HMRC Valuation Office, Non-domestic rating: stock of properties, 31 March 2025 edition"
2020,2020-21,E1101,41063914,253637,-1201558,Plymouth,-0,NA,1749468,-1322554,-473036,-1201558,-1420957,253637,NA,E06000026,7910,1990,1480,2020,2420,"VOA/HMRC Valuation Office, Non-domestic rating: stock of properties, 31 March 2025 edition"
2020,2020-21,E1701,41796538,787539,-3218221,Portsmouth,-0,NA,8905396,-3001690,-3238692,-3218221,-5669374,787539,NA,E06000044,6470,2050,930,1410,2080,"VOA/HMRC Valuation Office, Non-domestic rating: stock of properties, 31 March 2025 edition"
2020,2020-21,E2339,27824068,-0,-2215409,Preston,-7604,NA,11315548,-2148335,-7313423,-2215409,-9528832,0,NA,E07000123,6350,1650,1310,2060,1320,"VOA/HMRC Valuation Office, Non-domestic rating: stock of properties, 31 March 2025 edition"
2020,2020-21,E0303,78532660,37571,-2589009,Reading,-0,NA,11130694,-9056782,-4539562,-2589009,-7091000,37571,NA,E06000038,5690,1530,1780,940,1460,"VOA/HMRC Valuation Office, Non-domestic rating: stock of properties, 31 March 2025 edition"
2020,2020-21,E5046,23508575,1842,-2920171,Redbridge,-0,NA,13123101,-4953581,-6209590,-2920171,-9127919,1842,NA,E09000026,6770,2670,1370,820,1910,"VOA/HMRC Valuation Office, Non-domestic rating: stock of properties, 31 March 2025 edition"
2020,2020-21,E0703,26119788,5629,-544580,Redcar and Cleveland,-0,NA,14489778,-1188537,-11345038,-544580,-11883989,5629,NA,E06000003,4260,1210,670,1200,1180,"VOA/HMRC Valuation Office, Non-domestic rating: stock of properties, 31 March 2025 edition"
2020,2020-21,E1835,20026441,311444,-670764,Redditch,-0,NA,1825261,-50992,-1072720,-670764,-1432040,311444,NA,E07000236,2670,500,550,1080,540,"VOA/HMRC Valuation Office, Non-domestic rating: stock of properties, 31 March 2025 edition"
2020,2020-21,E3635,33179715,19786,-548922,Reigate and Banstead,-0,NA,1133708,-591016,-597657,-548922,-1126793,19786,NA,E07000211,3760,1100,870,810,980,"VOA/HMRC Valuation Office, Non-domestic rating: stock of properties, 31 March 2025 edition"
2020,2020-21,E2340,8756906,89241,-209241,Ribble Valley,-0,NA,1031517,-171226,-470000,-209241,-590000,89241,NA,E07000124,2550,550,430,740,820,"VOA/HMRC Valuation Office, Non-domestic rating: stock of properties, 31 March 2025 edition"
2020,2020-21,E5047,39855681,-0,-3327494,Richmond upon Thames,-360316,NA,14303559,-4101386,-741821,-3327494,-4069315,0,NA,E09000027,5910,2060,1690,540,1630,"VOA/HMRC Valuation Office, Non-domestic rating: stock of properties, 31 March 2025 edition"
2020,2020-21,E2734,6125157,9697,-182962,Richmondshire,-0,NA,646120,-121427,-220725,-182962,-393990,9697,NA,E07000166,2860,410,260,670,1530,"VOA/HMRC Valuation Office, Non-domestic rating: stock of properties, 31 March 2025 edition"
2020,2020-21,E4205,43704666,35778,-1185015,Rochdale,-0,NA,3490951,-1035821,-767992,-1185015,-1917229,35778,NA,E08000005,8230,2030,1150,3420,1630,"VOA/HMRC Valuation Office, Non-domestic rating: stock of properties, 31 March 2025 edition"
2020,2020-21,E1540,9131934,21338,-266491,Rochford,-0,NA,593959,-194318,-323687,-266491,-568840,21338,NA,E07000075,2630,500,380,1140,620,"VOA/HMRC Valuation Office, Non-domestic rating: stock of properties, 31 March 2025 edition"
2020,2020-21,E2341,7154636,1430,-591755,Rossendale,-0,NA,1780561,-30678,-1180942,-591755,-1771267,1430,NA,E07000125,2780,670,410,1100,600,"VOA/HMRC Valuation Office, Non-domestic rating: stock of properties, 31 March 2025 edition"
2020,2020-21,E1436,8034657,4220,-241046,Rother,-0,NA,1467851,-193909,-687884,-241046,-924710,4220,NA,E07000064,4450,990,380,1340,1750,"VOA/HMRC Valuation Office, Non-domestic rating: stock of properties, 31 March 2025 edition"
2020,2020-21,E4403,45588256,631313,-1533736,Rotherham,-902523,NA,4113148,-116777,-1055966,-1533736,-1958389,631313,NA,E08000018,7600,2190,1090,2640,1670,"VOA/HMRC Valuation Office, Non-domestic rating: stock of properties, 31 March 2025 edition"
2020,2020-21,E3733,36580794,147328,-181604,Rugby,-0,NA,655499,-319629,-221560,-181604,-255836,147328,NA,E07000220,3050,690,490,930,930,"VOA/HMRC Valuation Office, Non-domestic rating: stock of properties, 31 March 2025 edition"
2020,2020-21,E3636,42736992,-0,-334600,Runnymede,53422,NA,1194078,-1544378,-603700,-334600,-938300,0,NA,E07000212,2790,510,870,650,760,"VOA/HMRC Valuation Office, Non-domestic rating: stock of properties, 31 March 2025 edition"
2020,2020-21,E3038,23063564,1206,-189506,Rushcliffe,-0,NA,698416,-536052,-430600,-189506,-618900,1206,NA,E07000176,2910,640,610,700,950,"VOA/HMRC Valuation Office, Non-domestic rating: stock of properties, 31 March 2025 edition"
2020,2020-21,E1740,25839768,42026,-331500,Rushmoor,-0,NA,3001741,-1993904,-986000,-331500,-1275474,42026,NA,E07000092,2660,780,740,530,610,"VOA/HMRC Valuation Office, Non-domestic rating: stock of properties, 31 March 2025 edition"
2020,2020-21,E2402,7065167,7291,-43859,Rutland,-0,NA,454267,-39872,-91048,-43859,-127616,7291,NA,E06000017,1680,310,340,460,580,"VOA/HMRC Valuation Office, Non-domestic rating: stock of properties, 31 March 2025 edition"
2020,2020-21,E2755,10279862,-0,-202167,Ryedale,-300,NA,633646,-22099,-61614,-202167,-263781,0,NA,E07000167,3090,590,270,840,1390,"VOA/HMRC Valuation Office, Non-domestic rating: stock of properties, 31 March 2025 edition"
2020,2020-21,E4206,56192665,1342306,-5063040,Salford,-0,NA,23871940,-9798194,-14379276,-5063040,-18100010,1342306,NA,E08000006,11700,2100,2250,2440,4910,"VOA/HMRC Valuation Office, Non-domestic rating: stock of properties, 31 March 2025 edition"
2020,2020-21,E4604,64671106,134250,-2157197,Sandwell,-0,NA,10044803,-681158,-2200000,-2157197,-4222947,134250,NA,E08000028,11220,2920,1030,4490,2790,"VOA/HMRC Valuation Office, Non-domestic rating: stock of properties, 31 March 2025 edition"
2020,2020-21,E2736,11144151,196255,-359555,Scarborough,-0,NA,1984057,-719566,-649915,-359555,-813215,196255,NA,E07000168,7730,1570,610,1190,4350,"VOA/HMRC Valuation Office, Non-domestic rating: stock of properties, 31 March 2025 edition"
2020,2020-21,E3332,24424086,-0,-290710,Sedgemoor,18070,NA,2191186,-655211,-254119,-290710,-544829,0,NA,E07000188,4420,850,470,1570,1530,"VOA/HMRC Valuation Office, Non-domestic rating: stock of properties, 31 March 2025 edition"
2020,2020-21,E4304,29889866,600386,-4351086,Sefton,-0,NA,7574845,-3130332,-3268700,-4351086,-7019400,600386,NA,E08000014,8060,3140,1060,1820,2040,"VOA/HMRC Valuation Office, Non-domestic rating: stock of properties, 31 March 2025 edition"
2020,2020-21,E2757,31844061,12463,-245168,Selby,-0,NA,3519096,-695886,-484001,-245168,-716706,12463,NA,E07000169,2740,500,410,960,860,"VOA/HMRC Valuation Office, Non-domestic rating: stock of properties, 31 March 2025 edition"
2020,2020-21,E2239,19734436,-25544,-726856,Sevenoaks,-0,NA,3759736,-2010481,-611700,-726856,-1364100,-25544,NA,E07000111,4210,840,880,1370,1130,"VOA/HMRC Valuation Office, Non-domestic rating: stock of properties, 31 March 2025 edition"
2020,2020-21,E4404,96987974,854253,-2924946,Sheffield,-0,NA,21210629,-8922185,-6850524,-2924946,-8921217,854253,NA,E08000019,18940,5190,3780,5260,4720,"VOA/HMRC Valuation Office, Non-domestic rating: stock of properties, 31 March 2025 edition"
2020,2020-21,E3202,40449500,-1458,-740306,Shropshire UA,-0,NA,5365894,-4686092,-2382734,-740306,-3124498,-1458,NA,E06000051,12340,2890,1740,3690,4020,"VOA/HMRC Valuation Office, Non-domestic rating: stock of properties, 31 March 2025 edition"
2020,2020-21,E0304,73083893,658592,-5327000,Slough,-0,NA,13762904,-3409411,-5541167,-5327000,-10209575,658592,NA,E06000039,3930,1020,1080,1000,830,"VOA/HMRC Valuation Office, Non-domestic rating: stock of properties, 31 March 2025 edition"
2020,2020-21,E4605,59489620,72759,-1129394,Solihull,-0,NA,4675377,-3348234,-2342365,-1129394,-3399000,72759,NA,E08000029,5490,1520,1750,710,1500,"VOA/HMRC Valuation Office, Non-domestic rating: stock of properties, 31 March 2025 edition"
2020,2020-21,E3336,21259024,123448,-1698354,Somerset West & Taunton,-0,NA,5304686,-763972,-1297075,-1698354,-2871981,123448,NA,E07000246,6680,1280,890,2020,2500,"VOA/HMRC Valuation Office, Non-domestic rating: stock of properties, 31 March 2025 edition"
2020,2020-21,E0536,73582363,68671,-760489,South Cambridgeshire,51116,NA,1836619,-1378921,-390920,-760489,-1082738,68671,NA,E07000012,5510,490,2020,1580,1430,"VOA/HMRC Valuation Office, Non-domestic rating: stock of properties, 31 March 2025 edition"
2020,2020-21,E1039,19571802,3755,-589009,South Derbyshire,-0,NA,2601297,-1670218,-1223919,-589009,-1809173,3755,NA,E07000039,2390,490,310,870,740,"VOA/HMRC Valuation Office, Non-domestic rating: stock of properties, 31 March 2025 edition"
2020,2020-21,E0103,84647272,47233,-8317233,South Gloucestershire,-0,NA,9827768,-4265884,-310000,-8317233,-8580000,47233,NA,E06000025,7720,1570,1610,2410,2130,"VOA/HMRC Valuation Office, Non-domestic rating: stock of properties, 31 March 2025 edition"
2020,2020-21,E1136,15574672,238172,-2575317,South Hams,-0,NA,3956136,-840392,-1175346,-2575317,-3512491,238172,NA,E07000044,5950,910,670,1480,2890,"VOA/HMRC Valuation Office, Non-domestic rating: stock of properties, 31 March 2025 edition"
2020,2020-21,E2535,18974039,33589,-2319668,South Holland,-0,NA,2805356,-592580,-315921,-2319668,-2602000,33589,NA,E07000140,2840,700,400,870,870,"VOA/HMRC Valuation Office, Non-domestic rating: stock of properties, 31 March 2025 edition"
2020,2020-21,E2536,21958508,-0,-365816,South Kesteven,-1151,NA,1746326,-978303,-526000,-365816,-891816,0,NA,E07000141,4610,1200,810,1320,1290,"VOA/HMRC Valuation Office, Non-domestic rating: stock of properties, 31 March 2025 edition"
2020,2020-21,E0936,13500386,93483,-372148,South Lakeland,-0,NA,2042521,-1231414,-982078,-372148,-1260743,93483,NA,E07000031,8610,1490,860,1570,4690,"VOA/HMRC Valuation Office, Non-domestic rating: stock of properties, 31 March 2025 edition"
2020,2020-21,E2637,17522108,108814,-142707,South Norfolk,-0,NA,1089120,-124992,-278036,-142707,-311929,108814,NA,E07000149,4900,740,770,1630,1760,"VOA/HMRC Valuation Office, Non-domestic rating: stock of properties, 31 March 2025 edition"
2020,2020-21,E2836,15473700,-0,-103329,South Northamptonshire,127572,NA,769441,-822291,-417876,-103329,-521205,0,NA,E07000155,2810,340,600,1000,870,"VOA/HMRC Valuation Office, Non-domestic rating: stock of properties, 31 March 2025 edition"
2020,2020-21,E3133,28334808,-0,-3843210,South Oxfordshire,-0,NA,7029533,-2169329,-1612900,-3843210,-5456110,0,NA,E07000179,4280,880,970,1210,1220,"VOA/HMRC Valuation Office, Non-domestic rating: stock of properties, 31 March 2025 edition"
2020,2020-21,E2342,23303579,5510,-932624,South Ribble,129,NA,1972623,-386815,-515215,-932624,-1442329,5510,NA,E07000126,3280,850,520,1150,760,"VOA/HMRC Valuation Office, Non-domestic rating: stock of properties, 31 March 2025 edition"
2020,2020-21,E3334,23755916,378919,-1301536,South Somerset,-0,NA,5621628,-491681,-1314383,-1301536,-2237000,378919,NA,E07000189,6140,1200,810,2130,2000,"VOA/HMRC Valuation Office, Non-domestic rating: stock of properties, 31 March 2025 edition"
2020,2020-21,E3435,18915033,87220,-137834,South Staffordshire,-0,NA,519937,-241935,-390438,-137834,-441052,87220,NA,E07000196,2750,580,490,810,860,"VOA/HMRC Valuation Office, Non-domestic rating: stock of properties, 31 March 2025 edition"
2020,2020-21,E4504,18469111,227580,-578737,South Tyneside,-0,NA,2635873,-775424,-1048107,-578737,-1399264,227580,NA,E08000023,3870,1310,670,980,910,"VOA/HMRC Valuation Office, Non-domestic rating: stock of properties, 31 March 2025 edition"
2020,2020-21,E1702,57094406,110712,-108156,Southampton,-0,NA,6932348,-2713569,-3081577,-108156,-3079021,110712,NA,E06000045,7050,2040,1590,1430,1980,"VOA/HMRC Valuation Office, Non-domestic rating: stock of properties, 31 March 2025 edition"
2020,2020-21,E1501,17672458,70058,-1282794,Southend-on-Sea,16785,NA,4129275,-1777287,-564582,-1282794,-1777318,70058,NA,E06000033,5980,2210,910,1160,1710,"VOA/HMRC Valuation Office, Non-domestic rating: stock of properties, 31 March 2025 edition"
2020,2020-21,E5019,224182955,1083544,-8665338,Southwark,-0,NA,42845342,-28078129,-11000000,-8665338,-18581794,1083544,NA,E09000028,13060,3040,4960,2540,2530,"VOA/HMRC Valuation Office, Non-domestic rating: stock of properties, 31 March 2025 edition"
2020,2020-21,E3637,31236398,3317,-4099900,Spelthorne,-0,NA,6680802,-2118233,-1661993,-4099900,-5758576,3317,NA,E07000213,2580,800,500,610,660,"VOA/HMRC Valuation Office, Non-domestic rating: stock of properties, 31 March 2025 edition"
2020,2020-21,E1936,27887471,62596,-2026596,St Albans,-0,NA,3199431,-925915,-1117000,-2026596,-3081000,62596,NA,E07000240,4060,990,1150,710,1220,"VOA/HMRC Valuation Office, Non-domestic rating: stock of properties, 31 March 2025 edition"
2020,2020-21,E4303,33475608,67052,-1600768,St. Helens,-0,NA,9400796,-1383585,-6573818,-1600768,-8107534,67052,NA,E08000013,4740,1600,740,1340,1060,"VOA/HMRC Valuation Office, Non-domestic rating: stock of properties, 31 March 2025 edition"
2020,2020-21,E3436,27415445,-8995,-1037284,Stafford,-0,NA,3567240,-919006,-1013440,-1037284,-2059719,-8995,NA,E07000197,4350,1030,820,1250,1250,"VOA/HMRC Valuation Office, Non-domestic rating: stock of properties, 31 March 2025 edition"
2020,2020-21,E3437,8619859,139752,-187372,Staffordshire Moorlands,-0,NA,749677,-316428,-589261,-187372,-636881,139752,NA,E07000198,3120,750,240,980,1150,"VOA/HMRC Valuation Office, Non-domestic rating: stock of properties, 31 March 2025 edition"
2020,2020-21,E1937,25965283,-1794,-463059,Stevenage,-0,NA,1357765,-1053994,-656097,-463059,-1120950,-1794,NA,E07000243,2330,530,640,530,620,"VOA/HMRC Valuation Office, Non-domestic rating: stock of properties, 31 March 2025 edition"
2020,2020-21,E4207,44255034,184123,-2352207,Stockport,-0,NA,8571995,-2831906,-6444976,-2352207,-8613060,184123,NA,E08000007,11400,2800,2530,2830,3240,"VOA/HMRC Valuation Office, Non-domestic rating: stock of properties, 31 March 2025 edition"
2020,2020-21,E0704,51683935,63964,-113964,Stockton-on-Tees,-0,NA,2364304,-597343,-800000,-113964,-850000,63964,NA,E06000004,5710,1510,1270,1350,1570,"VOA/HMRC Valuation Office, Non-domestic rating: stock of properties, 31 March 2025 edition"
2020,2020-21,E3401,50441008,-24,-1919976,Stoke-on-Trent,-0,NA,7223114,-5569618,-3830000,-1919976,-5750000,-24,NA,E06000021,9060,2700,1220,3240,1900,"VOA/HMRC Valuation Office, Non-domestic rating: stock of properties, 31 March 2025 edition"
2020,2020-21,E3734,29131556,236861,-1058695,Stratford-on-Avon,-0,NA,5216189,-2019534,-1127585,-1058695,-1949419,236861,NA,E07000221,5800,990,1160,1510,2150,"VOA/HMRC Valuation Office, Non-domestic rating: stock of properties, 31 March 2025 edition"
2020,2020-21,E1635,19964925,39672,-1310610,Stroud,-0,NA,2471174,-668899,-390953,-1310610,-1661891,39672,NA,E07000082,4200,800,730,1650,1020,"VOA/HMRC Valuation Office, Non-domestic rating: stock of properties, 31 March 2025 edition"
2020,2020-21,E4505,53123700,380017,-2286181,Sunderland,-0,NA,9297848,-1893892,-3988891,-2286181,-5895055,380017,NA,E08000024,8500,2430,1580,2400,2090,"VOA/HMRC Valuation Office, Non-domestic rating: stock of properties, 31 March 2025 edition"
2020,2020-21,E3638,19612334,325869,116328,Surrey Heath,-0,NA,1067633,-1082124,-776387,116328,-334190,325869,NA,E07000214,2720,600,760,660,700,"VOA/HMRC Valuation Office, Non-domestic rating: stock of properties, 31 March 2025 edition"
2020,2020-21,E5048,31266041,491821,-2686577,Sutton,323000,NA,2829667,-567153,-498675,-2686577,-2693431,491821,NA,E09000029,4120,1760,620,730,1020,"VOA/HMRC Valuation Office, Non-domestic rating: stock of properties, 31 March 2025 edition"
2020,2020-21,E2241,34715699,366,-707148,Swale,-0,NA,3829444,-1997871,-1981239,-707148,-2688021,366,NA,E07000113,4780,980,740,1600,1470,"VOA/HMRC Valuation Office, Non-domestic rating: stock of properties, 31 March 2025 edition"
2020,2020-21,E3901,61625105,220381,-1458458,Swindon,-0,NA,6906211,-2815837,-2244872,-1458458,-3482949,220381,NA,E06000030,5880,1370,1490,1610,1410,"VOA/HMRC Valuation Office, Non-domestic rating: stock of properties, 31 March 2025 edition"
2020,2020-21,E4208,27386467,504049,-1014382,Tameside,-0,NA,4244146,-3981747,-1095813,-1014382,-1606146,504049,NA,E08000008,7670,2250,970,2780,1660,"VOA/HMRC Valuation Office, Non-domestic rating: stock of properties, 31 March 2025 edition"
2020,2020-21,E3439,16013233,215815,-197361,Tamworth,-0,NA,795862,-1346760,-704760,-197361,-686306,215815,NA,E07000199,2100,520,390,710,480,"VOA/HMRC Valuation Office, Non-domestic rating: stock of properties, 31 March 2025 edition"
2020,2020-21,E3639,8808121,5068,-380075,Tandridge,-0,NA,570875,-492058,-527613,-380075,-902620,5068,NA,E07000215,3010,610,510,1050,840,"VOA/HMRC Valuation Office, Non-domestic rating: stock of properties, 31 March 2025 edition"
2020,2020-21,E1137,13257226,16258,-216258,Teignbridge,-0,NA,814500,-374630,-310000,-216258,-510000,16258,NA,E07000045,5380,1050,650,1670,2020,"VOA/HMRC Valuation Office, Non-domestic rating: stock of properties, 31 March 2025 edition"
2020,2020-21,E3201,43163320,432556,-668556,Telford and Wrekin,-0,NA,3478756,-3034564,-1475000,-668556,-1711000,432556,NA,E06000020,5180,1210,840,1750,1390,"VOA/HMRC Valuation Office, Non-domestic rating: stock of properties, 31 March 2025 edition"
2020,2020-21,E1542,12240090,5831,-587703,Tendring,-0,NA,2550314,-705413,-457841,-587703,-1039713,5831,NA,E07000076,8460,1260,600,1750,4850,"VOA/HMRC Valuation Office, Non-domestic rating: stock of properties, 31 March 2025 edition"
2020,2020-21,E1742,39204829,91221,-399645,Test Valley,-0,NA,3009125,-559028,-944073,-399645,-1252497,91221,NA,E07000093,4550,670,780,2040,1070,"VOA/HMRC Valuation Office, Non-domestic rating: stock of properties, 31 March 2025 edition"
2020,2020-21,E1636,29926238,241973,-654757,Tewkesbury,48276,NA,2061057,-415611,-241973,-654757,-654757,241973,NA,E07000083,2940,430,580,1160,770,"VOA/HMRC Valuation Office, Non-domestic rating: stock of properties, 31 March 2025 edition"
2020,2020-21,E2242,12560213,3610,-766375,Thanet,-0,NA,3918281,-1161975,-1356664,-766375,-2119429,3610,NA,E07000114,5420,1550,630,1380,1870,"VOA/HMRC Valuation Office, Non-domestic rating: stock of properties, 31 March 2025 edition"
2020,2020-21,E1938,21472690,-1708,-1120565,Three Rivers,-0,NA,2347313,-1513866,-1043219,-1120565,-2165492,-1708,NA,E07000102,2070,420,570,470,600,"VOA/HMRC Valuation Office, Non-domestic rating: stock of properties, 31 March 2025 edition"
2020,2020-21,E1502,79427391,-0,-901451,Thurrock,-0,NA,7213094,-245774,-1808186,-901451,-2709637,0,NA,E06000034,4360,1200,480,1640,1050,"VOA/HMRC Valuation Office, Non-domestic rating: stock of properties, 31 March 2025 edition"
2020,2020-21,E2243,35786899,15093,-435093,Tonbridge and Malling,-0,NA,3035614,-2160028,-300000,-435093,-720000,15093,NA,E07000115,3720,660,980,1010,1070,"VOA/HMRC Valuation Office, Non-domestic rating: stock of properties, 31 March 2025 edition"
2020,2020-21,E1102,10641199,14344,-338154,Torbay,-0,NA,3530078,-846289,-1469204,-338154,-1793014,14344,NA,E06000027,5530,1780,550,950,2240,"VOA/HMRC Valuation Office, Non-domestic rating: stock of properties, 31 March 2025 edition"
2020,2020-21,E1139,4346839,81579,-192851,Torridge,-0,NA,475584,-154742,-183782,-192851,-295054,81579,NA,E07000046,3970,620,240,840,2270,"VOA/HMRC Valuation Office, Non-domestic rating: stock of properties, 31 March 2025 edition"
2020,2020-21,E5020,334696874,1203729,-5787938,Tower Hamlets,-0,NA,33176488,-31577715,-6527990,-5787938,-11112199,1203729,NA,E09000030,17650,3280,5790,3770,4820,"VOA/HMRC Valuation Office, Non-domestic rating: stock of properties, 31 March 2025 edition"
2020,2020-21,E4209,70637249,-0,-2865362,Trafford,-0,NA,14626234,-7901821,-11542608,-2865362,-14407970,0,NA,E08000009,11110,2230,2280,3030,3580,"VOA/HMRC Valuation Office, Non-domestic rating: stock of properties, 31 March 2025 edition"
2020,2020-21,E2244,22364666,112040,-1006812,Tunbridge Wells,-0,NA,2848469,-1353088,-1714508,-1006812,-2609280,112040,NA,E07000116,4120,1160,930,920,1110,"VOA/HMRC Valuation Office, Non-domestic rating: stock of properties, 31 March 2025 edition"
2020,2020-21,E1544,35106336,-2,-1701326,Uttlesford,-0,NA,4113615,-933665,-768426,-1701326,-2469754,-2,NA,E07000077,3470,490,890,1080,1010,"VOA/HMRC Valuation Office, Non-domestic rating: stock of properties, 31 March 2025 edition"
2020,2020-21,E3134,48687542,-25,-3101650,Vale of White Horse,-0,NA,6214591,-2656614,-1594240,-3101650,-4695915,-25,NA,E07000180,3860,630,1220,970,1040,"VOA/HMRC Valuation Office, Non-domestic rating: stock of properties, 31 March 2025 edition"
2020,2020-21,E4705,91680017,521811,-4042885,Wakefield,-0,NA,7262074,-1014045,-1020000,-4042885,-4541074,521811,NA,E08000036,11780,3270,1970,3850,2700,"VOA/HMRC Valuation Office, Non-domestic rating: stock of properties, 31 March 2025 edition"
2020,2020-21,E4606,45288060,-0,-2638621,Walsall,-0,NA,12295439,-1380019,-2582442,-2638621,-5221063,0,NA,E08000030,8600,2470,1080,3080,1970,"VOA/HMRC Valuation Office, Non-domestic rating: stock of properties, 31 March 2025 edition"
2020,2020-21,E5049,37431926,22735,-10172174,Waltham Forest,-0,NA,16976710,-3440634,-5361219,-10172174,-15510658,22735,NA,E09000031,6910,2960,960,1530,1460,"VOA/HMRC Valuation Office, Non-domestic rating: stock of properties, 31 March 2025 edition"
2020,2020-21,E5021,62791431,-0,-6235000,Wandsworth,-174470,NA,23665495,-7179023,-2818000,-6235000,-9053000,0,NA,E09000032,8780,2990,1940,1630,2210,"VOA/HMRC Valuation Office, Non-domestic rating: stock of properties, 31 March 2025 edition"
2020,2020-21,E0602,59641412,1233346,-1580259,Warrington,-0,NA,14956376,-2804840,-2600579,-1580259,-2947492,1233346,NA,E06000007,6890,1570,1940,1870,1510,"VOA/HMRC Valuation Office, Non-domestic rating: stock of properties, 31 March 2025 edition"
2020,2020-21,E3735,42336297,155597,-155597,Warwick,-0,NA,3114315,-220134,-991000,-155597,-991000,155597,NA,E07000222,5290,1300,1410,1000,1590,"VOA/HMRC Valuation Office, Non-domestic rating: stock of properties, 31 March 2025 edition"
2020,2020-21,E1939,27162087,-816,-1715954,Watford,-0,NA,5315731,-2995962,-2466961,-1715954,-4183731,-816,NA,E07000103,3370,930,750,760,940,"VOA/HMRC Valuation Office, Non-domestic rating: stock of properties, 31 March 2025 edition"
2020,2020-21,E3640,15485374,241836,-579836,Waverley,-0,NA,2357154,-670172,-1402000,-579836,-1740000,241836,NA,E07000216,4080,1010,1000,900,1170,"VOA/HMRC Valuation Office, Non-domestic rating: stock of properties, 31 March 2025 edition"
2020,2020-21,E1437,16357713,134586,-363584,Wealden,-0,NA,2581550,-400523,-685159,-363584,-914157,134586,NA,E07000065,6440,1110,900,2590,1840,"VOA/HMRC Valuation Office, Non-domestic rating: stock of properties, 31 March 2025 edition"
2020,2020-21,E2837,17159140,51515,-162189,Wellingborough,-0,NA,1424489,-1312363,-379876,-162189,-490550,51515,NA,E07000156,2730,570,450,1100,600,"VOA/HMRC Valuation Office, Non-domestic rating: stock of properties, 31 March 2025 edition"
2020,2020-21,E1940,39741800,10799,-945608,Welwyn Hatfield,-0,NA,2375654,-689866,-180361,-945608,-1115170,10799,NA,E07000241,2970,670,790,790,720,"VOA/HMRC Valuation Office, Non-domestic rating: stock of properties, 31 March 2025 edition"
2020,2020-21,E0302,48888642,211117,-448400,West Berkshire,-0,NA,5082524,-873266,-513068,-448400,-750351,211117,NA,E06000037,5840,960,1570,1680,1630,"VOA/HMRC Valuation Office, Non-domestic rating: stock of properties, 31 March 2025 edition"
2020,2020-21,E1140,4608069,118492,-665950,West Devon,-0,NA,1408770,-236940,-619992,-665950,-1167450,118492,NA,E07000047,2310,500,270,580,960,"VOA/HMRC Valuation Office, Non-domestic rating: stock of properties, 31 March 2025 edition"
2020,2020-21,E2343,20929843,-4998,-1255064,West Lancashire,-0,NA,7355561,-646309,-2106521,-1255064,-3366583,-4998,NA,E07000127,3310,740,520,1130,920,"VOA/HMRC Valuation Office, Non-domestic rating: stock of properties, 31 March 2025 edition"
2020,2020-21,E2537,11196768,27929,-398853,West Lindsey,-0,NA,1248364,-882750,-455078,-398853,-826002,27929,NA,E07000142,2920,610,380,930,990,"VOA/HMRC Valuation Office, Non-domestic rating: stock of properties, 31 March 2025 edition"
2020,2020-21,E3135,22136853,69371,-445176,West Oxfordshire,-0,NA,2662884,-328940,-318315,-445176,-694120,69371,NA,E07000181,4210,730,940,1370,1170,"VOA/HMRC Valuation Office, Non-domestic rating: stock of properties, 31 March 2025 edition"
2020,2020-21,E3539,36638428,137227,-524916,West Suffolk,-0,NA,2720481,-1076127,-973832,-524916,-1361521,137227,NA,E07000245,6230,1360,1050,1970,1850,"VOA/HMRC Valuation Office, Non-domestic rating: stock of properties, 31 March 2025 edition"
2020,2020-21,E5022,1316755395,-0,-58300000,Westminster,15311339,NA,220231322,-141192393,-31099645,-58300000,-89399645,0,NA,E09000033,39310,6720,22740,1290,8570,"VOA/HMRC Valuation Office, Non-domestic rating: stock of properties, 31 March 2025 edition"
2020,2020-21,E4210,44184458,2367050,-4657395,Wigan,-0,NA,15159519,-425448,-7475120,-4657395,-9765465,2367050,NA,E08000010,9740,3020,1380,2770,2570,"VOA/HMRC Valuation Office, Non-domestic rating: stock of properties, 31 March 2025 edition"
2020,2020-21,E3902,79846902,439470,-647470,Wiltshire UA,-0,NA,4814765,-1970737,-448500,-647470,-656500,439470,NA,E06000054,15910,3240,2970,5270,4430,"VOA/HMRC Valuation Office, Non-domestic rating: stock of properties, 31 March 2025 edition"
2020,2020-21,E1743,36670221,263810,-804326,Winchester,-0,NA,4027252,-1058124,-1966272,-804326,-2506788,263810,NA,E07000094,4880,800,1240,1390,1460,"VOA/HMRC Valuation Office, Non-domestic rating: stock of properties, 31 March 2025 edition"
2020,2020-21,E0305,47392921,-0,-5447546,Windsor and Maidenhead,476830,NA,8152588,-4836016,-933535,-5447546,-6381081,0,NA,E06000040,4810,1300,1370,800,1340,"VOA/HMRC Valuation Office, Non-domestic rating: stock of properties, 31 March 2025 edition"
2020,2020-21,E4305,34953454,1172095,-1325393,Wirral,-0,NA,6580916,-2637859,-3829664,-1325393,-3982962,1172095,NA,E08000015,8590,3350,1180,2000,2060,"VOA/HMRC Valuation Office, Non-domestic rating: stock of properties, 31 March 2025 edition"
2020,2020-21,E3641,28071042,-0,-828000,Woking,-13756,NA,2821206,-1661669,-1322000,-828000,-2150000,0,NA,E07000217,2700,770,730,480,720,"VOA/HMRC Valuation Office, Non-domestic rating: stock of properties, 31 March 2025 edition"
2020,2020-21,E0306,50587779,276289,-2805050,Wokingham,-0,NA,4733716,-7309387,-1081673,-2805050,-3610434,276289,NA,E06000041,4360,560,1370,1310,1130,"VOA/HMRC Valuation Office, Non-domestic rating: stock of properties, 31 March 2025 edition"
2020,2020-21,E4607,42625075,927218,-5264594,Wolverhampton,-0,NA,10628112,-2351427,-4723049,-5264594,-9060425,927218,NA,E08000031,8690,2420,1630,2930,1710,"VOA/HMRC Valuation Office, Non-domestic rating: stock of properties, 31 March 2025 edition"
2020,2020-21,E1837,18301159,87225,-726250,Worcester,-0,NA,2357430,-945395,-368169,-726250,-1007194,87225,NA,E07000237,3220,1040,680,730,770,"VOA/HMRC Valuation Office, Non-domestic rating: stock of properties, 31 March 2025 edition"
2020,2020-21,E3837,13898995,283579,-407738,Worthing,-0,NA,2366266,-452441,-1415127,-407738,-1539286,283579,NA,E07000229,3260,1290,510,470,980,"VOA/HMRC Valuation Office, Non-domestic rating: stock of properties, 31 March 2025 edition"
2020,2020-21,E1838,27541913,24956,-2732566,Wychavon,-0,NA,2770105,-366207,-359890,-2732566,-3067500,24956,NA,E07000238,5010,930,870,1710,1500,"VOA/HMRC Valuation Office, Non-domestic rating: stock of properties, 31 March 2025 edition"
2020,2020-21,E2344,11275299,39278,-405409,Wyre,-0,NA,2200334,-609698,-698786,-405409,-1064917,39278,NA,E07000128,4130,1220,400,1220,1290,"VOA/HMRC Valuation Office, Non-domestic rating: stock of properties, 31 March 2025 edition"
2020,2020-21,E1839,11886031,236484,-258598,Wyre Forest,-0,NA,1842799,-568229,-897026,-258598,-919140,236484,NA,E07000239,3590,750,710,1050,1080,"VOA/HMRC Valuation Office, Non-domestic rating: stock of properties, 31 March 2025 edition"
2020,2020-21,E2701,33278353,347783,-290964,York,-0,NA,7296957,-1088927,-2886691,-290964,-2829872,347783,NA,E06000014,6990,1850,1590,1250,2300,"VOA/HMRC Valuation Office, Non-domestic rating: stock of properties, 31 March 2025 edition"
2021,2021-22,E3831,15512972,11285,-81883,Adur,-0,NA,309080,-301897,-310679,-81883,-381277,11285,NA,E07000223,2300,470,320,620,880,"VOA/HMRC Valuation Office, Non-domestic rating: stock of properties, 31 March 2025 edition"
2021,2021-22,E0931,21324659,92350,138744,Allerdale,-0,NA,604095,-400777,-497362,138744,-266268,92350,NA,E07000026,5240,1050,440,1150,2600,"VOA/HMRC Valuation Office, Non-domestic rating: stock of properties, 31 March 2025 edition"
2021,2021-22,E1031,28834374,85396,-8196,Amber Valley,-0,NA,619631,-1892719,-696799,-8196,-619599,85396,NA,E07000032,3950,1040,560,1260,1080,"VOA/HMRC Valuation Office, Non-domestic rating: stock of properties, 31 March 2025 edition"
2021,2021-22,E3832,29417039,260737,-663737,Arun,-0,NA,1509701,-634734,-934000,-663737,-1337000,260737,NA,E07000224,4940,1360,500,1410,1660,"VOA/HMRC Valuation Office, Non-domestic rating: stock of properties, 31 March 2025 edition"
2021,2021-22,E3031,38236835,437895,-455538,Ashfield,-0,NA,1998144,-243660,-1157959,-455538,-1175602,437895,NA,E07000170,3950,980,550,1670,750,"VOA/HMRC Valuation Office, Non-domestic rating: stock of properties, 31 March 2025 edition"
2021,2021-22,E2231,42238614,195638,705904,Ashford,-0,NA,2629686,-1467651,-1621987,705904,-720445,195638,NA,E07000105,5170,970,1070,1590,1530,"VOA/HMRC Valuation Office, Non-domestic rating: stock of properties, 31 March 2025 edition"
2021,2021-22,E3531,19995695,58932,-104732,Babergh,-0,NA,890381,-835885,-420440,-104732,-466240,58932,NA,E07000200,3690,620,630,1310,1140,"VOA/HMRC Valuation Office, Non-domestic rating: stock of properties, 31 March 2025 edition"
2021,2021-22,E5030,53259410,-0,-1029000,Barking and Dagenham,-0,NA,14454469,-2977139,-9903000,-1029000,-10932000,0,NA,E09000002,4510,1450,840,1250,970,"VOA/HMRC Valuation Office, Non-domestic rating: stock of properties, 31 March 2025 edition"
2021,2021-22,E5031,85010263,-0,0,Barnet,-2264,NA,27068194,-10072689,-18273642,0,-18273642,0,NA,E09000003,8410,3500,2000,840,2070,"VOA/HMRC Valuation Office, Non-domestic rating: stock of properties, 31 March 2025 edition"
2021,2021-22,E4401,43386742,554582,-314707,Barnsley,-0,NA,1219980,-2000566,-1459855,-314707,-1219980,554582,NA,E08000016,8910,2020,1090,4170,1640,"VOA/HMRC Valuation Office, Non-domestic rating: stock of properties, 31 March 2025 edition"
2021,2021-22,E0932,17806755,-0,-242611,Barrow-in-Furness,-0,NA,2326085,-1248660,-1699202,-242611,-1941813,0,NA,E07000027,2420,780,320,610,710,"VOA/HMRC Valuation Office, Non-domestic rating: stock of properties, 31 March 2025 edition"
2021,2021-22,E1531,62240420,735662,-538162,Basildon,-0,NA,3452435,-7932580,-1932000,-538162,-1734500,735662,NA,E07000066,4940,1030,860,1970,1070,"VOA/HMRC Valuation Office, Non-domestic rating: stock of properties, 31 March 2025 edition"
2021,2021-22,E1731,64006925,31498,148502,Basingstoke and Deane,-0,NA,1271365,-2828818,-1000001,148502,-820001,31498,NA,E07000084,4620,760,1400,1160,1300,"VOA/HMRC Valuation Office, Non-domestic rating: stock of properties, 31 March 2025 edition"
2021,2021-22,E3032,43102054,620837,-46398,Bassetlaw,-0,NA,1159781,-1258159,-848836,-46398,-274397,620837,NA,E07000171,4300,970,640,1450,1250,"VOA/HMRC Valuation Office, Non-domestic rating: stock of properties, 31 March 2025 edition"
2021,2021-22,E0101,47978289,186185,-64817,Bath and North East Somerset,-0,NA,3256668,-3457882,-1164973,-64817,-1043606,186185,NA,E06000022,6680,1710,1350,1630,1990,"VOA/HMRC Valuation Office, Non-domestic rating: stock of properties, 31 March 2025 edition"
2021,2021-22,E0202,59401457,353021,-490021,Bedford UA,-0,NA,4000218,-1641298,-2870000,-490021,-3007000,353021,NA,E06000055,5600,1200,1060,1720,1620,"VOA/HMRC Valuation Office, Non-domestic rating: stock of properties, 31 March 2025 edition"
2021,2021-22,E5032,65881030,-0,1446637,Bexley,-0,NA,7358507,-2917771,-5389565,1446637,-3942928,0,NA,E09000004,5420,1840,480,1540,1570,"VOA/HMRC Valuation Office, Non-domestic rating: stock of properties, 31 March 2025 edition"
2021,2021-22,E4601,338232904,-0,-8757765,Birmingham,-3980268,NA,121090775,-35230867,-72664826,-8757765,-81422591,0,NA,E08000025,48260,11430,9440,10110,17280,"VOA/HMRC Valuation Office, Non-domestic rating: stock of properties, 31 March 2025 edition"
2021,2021-22,E2431,41959884,-0,-240771,Blaby,24884,NA,1989551,-3987367,-277436,-240771,-518207,0,NA,E07000129,2290,430,550,720,590,"VOA/HMRC Valuation Office, Non-domestic rating: stock of properties, 31 March 2025 edition"
2021,2021-22,E2301,37040979,11875,-711875,Blackburn with Darwen,-0,NA,3600329,-430911,-2472000,-711875,-3172000,11875,NA,E06000008,6900,1780,1420,2400,1300,"VOA/HMRC Valuation Office, Non-domestic rating: stock of properties, 31 March 2025 edition"
2021,2021-22,E2302,29560395,806227,-1064000,Blackpool,-0,NA,9588410,-2053932,-4636700,-1064000,-4894473,806227,NA,E06000009,6770,2360,810,1180,2420,"VOA/HMRC Valuation Office, Non-domestic rating: stock of properties, 31 March 2025 edition"
2021,2021-22,E1032,23938864,-0,-8837,Bolsover,65890,NA,626516,-1594656,-555701,-8837,-564538,0,NA,E07000033,2420,560,360,940,560,"VOA/HMRC Valuation Office, Non-domestic rating: stock of properties, 31 March 2025 edition"
2021,2021-22,E4201,73374284,574641,-1207544,Bolton,-0,NA,14932774,-3368472,-8133056,-1207544,-8765959,574641,NA,E08000001,10650,2920,1850,2940,2950,"VOA/HMRC Valuation Office, Non-domestic rating: stock of properties, 31 March 2025 edition"
2021,2021-22,E2531,16518945,254,-258277,Boston,-0,NA,1903740,-1698475,-814014,-258277,-1072037,254,NA,E07000136,2490,590,410,790,700,"VOA/HMRC Valuation Office, Non-domestic rating: stock of properties, 31 March 2025 edition"
2021,2021-22,E1204,106333983,33204,-33204,"Bournemouth, Christchurch & Poole",-0,NA,10429538,-1485645,-8906606,-33204,-8906606,33204,NA,E06000058,16010,4310,2200,2670,6830,"VOA/HMRC Valuation Office, Non-domestic rating: stock of properties, 31 March 2025 edition"
2021,2021-22,E0301,66460424,-0,-1603700,Bracknell Forest,-2050,NA,10763503,-10449586,-2106801,-1603700,-3710501,0,NA,E06000036,2680,560,940,440,740,"VOA/HMRC Valuation Office, Non-domestic rating: stock of properties, 31 March 2025 edition"
2021,2021-22,E4701,108658318,717764,-1382351,Bradford,-0,NA,13773627,-2368454,-7173349,-1382351,-7837936,717764,NA,E08000032,19620,6030,3750,6040,3800,"VOA/HMRC Valuation Office, Non-domestic rating: stock of properties, 31 March 2025 edition"
2021,2021-22,E1532,36971696,16756,210244,Braintree,-0,NA,817191,-626358,-448175,210244,-221175,16756,NA,E07000067,5040,1010,830,1960,1250,"VOA/HMRC Valuation Office, Non-domestic rating: stock of properties, 31 March 2025 edition"
2021,2021-22,E2631,29191303,170592,-95880,Breckland,-0,NA,1561608,-1769311,-582665,-95880,-507953,170592,NA,E07000143,4620,900,520,1770,1430,"VOA/HMRC Valuation Office, Non-domestic rating: stock of properties, 31 March 2025 edition"
2021,2021-22,E5033,97089720,720618,-6629786,Brent,-0,NA,26966090,-11829331,-20052826,-6629786,-25961994,720618,NA,E09000005,8960,3300,1700,2440,1520,"VOA/HMRC Valuation Office, Non-domestic rating: stock of properties, 31 March 2025 edition"
2021,2021-22,E1533,16753168,-0,0,Brentwood,255288,NA,2739896,-2782126,-1378214,0,-1378214,0,NA,E07000068,2550,610,650,630,660,"VOA/HMRC Valuation Office, Non-domestic rating: stock of properties, 31 March 2025 edition"
2021,2021-22,E1401,83823165,583832,62691,Brighton and Hove,95061,NA,11421089,-5154286,-7261502,62691,-6614979,583832,NA,E06000043,11580,3250,2610,1460,4260,"VOA/HMRC Valuation Office, Non-domestic rating: stock of properties, 31 March 2025 edition"
2021,2021-22,E0102,181924089,103752,-8698106,Bristol,-0,NA,27749026,-8750339,-8724104,-8698106,-17318458,103752,NA,E06000023,16670,4600,4450,3790,3830,"VOA/HMRC Valuation Office, Non-domestic rating: stock of properties, 31 March 2025 edition"
2021,2021-22,E2632,23438670,262161,-146343,Broadland,-0,NA,686175,-2506927,-486514,-146343,-370696,262161,NA,E07000144,3770,610,430,1350,1380,"VOA/HMRC Valuation Office, Non-domestic rating: stock of properties, 31 March 2025 edition"
2021,2021-22,E5034,67265591,613368,-725350,Bromley,-0,NA,6930376,-4871273,-2115240,-725350,-2227222,613368,NA,E09000006,7530,2870,1460,1070,2130,"VOA/HMRC Valuation Office, Non-domestic rating: stock of properties, 31 March 2025 edition"
2021,2021-22,E1831,21055705,57850,-160000,Bromsgrove,-0,NA,2392164,-643094,-1038011,-160000,-1140161,57850,NA,E07000234,3520,630,830,1060,1000,"VOA/HMRC Valuation Office, Non-domestic rating: stock of properties, 31 March 2025 edition"
2021,2021-22,E1931,31242074,-1334,-316038,Broxbourne,-0,NA,2844270,-937484,-1998631,-316038,-2316003,-1334,NA,E07000095,2330,710,360,760,490,"VOA/HMRC Valuation Office, Non-domestic rating: stock of properties, 31 March 2025 edition"
2021,2021-22,E3033,23890439,50507,-60507,Broxtowe,-0,NA,1721972,-1270886,-470000,-60507,-480000,50507,NA,E07000172,2690,900,420,680,680,"VOA/HMRC Valuation Office, Non-domestic rating: stock of properties, 31 March 2025 edition"
2021,2021-22,E0402,152828624,199428,-2400420,Buckinghamshire UA,-29490,NA,10955843,-6782579,-6262824,-2400420,-8463816,199428,NA,E06000060,15420,3400,3710,4460,3850,"VOA/HMRC Valuation Office, Non-domestic rating: stock of properties, 31 March 2025 edition"
2021,2021-22,E2333,23332574,407363,192441,Burnley,-30166,NA,3032869,-1784651,-2480750,192441,-1880946,407363,NA,E07000117,5420,1150,840,2610,820,"VOA/HMRC Valuation Office, Non-domestic rating: stock of properties, 31 March 2025 edition"
2021,2021-22,E4202,39424018,179997,-679935,Bury,-0,NA,10986238,-2828402,-6493178,-679935,-6993116,179997,NA,E08000002,6350,1820,1390,1670,1460,"VOA/HMRC Valuation Office, Non-domestic rating: stock of properties, 31 March 2025 edition"
2021,2021-22,E4702,47256356,-1004,394815,Calderdale,-0,NA,8377744,-2799093,-7022849,394815,-6629038,-1004,NA,E08000033,9780,2260,1820,3620,2080,"VOA/HMRC Valuation Office, Non-domestic rating: stock of properties, 31 March 2025 edition"
2021,2021-22,E0531,88063079,348794,-863164,Cambridge,-0,NA,5551735,-4581517,-2889226,-863164,-3403596,348794,NA,E07000008,4460,1140,1330,500,1490,"VOA/HMRC Valuation Office, Non-domestic rating: stock of properties, 31 March 2025 edition"
2021,2021-22,E5011,519884421,2376656,-901730,Camden,-1421786,NA,51666940,-49303166,-20903180,-901730,-19428254,2376656,NA,E09000007,19220,3740,9480,1200,4800,"VOA/HMRC Valuation Office, Non-domestic rating: stock of properties, 31 March 2025 edition"
2021,2021-22,E3431,29525039,61363,-31755,Cannock Chase,-0,NA,2600005,-1388715,-1512198,-31755,-1482590,61363,NA,E07000192,3560,950,610,1250,750,"VOA/HMRC Valuation Office, Non-domestic rating: stock of properties, 31 March 2025 edition"
2021,2021-22,E2232,41332370,-117,-475154,Canterbury,-0,NA,4528855,-1921131,-1501709,-475154,-1976980,-117,NA,E07000106,6220,1370,940,1300,2620,"VOA/HMRC Valuation Office, Non-domestic rating: stock of properties, 31 March 2025 edition"
2021,2021-22,E0933,35070477,422862,-233577,Carlisle,-0,NA,1542518,-514067,-614950,-233577,-425665,422862,NA,E07000028,4750,1100,840,1370,1450,"VOA/HMRC Valuation Office, Non-domestic rating: stock of properties, 31 March 2025 edition"
2021,2021-22,E1534,12385099,3937,-492721,Castle Point,-0,NA,1482122,-840242,-442844,-492721,-931628,3937,NA,E07000069,2020,670,200,690,450,"VOA/HMRC Valuation Office, Non-domestic rating: stock of properties, 31 March 2025 edition"
2021,2021-22,E0203,78372059,367116,-170457,Central Bedfordshire,-475432,NA,4420019,-1311046,-842547,-170457,-645888,367116,NA,E06000056,7280,1540,1380,2430,1930,"VOA/HMRC Valuation Office, Non-domestic rating: stock of properties, 31 March 2025 edition"
2021,2021-22,E2432,41886185,230722,-371237,Charnwood,-0,NA,2236040,-882449,-986020,-371237,-1126535,230722,NA,E07000130,4840,1270,770,1670,1130,"VOA/HMRC Valuation Office, Non-domestic rating: stock of properties, 31 March 2025 edition"
2021,2021-22,E1535,65166902,858324,-1091512,Chelmsford,-0,NA,5622997,-3061189,-3201089,-1091512,-3434277,858324,NA,E07000070,5230,1150,1270,1580,1240,"VOA/HMRC Valuation Office, Non-domestic rating: stock of properties, 31 March 2025 edition"
2021,2021-22,E1631,43201218,144306,0,Cheltenham,-0,NA,2088711,-724766,-897421,0,-753115,144306,NA,E07000078,4020,1130,1260,750,880,"VOA/HMRC Valuation Office, Non-domestic rating: stock of properties, 31 March 2025 edition"
2021,2021-22,E3131,75828652,-0,-797204,Cherwell,238929,NA,2946799,-4954193,-983843,-797204,-1781047,0,NA,E07000177,5150,1180,1210,1490,1260,"VOA/HMRC Valuation Office, Non-domestic rating: stock of properties, 31 March 2025 edition"
2021,2021-22,E0603,120316276,531106,-817055,Cheshire East,-0,NA,11650957,-2410924,-3171288,-817055,-3457237,531106,NA,E06000049,15150,3340,3820,3490,4510,"VOA/HMRC Valuation Office, Non-domestic rating: stock of properties, 31 March 2025 edition"
2021,2021-22,E0604,128445312,289053,1141787,Cheshire West and Chester,-0,NA,5987435,-4890559,-6510444,1141787,-5079604,289053,NA,E06000050,12200,3110,2490,3380,3210,"VOA/HMRC Valuation Office, Non-domestic rating: stock of properties, 31 March 2025 edition"
2021,2021-22,E1033,32841254,63274,-67274,Chesterfield,-0,NA,2077160,-1610940,-647000,-67274,-651000,63274,NA,E07000034,4300,1040,810,1600,850,"VOA/HMRC Valuation Office, Non-domestic rating: stock of properties, 31 March 2025 edition"
2021,2021-22,E3833,34793986,165989,-57000,Chichester,-0,NA,1907158,-1586378,-868217,-57000,-759228,165989,NA,E07000225,5420,1120,820,1630,1850,"VOA/HMRC Valuation Office, Non-domestic rating: stock of properties, 31 March 2025 edition"
2021,2021-22,E2334,19696670,119522,-18601,Chorley,-0,NA,1223865,-2307941,-1189305,-18601,-1088384,119522,NA,E07000118,3660,930,690,1100,930,"VOA/HMRC Valuation Office, Non-domestic rating: stock of properties, 31 March 2025 edition"
2021,2021-22,E5010,1079934240,1908843,8439093,City of London,-0,NA,65447381,-123130401,-40347832,8439093,-29999896,1908843,NA,E09000001,22560,1290,15840,1950,3480,"VOA/HMRC Valuation Office, Non-domestic rating: stock of properties, 31 March 2025 edition"
2021,2021-22,E1536,49873469,56,-1318155,Colchester,-0,NA,4889638,-3904299,-1714880,-1318155,-3032979,56,NA,E07000071,6130,1280,1350,1350,2150,"VOA/HMRC Valuation Office, Non-domestic rating: stock of properties, 31 March 2025 edition"
2021,2021-22,E0934,37399640,55635,-116250,Copeland,-0,NA,1516051,-453890,-256673,-116250,-317288,55635,NA,E07000029,2560,540,340,540,1140,"VOA/HMRC Valuation Office, Non-domestic rating: stock of properties, 31 March 2025 edition"
2021,2021-22,E0801,117475898,714609,202391,Cornwall UA,-0,NA,8148744,-5331016,-5794000,202391,-4877000,714609,NA,E06000052,34930,5850,2940,7550,18590,"VOA/HMRC Valuation Office, Non-domestic rating: stock of properties, 31 March 2025 edition"
2021,2021-22,E1632,24200803,13450,59760,Cotswold,-0,NA,4170477,-520074,-863110,59760,-789900,13450,NA,E07000079,5150,920,820,1470,1940,"VOA/HMRC Valuation Office, Non-domestic rating: stock of properties, 31 March 2025 edition"
2021,2021-22,E4602,104391266,263538,340009,Coventry,-0,NA,9499354,-3297407,-5220839,340009,-4617292,263538,NA,E08000026,8860,2640,1690,2230,2300,"VOA/HMRC Valuation Office, Non-domestic rating: stock of properties, 31 March 2025 edition"
2021,2021-22,E2731,12017897,63112,-17451,Craven,-0,NA,1226555,-226483,-279471,-17451,-233810,63112,NA,E07000163,3450,710,410,780,1550,"VOA/HMRC Valuation Office, Non-domestic rating: stock of properties, 31 March 2025 edition"
2021,2021-22,E3834,113860472,16379,-121671,Crawley,-0,NA,3062253,-3713744,-2142006,-121671,-2247298,16379,NA,E07000226,3830,620,1250,850,1120,"VOA/HMRC Valuation Office, Non-domestic rating: stock of properties, 31 March 2025 edition"
2021,2021-22,E5035,96791967,724,2521230,Croydon,-22559,NA,17322486,-8503744,-14330494,2521230,-11808540,724,NA,E09000008,9080,3480,2010,1320,2270,"VOA/HMRC Valuation Office, Non-domestic rating: stock of properties, 31 March 2025 edition"
2021,2021-22,E1932,57728580,78922,-1643329,Dacorum,-0,NA,7496862,-1397570,-3029848,-1643329,-4594255,78922,NA,E07000096,4530,940,1260,1070,1260,"VOA/HMRC Valuation Office, Non-domestic rating: stock of properties, 31 March 2025 edition"
2021,2021-22,E1301,25547624,64786,-400000,Darlington,-0,NA,1802019,-3735129,-466747,-400000,-801961,64786,NA,E06000005,3900,1120,810,1120,860,"VOA/HMRC Valuation Office, Non-domestic rating: stock of properties, 31 March 2025 edition"
2021,2021-22,E2233,65684227,588439,-1331817,Dartford,-0,NA,7329921,-4738117,-5098815,-1331817,-5842193,588439,NA,E07000107,3240,920,680,720,910,"VOA/HMRC Valuation Office, Non-domestic rating: stock of properties, 31 March 2025 edition"
2021,2021-22,E1001,75063520,1895186,-119237,Derby,-0,NA,6586009,-2036979,-5454769,-119237,-3678820,1895186,NA,E06000015,8840,2290,2020,2680,1860,"VOA/HMRC Valuation Office, Non-domestic rating: stock of properties, 31 March 2025 edition"
2021,2021-22,E1035,13935190,60968,240934,Derbyshire Dales,-0,NA,1146187,-645306,-361313,240934,-59411,60968,NA,E07000035,4470,860,440,1060,2120,"VOA/HMRC Valuation Office, Non-domestic rating: stock of properties, 31 March 2025 edition"
2021,2021-22,E4402,82201559,516638,-403075,Doncaster,3104,NA,7765088,-4505821,-3807242,-403075,-3693679,516638,NA,E08000017,9720,2990,1610,2850,2280,"VOA/HMRC Valuation Office, Non-domestic rating: stock of properties, 31 March 2025 edition"
2021,2021-22,E1203,77542821,163915,-56226,Dorset Council,-0,NA,11650355,-2841617,-9613897,-56226,-9506208,163915,NA,E06000059,17720,3280,1990,5250,7200,"VOA/HMRC Valuation Office, Non-domestic rating: stock of properties, 31 March 2025 edition"
2021,2021-22,E2234,39844103,-0,55443,Dover,-0,NA,3870444,-1215030,-3183480,55443,-3128037,0,NA,E07000108,4170,910,810,950,1510,"VOA/HMRC Valuation Office, Non-domestic rating: stock of properties, 31 March 2025 edition"
2021,2021-22,E4603,74816560,992539,-49714,Dudley,-0,NA,6184643,-393219,-6609825,-49714,-5667000,992539,NA,E08000027,10660,2810,1750,3800,2310,"VOA/HMRC Valuation Office, Non-domestic rating: stock of properties, 31 March 2025 edition"
2021,2021-22,E1302,96678078,329293,298513,Durham UA,-0,NA,5761610,-5177367,-5024279,298513,-4396473,329293,NA,E06000047,15870,4260,2420,4270,4930,"VOA/HMRC Valuation Office, Non-domestic rating: stock of properties, 31 March 2025 edition"
2021,2021-22,E5036,121055357,-88372,-3703746,Ealing,-4432,NA,33040197,-12191940,-20421948,-3703746,-24214066,-88372,NA,E09000009,10910,3710,2120,3010,2070,"VOA/HMRC Valuation Office, Non-domestic rating: stock of properties, 31 March 2025 edition"
2021,2021-22,E0532,19132397,61635,-172470,East Cambridgeshire,-0,NA,1588500,-1174977,-333156,-172470,-443991,61635,NA,E07000009,2460,400,410,810,840,"VOA/HMRC Valuation Office, Non-domestic rating: stock of properties, 31 March 2025 edition"
2021,2021-22,E1131,27394670,30751,-39494,East Devon,-21494,NA,1438836,-2183104,-252984,-39494,-261727,30751,NA,E07000040,7110,1290,640,1990,3190,"VOA/HMRC Valuation Office, Non-domestic rating: stock of properties, 31 March 2025 edition"
2021,2021-22,E1732,24670451,102780,-170083,East Hampshire,-0,NA,1890804,-976393,-569901,-170083,-637204,102780,NA,E07000085,4090,820,750,1540,970,"VOA/HMRC Valuation Office, Non-domestic rating: stock of properties, 31 March 2025 edition"
2021,2021-22,E1933,34585562,134253,-24047,East Hertfordshire,-0,NA,2463143,-1734515,-2582261,-24047,-2472055,134253,NA,E07000242,4910,990,1000,1560,1360,"VOA/HMRC Valuation Office, Non-domestic rating: stock of properties, 31 March 2025 edition"
2021,2021-22,E2532,25787643,14294,-265294,East Lindsey,-0,NA,4760029,-1040832,-3420000,-265294,-3671000,14294,NA,E07000137,7400,1670,510,1750,3470,"VOA/HMRC Valuation Office, Non-domestic rating: stock of properties, 31 March 2025 edition"
2021,2021-22,E2001,97645176,75439,-1177205,East Riding of Yorkshire,-0,NA,7065229,-2537748,-3133786,-1177205,-4235552,75439,NA,E06000011,12090,2930,1640,3220,4300,"VOA/HMRC Valuation Office, Non-domestic rating: stock of properties, 31 March 2025 edition"
2021,2021-22,E3432,50187725,129012,565988,East Staffordshire,-0,NA,3323951,-2943714,-2839000,565988,-2144000,129012,NA,E07000193,4140,1120,690,1300,1030,"VOA/HMRC Valuation Office, Non-domestic rating: stock of properties, 31 March 2025 edition"
2021,2021-22,E3538,83873177,99916,181393,East Suffolk,-0,NA,4793455,-2705523,-3501137,181393,-3219828,99916,NA,E07000244,12870,2220,1540,2410,6710,"VOA/HMRC Valuation Office, Non-domestic rating: stock of properties, 31 March 2025 edition"
2021,2021-22,E1432,26435280,124066,-118285,Eastbourne,-0,NA,2919687,-3599924,-939529,-118285,-933748,124066,NA,E07000061,3210,1100,530,540,1040,"VOA/HMRC Valuation Office, Non-domestic rating: stock of properties, 31 March 2025 edition"
2021,2021-22,E1733,47123320,153127,357445,Eastleigh,-0,NA,2231885,-559080,-1533173,357445,-1022601,153127,NA,E07000086,3230,720,720,1000,790,"VOA/HMRC Valuation Office, Non-domestic rating: stock of properties, 31 March 2025 edition"
2021,2021-22,E0935,15636842,12541,-81236,Eden,-0,NA,1077471,-1037958,-67799,-81236,-136494,12541,NA,E07000030,3600,520,320,860,1900,"VOA/HMRC Valuation Office, Non-domestic rating: stock of properties, 31 March 2025 edition"
2021,2021-22,E3631,48339137,172614,-109558,Elmbridge,-0,NA,2559636,-3272624,-1569569,-109558,-1506513,172614,NA,E07000207,3870,1180,1010,620,1070,"VOA/HMRC Valuation Office, Non-domestic rating: stock of properties, 31 March 2025 edition"
2021,2021-22,E5037,94396603,1116003,415328,Enfield,-0,NA,20226399,-6412739,-13457442,415328,-11926111,1116003,NA,E09000010,7050,2700,1080,1680,1600,"VOA/HMRC Valuation Office, Non-domestic rating: stock of properties, 31 March 2025 edition"
2021,2021-22,E1537,28932801,4893,-719743,Epping Forest,-0,NA,3847813,-1771910,-1230792,-719743,-1945642,4893,NA,E07000072,4460,940,960,1540,1020,"VOA/HMRC Valuation Office, Non-domestic rating: stock of properties, 31 March 2025 edition"
2021,2021-22,E3632,18696760,-122582,267095,Epsom and Ewell,-0,NA,735204,-1112868,-328554,267095,-184041,-122582,NA,E07000208,1760,600,370,230,560,"VOA/HMRC Valuation Office, Non-domestic rating: stock of properties, 31 March 2025 edition"
2021,2021-22,E1036,20467035,40340,-139664,Erewash,-0,NA,2280544,-810048,-590500,-139664,-689824,40340,NA,E07000036,3640,950,470,1490,730,"VOA/HMRC Valuation Office, Non-domestic rating: stock of properties, 31 March 2025 edition"
2021,2021-22,E1132,56063203,-0,70000,Exeter,-4273,NA,1789846,-4161716,-1090000,70000,-1020000,0,NA,E07000041,5060,1190,1460,940,1460,"VOA/HMRC Valuation Office, Non-domestic rating: stock of properties, 31 March 2025 edition"
2021,2021-22,E1734,36865440,130607,-94140,Fareham,-0,NA,1648955,-941698,-812433,-94140,-775966,130607,NA,E07000087,3320,680,740,1020,880,"VOA/HMRC Valuation Office, Non-domestic rating: stock of properties, 31 March 2025 edition"
2021,2021-22,E0533,25973772,243079,-1759580,Fenland,-0,NA,5318775,-712961,-1210441,-1759580,-2726942,243079,NA,E07000010,3140,800,420,1100,810,"VOA/HMRC Valuation Office, Non-domestic rating: stock of properties, 31 March 2025 edition"
2021,2021-22,E2240,19319274,90467,-95656,Folkestone & Hythe,12,NA,1614125,-2194446,-438450,-95656,-443639,90467,NA,E07000112,3880,1060,600,950,1280,"VOA/HMRC Valuation Office, Non-domestic rating: stock of properties, 31 March 2025 edition"
2021,2021-22,E1633,10489352,-0,14000,Forest of Dean,-0,NA,593550,-281574,-300250,14000,-286250,0,NA,E07000080,3400,560,370,1390,1080,"VOA/HMRC Valuation Office, Non-domestic rating: stock of properties, 31 March 2025 edition"
2021,2021-22,E2335,17664684,504777,57338,Fylde,-0,NA,2740439,-2173611,-1966601,57338,-1404486,504777,NA,E07000119,3020,840,520,800,870,"VOA/HMRC Valuation Office, Non-domestic rating: stock of properties, 31 March 2025 edition"
2021,2021-22,E4501,70435211,434287,-1484287,Gateshead,-0,NA,8755044,-2125008,-3025000,-1484287,-4075000,434287,NA,E08000037,6820,1780,1580,2200,1260,"VOA/HMRC Valuation Office, Non-domestic rating: stock of properties, 31 March 2025 edition"
2021,2021-22,E3034,18821638,86794,-56266,Gedling,-0,NA,1307027,-724878,-550577,-56266,-520049,86794,NA,E07000173,2590,770,340,790,690,"VOA/HMRC Valuation Office, Non-domestic rating: stock of properties, 31 March 2025 edition"
2021,2021-22,E1634,45032000,235501,124738,Gloucester,-0,NA,2626494,-2522387,-1002468,124738,-642229,235501,NA,E07000081,4250,1090,1140,1130,890,"VOA/HMRC Valuation Office, Non-domestic rating: stock of properties, 31 March 2025 edition"
2021,2021-22,E1735,14143762,949,60651,Gosport,-0,NA,1593395,-165321,-1343500,60651,-1281900,949,NA,E07000088,2030,630,210,690,500,"VOA/HMRC Valuation Office, Non-domestic rating: stock of properties, 31 March 2025 edition"
2021,2021-22,E2236,21545589,-1368322,-565403,Gravesham,16,NA,3895900,-406797,-1149658,-565403,-3083383,-1368322,NA,E07000109,2300,770,310,550,670,"VOA/HMRC Valuation Office, Non-domestic rating: stock of properties, 31 March 2025 edition"
2021,2021-22,E2633,21638073,86288,-88549,Great Yarmouth,-0,NA,1805163,-2938962,-647066,-88549,-649327,86288,NA,E07000145,5320,1060,470,1230,2550,"VOA/HMRC Valuation Office, Non-domestic rating: stock of properties, 31 March 2025 edition"
2021,2021-22,E5012,77429419,376,-853277,Greenwich,-0,NA,12416042,-5421080,-8300970,-853277,-9153871,376,NA,E09000011,5810,2100,870,1430,1410,"VOA/HMRC Valuation Office, Non-domestic rating: stock of properties, 31 March 2025 edition"
2021,2021-22,E3633,66844028,-0,-800000,Guildford,-0,NA,7070516,-4477885,-4300000,-800000,-5100000,0,NA,E07000209,4480,890,1330,870,1380,"VOA/HMRC Valuation Office, Non-domestic rating: stock of properties, 31 March 2025 edition"
2021,2021-22,E5013,133233787,7,-1121743,Hackney,-0,NA,132301850,-38355612,-63050836,-1121743,-64172572,7,NA,E09000012,12250,2930,4520,2850,1950,"VOA/HMRC Valuation Office, Non-domestic rating: stock of properties, 31 March 2025 edition"
2021,2021-22,E0601,51906195,194792,-1019145,Halton,-0,NA,7232777,-292337,-5648058,-1019145,-6472411,194792,NA,E06000006,3760,920,750,1250,850,"VOA/HMRC Valuation Office, Non-domestic rating: stock of properties, 31 March 2025 edition"
2021,2021-22,E2732,23309834,115840,-259323,Hambleton,-0,NA,1760005,-1646091,-770172,-259323,-913655,115840,NA,E07000164,4440,750,730,1450,1510,"VOA/HMRC Valuation Office, Non-domestic rating: stock of properties, 31 March 2025 edition"
2021,2021-22,E5014,177541211,-0,0,Hammersmith and Fulham,264734,NA,67661982,-45365129,-51009342,0,-51009342,0,NA,E09000013,9920,2830,3540,880,2670,"VOA/HMRC Valuation Office, Non-domestic rating: stock of properties, 31 March 2025 edition"
2021,2021-22,E2433,39096968,260354,108800,Harborough,-0,NA,765606,-1160176,-483574,108800,-114420,260354,NA,E07000131,3190,590,720,920,960,"VOA/HMRC Valuation Office, Non-domestic rating: stock of properties, 31 March 2025 edition"
2021,2021-22,E5038,50629598,755661,185352,Haringey,-0,NA,18407038,-9920170,-17793455,185352,-16852442,755661,NA,E09000014,7210,2940,1040,1860,1360,"VOA/HMRC Valuation Office, Non-domestic rating: stock of properties, 31 March 2025 edition"
2021,2021-22,E1538,34804726,-0,-311114,Harlow,-0,NA,7680368,-1176972,-3221570,-311114,-3532684,0,NA,E07000073,2420,520,490,840,570,"VOA/HMRC Valuation Office, Non-domestic rating: stock of properties, 31 March 2025 edition"
2021,2021-22,E2753,47112482,85641,53923,Harrogate,-0,NA,5544664,-5325342,-3092613,53923,-2953049,85641,NA,E07000165,7630,1540,1750,1990,2360,"VOA/HMRC Valuation Office, Non-domestic rating: stock of properties, 31 March 2025 edition"
2021,2021-22,E5039,36036951,610323,99022,Harrow,-0,NA,7227234,-5324735,-6228291,99022,-5518946,610323,NA,E09000015,5540,2050,1630,640,1220,"VOA/HMRC Valuation Office, Non-domestic rating: stock of properties, 31 March 2025 edition"
2021,2021-22,E1736,22658601,5824,-368429,Hart,-0,NA,4424763,-1944026,-1950170,-368429,-2312775,5824,NA,E07000089,2340,510,590,610,630,"VOA/HMRC Valuation Office, Non-domestic rating: stock of properties, 31 March 2025 edition"
2021,2021-22,E0701,27462454,338203,-239916,Hartlepool,-0,NA,5289055,-1717114,-3580355,-239916,-3482068,338203,NA,E06000001,2950,920,500,820,720,"VOA/HMRC Valuation Office, Non-domestic rating: stock of properties, 31 March 2025 edition"
2021,2021-22,E1433,17763060,266323,-289713,Hastings,-0,NA,3104815,-763955,-2737106,-289713,-2760496,266323,NA,E07000062,3640,1080,450,900,1210,"VOA/HMRC Valuation Office, Non-domestic rating: stock of properties, 31 March 2025 edition"
2021,2021-22,E1737,27023275,-0,-343438,Havant,-0,NA,2511124,-1821243,-616262,-343438,-959700,0,NA,E07000090,3350,970,520,750,1110,"VOA/HMRC Valuation Office, Non-domestic rating: stock of properties, 31 March 2025 edition"
2021,2021-22,E5040,63841790,621534,-1425764,Havering,-0,NA,3302877,-5526683,-1607955,-1425764,-2412185,621534,NA,E09000016,6040,2240,850,1520,1430,"VOA/HMRC Valuation Office, Non-domestic rating: stock of properties, 31 March 2025 edition"
2021,2021-22,E1801,33558899,148874,-678468,Herefordshire,-0,NA,3482870,-4905431,-1669607,-678468,-2199201,148874,NA,E06000019,8480,1650,1370,2620,2840,"VOA/HMRC Valuation Office, Non-domestic rating: stock of properties, 31 March 2025 edition"
2021,2021-22,E1934,34823963,86944,-895391,Hertsmere,-0,NA,4201372,-5673918,-2337749,-895391,-3146196,86944,NA,E07000098,3250,710,980,760,810,"VOA/HMRC Valuation Office, Non-domestic rating: stock of properties, 31 March 2025 edition"
2021,2021-22,E1037,24204459,289682,-53168,High Peak,-0,NA,669963,-583604,-753032,-53168,-516518,289682,NA,E07000037,3740,930,470,1140,1210,"VOA/HMRC Valuation Office, Non-domestic rating: stock of properties, 31 March 2025 edition"
2021,2021-22,E5041,335101171,-0,149031,Hillingdon,486138,NA,23233428,-9335677,-5847094,149031,-5698063,0,NA,E09000017,8950,2680,2580,1800,1900,"VOA/HMRC Valuation Office, Non-domestic rating: stock of properties, 31 March 2025 edition"
2021,2021-22,E2434,32205948,253486,-318955,Hinckley and Bosworth,948998,NA,1645615,-453072,-253486,-318955,-318955,253486,NA,E07000132,3230,740,480,1240,780,"VOA/HMRC Valuation Office, Non-domestic rating: stock of properties, 31 March 2025 edition"
2021,2021-22,E3835,36061826,175118,175427,Horsham,-0,NA,1910726,-1150184,-1365530,175427,-1014985,175118,NA,E07000227,4960,860,890,1830,1380,"VOA/HMRC Valuation Office, Non-domestic rating: stock of properties, 31 March 2025 edition"
2021,2021-22,E5042,162107459,473897,-1473897,Hounslow,-0,NA,17002574,-21018119,-7600000,-1473897,-8600000,473897,NA,E09000018,7610,2040,2090,1580,1910,"VOA/HMRC Valuation Office, Non-domestic rating: stock of properties, 31 March 2025 edition"
2021,2021-22,E0551,55599804,433104,-128318,Huntingdonshire,-0,NA,777200,-95688,-610388,-128318,-305602,433104,NA,E07000011,5500,1020,1080,1820,1580,"VOA/HMRC Valuation Office, Non-domestic rating: stock of properties, 31 March 2025 edition"
2021,2021-22,E2336,17318289,431831,457421,Hyndburn,-5236,NA,2800129,-1151601,-3035139,457421,-2145887,431831,NA,E07000120,3420,1080,390,1250,700,"VOA/HMRC Valuation Office, Non-domestic rating: stock of properties, 31 March 2025 edition"
2021,2021-22,E3533,45385561,508804,-203189,Ipswich,-0,NA,2931818,-1216874,-1726826,-203189,-1421211,508804,NA,E07000202,4650,1270,1190,900,1300,"VOA/HMRC Valuation Office, Non-domestic rating: stock of properties, 31 March 2025 edition"
2021,2021-22,E2101,27098604,187517,168397,Isle of Wight,-0,NA,2152822,-3499953,-1805934,168397,-1450020,187517,NA,E06000046,7490,1620,650,1760,3470,"VOA/HMRC Valuation Office, Non-domestic rating: stock of properties, 31 March 2025 edition"
2021,2021-22,E4001,729596,-0,-3995,Isles of Scilly,-0,NA,108555,-12691,-75822,-3995,-79817,0,NA,E06000053,510,50,20,90,360,"VOA/HMRC Valuation Office, Non-domestic rating: stock of properties, 31 March 2025 edition"
2021,2021-22,E5015,241625108,2773041,-1006094,Islington,257867,NA,24789835,-36073683,-24988982,-1006094,-23222035,2773041,NA,E09000019,12510,3020,5470,1460,2560,"VOA/HMRC Valuation Office, Non-domestic rating: stock of properties, 31 March 2025 edition"
2021,2021-22,E5016,214418517,-26376,1489418,Kensington and Chelsea,-0,NA,57240570,-19628564,-40950942,1489418,-39487900,-26376,NA,E09000020,9360,3160,3140,820,2240,"VOA/HMRC Valuation Office, Non-domestic rating: stock of properties, 31 March 2025 edition"
2021,2021-22,E2634,37277551,34922,-99084,Kings Lynn and West Norfolk,-0,NA,1300830,-572951,-583152,-99084,-647314,34922,NA,E07000146,6520,1220,590,1590,3130,"VOA/HMRC Valuation Office, Non-domestic rating: stock of properties, 31 March 2025 edition"
2021,2021-22,E2002,66810612,-0,0,Kingston upon Hull,-0,NA,9691123,-1275172,-3369022,0,-3369022,0,NA,E06000010,9310,2850,1740,2660,2060,"VOA/HMRC Valuation Office, Non-domestic rating: stock of properties, 31 March 2025 edition"
2021,2021-22,E5043,59406837,424631,911309,Kingston upon Thames,7862,NA,8274559,-942582,-8823915,911309,-7487975,424631,NA,E09000021,4700,1520,1360,730,1100,"VOA/HMRC Valuation Office, Non-domestic rating: stock of properties, 31 March 2025 edition"
2021,2021-22,E4703,80809044,346968,3727629,Kirklees,-0,NA,9189837,-2204556,-11294055,3727629,-7219458,346968,NA,E08000034,16350,4330,2860,5780,3370,"VOA/HMRC Valuation Office, Non-domestic rating: stock of properties, 31 March 2025 edition"
2021,2021-22,E4301,43030245,2,1511398,Knowsley,-0,NA,6580758,-4659556,-5838929,1511398,-4327529,2,NA,E08000011,3240,910,460,1150,720,"VOA/HMRC Valuation Office, Non-domestic rating: stock of properties, 31 March 2025 edition"
2021,2021-22,E5017,137648425,377825,-758590,Lambeth,-0,NA,23950508,-17868483,-2400000,-758590,-2780765,377825,NA,E09000022,9140,3110,1990,2000,2030,"VOA/HMRC Valuation Office, Non-domestic rating: stock of properties, 31 March 2025 edition"
2021,2021-22,E2337,60260122,169547,-162147,Lancaster,-0,NA,2067036,-459584,-561203,-162147,-553803,169547,NA,E07000121,5310,1460,830,1380,1650,"VOA/HMRC Valuation Office, Non-domestic rating: stock of properties, 31 March 2025 edition"
2021,2021-22,E4704,304282063,1988279,-11109777,Leeds,-0,NA,25761375,-8852539,-17771000,-11109777,-26892498,1988279,NA,E08000035,31620,7140,8360,7910,8210,"VOA/HMRC Valuation Office, Non-domestic rating: stock of properties, 31 March 2025 edition"
2021,2021-22,E2401,89458609,969232,810389,Leicester,-0,NA,13558936,-2767417,-7386504,810389,-5606883,969232,NA,E06000016,12840,3840,2080,4350,2570,"VOA/HMRC Valuation Office, Non-domestic rating: stock of properties, 31 March 2025 edition"
2021,2021-22,E1435,19674042,42297,-153257,Lewes,-0,NA,2488216,-3726135,-747341,-153257,-858301,42297,NA,E07000063,3750,750,710,1300,1000,"VOA/HMRC Valuation Office, Non-domestic rating: stock of properties, 31 March 2025 edition"
2021,2021-22,E5018,51763630,1235027,-916300,Lewisham,-0,NA,7345533,-12409124,-7134580,-916300,-6815853,1235027,NA,E09000023,6440,2740,840,1410,1450,"VOA/HMRC Valuation Office, Non-domestic rating: stock of properties, 31 March 2025 edition"
2021,2021-22,E3433,31023990,36879,-531905,Lichfield,-0,NA,1353083,-2216035,-531955,-531905,-1026981,36879,NA,E07000194,3090,690,630,960,810,"VOA/HMRC Valuation Office, Non-domestic rating: stock of properties, 31 March 2025 edition"
2021,2021-22,E2533,33168398,126124,-62294,Lincoln,-0,NA,784170,-2341228,-377489,-62294,-313660,126124,NA,E07000138,3600,1100,860,680,960,"VOA/HMRC Valuation Office, Non-domestic rating: stock of properties, 31 March 2025 edition"
2021,2021-22,E4302,144449918,-0,-6651654,Liverpool,-0,NA,50221901,-16572792,-38430347,-6651654,-45082001,0,NA,E08000012,20630,5840,4740,4410,5650,"VOA/HMRC Valuation Office, Non-domestic rating: stock of properties, 31 March 2025 edition"
2021,2021-22,E0201,54103331,-0,-593834,Luton,-0,NA,19754383,-5657509,-16105580,-593834,-16699414,0,NA,E06000032,5800,1740,1260,1430,1370,"VOA/HMRC Valuation Office, Non-domestic rating: stock of properties, 31 March 2025 edition"
2021,2021-22,E2237,43492747,151756,-162473,Maidstone,-0,NA,4875321,-4268430,-3216160,-162473,-3226877,151756,NA,E07000110,5230,1040,1310,1370,1510,"VOA/HMRC Valuation Office, Non-domestic rating: stock of properties, 31 March 2025 edition"
2021,2021-22,E1539,12282691,9873,107115,Maldon,-934,NA,943316,-204210,-540988,107115,-424000,9873,NA,E07000074,2510,450,360,980,730,"VOA/HMRC Valuation Office, Non-domestic rating: stock of properties, 31 March 2025 edition"
2021,2021-22,E1851,12413950,32233,233713,Malvern Hills,-0,NA,541207,-172799,-453069,233713,-187123,32233,NA,E07000235,2960,550,470,940,1010,"VOA/HMRC Valuation Office, Non-domestic rating: stock of properties, 31 March 2025 edition"
2021,2021-22,E4203,280006124,3035444,-3083155,Manchester,-0,NA,52230561,-28142262,-45909334,-3083155,-45957045,3035444,NA,E08000003,27220,5760,8570,4620,8280,"VOA/HMRC Valuation Office, Non-domestic rating: stock of properties, 31 March 2025 edition"
2021,2021-22,E3035,23491542,135956,-54184,Mansfield,-0,NA,212399,-298409,-1363179,-54184,-1281407,135956,NA,E07000174,3330,930,660,1000,740,"VOA/HMRC Valuation Office, Non-domestic rating: stock of properties, 31 March 2025 edition"
2021,2021-22,E2201,76515187,435502,-918865,Medway,-0,NA,7541799,-7408753,-3876854,-918865,-4360217,435502,NA,E06000035,6500,1910,1010,1890,1690,"VOA/HMRC Valuation Office, Non-domestic rating: stock of properties, 31 March 2025 edition"
2021,2021-22,E2436,13036136,20631,-96035,Melton,-0,NA,533674,-702236,-101874,-96035,-177278,20631,NA,E07000133,1650,360,170,610,510,"VOA/HMRC Valuation Office, Non-domestic rating: stock of properties, 31 March 2025 edition"
2021,2021-22,E3331,28871878,11174,-406671,Mendip,-0,NA,3408696,-2059619,-1322512,-406671,-1718009,11174,NA,E07000187,4660,1050,690,1550,1370,"VOA/HMRC Valuation Office, Non-domestic rating: stock of properties, 31 March 2025 edition"
2021,2021-22,E5044,70951300,1532179,2888284,Merton,-0,NA,5603025,-4374889,-8414383,2888284,-3993920,1532179,NA,E09000024,5450,1720,1200,1060,1480,"VOA/HMRC Valuation Office, Non-domestic rating: stock of properties, 31 March 2025 edition"
2021,2021-22,E1133,12178716,487,-118134,Mid Devon,-610,NA,903970,-1663024,-570730,-118134,-688377,487,NA,E07000042,3360,540,300,1190,1330,"VOA/HMRC Valuation Office, Non-domestic rating: stock of properties, 31 March 2025 edition"
2021,2021-22,E3534,24598807,22150,-49370,Mid Suffolk,-0,NA,856308,-2716722,-589640,-49370,-616860,22150,NA,E07000203,3560,490,520,1320,1220,"VOA/HMRC Valuation Office, Non-domestic rating: stock of properties, 31 March 2025 edition"
2021,2021-22,E3836,41536639,67677,-167799,Mid Sussex,-0,NA,3087809,-2697993,-2413893,-167799,-2514015,67677,NA,E07000228,4570,1030,1020,1190,1320,"VOA/HMRC Valuation Office, Non-domestic rating: stock of properties, 31 March 2025 edition"
2021,2021-22,E0702,23918152,12709,-215237,Middlesbrough,-0,NA,11809581,-4794278,-8784764,-215237,-8987292,12709,NA,E06000002,4610,1420,960,1080,1160,"VOA/HMRC Valuation Office, Non-domestic rating: stock of properties, 31 March 2025 edition"
2021,2021-22,E0401,148279899,170237,419763,Milton Keynes,-0,NA,5621014,-5830402,-2760000,419763,-2170000,170237,NA,E06000042,8580,1670,2780,2210,1930,"VOA/HMRC Valuation Office, Non-domestic rating: stock of properties, 31 March 2025 edition"
2021,2021-22,E3634,35982739,-0,99340,Mole Valley,-0,NA,4553714,-2460699,-4201677,99340,-4102337,0,NA,E07000210,3370,700,940,840,890,"VOA/HMRC Valuation Office, Non-domestic rating: stock of properties, 31 March 2025 edition"
2021,2021-22,E1738,55299141,174064,228756,New Forest,-0,NA,1352759,-1116170,-664180,228756,-261360,174064,NA,E07000091,7130,1570,850,1830,2880,"VOA/HMRC Valuation Office, Non-domestic rating: stock of properties, 31 March 2025 edition"
2021,2021-22,E3036,32567402,-361,-20757,Newark and Sherwood,-0,NA,1960040,-263101,-928650,-20757,-949768,-361,NA,E07000175,4280,940,820,1310,1210,"VOA/HMRC Valuation Office, Non-domestic rating: stock of properties, 31 March 2025 edition"
2021,2021-22,E4502,102245018,1810535,-4309152,Newcastle upon Tyne,-0,NA,18456707,-5894862,-14439925,-4309152,-16938542,1810535,NA,E08000021,12020,3010,3910,1980,3120,"VOA/HMRC Valuation Office, Non-domestic rating: stock of properties, 31 March 2025 edition"
2021,2021-22,E3434,30140674,-0,243241,Newcastle-under-Lyme,-293628,NA,1272507,-865814,-1067270,243241,-824029,0,NA,E07000195,3620,970,700,1010,950,"VOA/HMRC Valuation Office, Non-domestic rating: stock of properties, 31 March 2025 edition"
2021,2021-22,E5045,120633019,-0,-3857045,Newham,-715819,NA,11737971,-6588917,-3440168,-3857045,-7297213,0,NA,E09000025,7820,3690,1370,1300,1470,"VOA/HMRC Valuation Office, Non-domestic rating: stock of properties, 31 March 2025 edition"
2021,2021-22,E1134,23256864,215964,-11582,North Devon,-0,NA,1274190,-592129,-997490,-11582,-793108,215964,NA,E07000043,6170,1150,520,1300,3200,"VOA/HMRC Valuation Office, Non-domestic rating: stock of properties, 31 March 2025 edition"
2021,2021-22,E1038,15205221,162006,320795,North East Derbyshire,-0,NA,942431,-356501,-896367,320795,-413566,162006,NA,E07000038,2900,580,430,950,940,"VOA/HMRC Valuation Office, Non-domestic rating: stock of properties, 31 March 2025 edition"
2021,2021-22,E2003,55803119,653580,-686240,North East Lincolnshire,-0,NA,8143986,-2586436,-2618351,-686240,-2651011,653580,NA,E06000012,5570,1670,700,1770,1430,"VOA/HMRC Valuation Office, Non-domestic rating: stock of properties, 31 March 2025 edition"
2021,2021-22,E1935,30510206,164255,299134,North Hertfordshire,-0,NA,2668358,-1783573,-2578758,299134,-2115369,164255,NA,E07000099,4600,970,970,1550,1110,"VOA/HMRC Valuation Office, Non-domestic rating: stock of properties, 31 March 2025 edition"
2021,2021-22,E2534,25613631,118206,-35202,North Kesteven,-0,NA,708951,-1080471,-328142,-35202,-245138,118206,NA,E07000139,3360,570,560,1260,970,"VOA/HMRC Valuation Office, Non-domestic rating: stock of properties, 31 March 2025 edition"
2021,2021-22,E2004,81196240,288488,137512,North Lincolnshire,-0,NA,5212007,-1702623,-2239000,137512,-1813000,288488,NA,E06000013,5640,1470,570,2060,1540,"VOA/HMRC Valuation Office, Non-domestic rating: stock of properties, 31 March 2025 edition"
2021,2021-22,E2635,19380747,3887,-15076,North Norfolk,-0,NA,1047426,-1876807,-243422,-15076,-254611,3887,NA,E07000147,7900,1190,420,1400,4890,"VOA/HMRC Valuation Office, Non-domestic rating: stock of properties, 31 March 2025 edition"
2021,2021-22,E2801,129007854,-2797,-157936,North Northamptonshire,-0,NA,11851969,-4228969,-3528365,-157936,-3689098,-2797,NA,E06000061,11790,2360,1790,5100,2530,"VOA/HMRC Valuation Office, Non-domestic rating: stock of properties, 31 March 2025 edition"
2021,2021-22,E0104,54058358,500000,-901268,North Somerset,-0,NA,6101842,-3261419,-2674546,-901268,-3075814,500000,NA,E06000024,6490,1480,1270,1800,1950,"VOA/HMRC Valuation Office, Non-domestic rating: stock of properties, 31 March 2025 edition"
2021,2021-22,E4503,50442806,894968,-989448,North Tyneside,-0,NA,8848736,-1791198,-3806343,-989448,-3900823,894968,NA,E08000022,6200,1760,1320,1760,1360,"VOA/HMRC Valuation Office, Non-domestic rating: stock of properties, 31 March 2025 edition"
2021,2021-22,E3731,47627163,1278,-645671,North Warwickshire,-0,NA,3076830,-746649,-804585,-645671,-1448978,1278,NA,E07000218,2430,410,370,970,670,"VOA/HMRC Valuation Office, Non-domestic rating: stock of properties, 31 March 2025 edition"
2021,2021-22,E2437,73461006,346045,299622,North West Leicestershire,-0,NA,1464433,-1354039,-1512672,299622,-867005,346045,NA,E07000134,3570,700,830,1160,880,"VOA/HMRC Valuation Office, Non-domestic rating: stock of properties, 31 March 2025 edition"
2021,2021-22,E2901,67439888,-58381,-77416,Northumberland UA,-0,NA,6755418,-1605314,-3120288,-77416,-3256085,-58381,NA,E06000057,13800,2710,1610,3200,6280,"VOA/HMRC Valuation Office, Non-domestic rating: stock of properties, 31 March 2025 edition"
2021,2021-22,E2636,53971949,440124,-574939,Norwich,-0,NA,4527473,-3862150,-3158007,-574939,-3292822,440124,NA,E07000148,6960,1710,1830,1380,2030,"VOA/HMRC Valuation Office, Non-domestic rating: stock of properties, 31 March 2025 edition"
2021,2021-22,E3001,105814656,-54671,-4703329,Nottingham,-0,NA,35636987,-11154766,-20910750,-4703329,-25668750,-54671,NA,E06000018,11730,3020,2560,3030,3120,"VOA/HMRC Valuation Office, Non-domestic rating: stock of properties, 31 March 2025 edition"
2021,2021-22,E3732,30953009,52135,-570014,Nuneaton and Bedworth,-0,NA,2207476,-514614,-731800,-570014,-1249679,52135,NA,E07000219,3240,920,350,1210,770,"VOA/HMRC Valuation Office, Non-domestic rating: stock of properties, 31 March 2025 edition"
2021,2021-22,E2438,10722548,70127,-158172,Oadby and Wigston,-0,NA,1568941,-862062,-294952,-158172,-382997,70127,NA,E07000135,1460,420,210,540,280,"VOA/HMRC Valuation Office, Non-domestic rating: stock of properties, 31 March 2025 edition"
2021,2021-22,E4204,49113947,359731,-1307458,Oldham,-0,NA,9382457,-3443494,-5525383,-1307458,-6473110,359731,NA,E08000004,8000,2200,1350,2690,1760,"VOA/HMRC Valuation Office, Non-domestic rating: stock of properties, 31 March 2025 edition"
2021,2021-22,E3132,82222426,497900,-2725119,Oxford,-0,NA,11839783,-5161407,-2045742,-2725119,-4272961,497900,NA,E07000178,4610,1360,1230,540,1490,"VOA/HMRC Valuation Office, Non-domestic rating: stock of properties, 31 March 2025 edition"
2021,2021-22,E2338,15173386,-0,0,Pendle,-3312,NA,1160240,-267067,-770000,0,-770000,0,NA,E07000122,3800,1120,560,1350,770,"VOA/HMRC Valuation Office, Non-domestic rating: stock of properties, 31 March 2025 edition"
2021,2021-22,E0501,81556383,106686,2248127,Peterborough,-0,NA,11272000,-6697412,-11328389,2248127,-8973576,106686,NA,E06000031,6300,1510,1510,1810,1470,"VOA/HMRC Valuation Office, Non-domestic rating: stock of properties, 31 March 2025 edition"
2021,2021-22,E1101,67552585,269894,224655,Plymouth,-0,NA,2016683,-5572799,-1420957,224655,-926408,269894,NA,E06000026,7900,1990,1480,2040,2390,"VOA/HMRC Valuation Office, Non-domestic rating: stock of properties, 31 March 2025 edition"
2021,2021-22,E1701,67996884,280789,-545313,Portsmouth,-0,NA,8679736,-3094933,-5669374,-545313,-5933898,280789,NA,E06000044,6430,2050,900,1440,2040,"VOA/HMRC Valuation Office, Non-domestic rating: stock of properties, 31 March 2025 edition"
2021,2021-22,E2339,45322950,-0,-1008182,Preston,-5339,NA,11898321,-795003,-9528832,-1008182,-10537014,0,NA,E07000123,6370,1650,1320,2100,1290,"VOA/HMRC Valuation Office, Non-domestic rating: stock of properties, 31 March 2025 edition"
2021,2021-22,E0303,110450972,112400,-1544400,Reading,-0,NA,12982566,-13324629,-7091000,-1544400,-8523000,112400,NA,E06000038,5800,1500,1960,940,1400,"VOA/HMRC Valuation Office, Non-domestic rating: stock of properties, 31 March 2025 edition"
2021,2021-22,E5046,41529408,44853,-1991853,Redbridge,-0,NA,13312840,-4754617,-9127919,-1991853,-11074919,44853,NA,E09000026,6620,2700,1320,840,1760,"VOA/HMRC Valuation Office, Non-domestic rating: stock of properties, 31 March 2025 edition"
2021,2021-22,E0703,31503105,10373923,32964,Redcar and Cleveland,-0,NA,3676599,-3637315,-11883989,32964,-1477102,10373923,NA,E06000003,4280,1210,670,1220,1180,"VOA/HMRC Valuation Office, Non-domestic rating: stock of properties, 31 March 2025 edition"
2021,2021-22,E1835,29748765,23547,-665209,Redditch,-0,NA,0,0,-1432040,-665209,-2073702,23547,NA,E07000236,2640,500,540,1080,520,"VOA/HMRC Valuation Office, Non-domestic rating: stock of properties, 31 March 2025 edition"
2021,2021-22,E3635,44683210,182600,190161,Reigate and Banstead,3368,NA,1008429,-36748,-1126793,190161,-754032,182600,NA,E07000211,3760,1070,880,840,960,"VOA/HMRC Valuation Office, Non-domestic rating: stock of properties, 31 March 2025 edition"
2021,2021-22,E2340,11970536,96729,50271,Ribble Valley,-0,NA,622085,-413195,-590000,50271,-443000,96729,NA,E07000124,2620,560,460,790,820,"VOA/HMRC Valuation Office, Non-domestic rating: stock of properties, 31 March 2025 edition"
2021,2021-22,E5047,64266430,-0,-1440685,Richmond upon Thames,-792879,NA,13013421,-6197013,-4069315,-1440685,-5510000,0,NA,E09000027,5820,2060,1620,540,1600,"VOA/HMRC Valuation Office, Non-domestic rating: stock of properties, 31 March 2025 edition"
2021,2021-22,E2734,10156293,126643,76970,Richmondshire,-0,NA,298455,-187117,-393990,76970,-190377,126643,NA,E07000166,2940,410,260,690,1580,"VOA/HMRC Valuation Office, Non-domestic rating: stock of properties, 31 March 2025 edition"
2021,2021-22,E4205,59026491,145889,-741293,Rochdale,-0,NA,5012111,-2553841,-1917229,-741293,-2512633,145889,NA,E08000005,8750,2060,1180,3940,1580,"VOA/HMRC Valuation Office, Non-domestic rating: stock of properties, 31 March 2025 edition"
2021,2021-22,E1540,13609825,214317,81399,Rochford,-0,NA,285706,-239523,-568840,81399,-273124,214317,NA,E07000075,2720,500,380,1230,610,"VOA/HMRC Valuation Office, Non-domestic rating: stock of properties, 31 March 2025 edition"
2021,2021-22,E2341,10696613,119959,86879,Rossendale,-0,NA,1577282,-53820,-1771267,86879,-1564429,119959,NA,E07000125,2790,670,440,1110,570,"VOA/HMRC Valuation Office, Non-domestic rating: stock of properties, 31 March 2025 edition"
2021,2021-22,E1436,12452994,125413,-303524,Rother,-0,NA,1425720,-1211531,-924710,-303524,-1102821,125413,NA,E07000064,4540,990,390,1360,1800,"VOA/HMRC Valuation Office, Non-domestic rating: stock of properties, 31 March 2025 edition"
2021,2021-22,E4403,66453450,596421,-389452,Rotherham,-0,NA,4482454,-1247029,-1958389,-389452,-1751420,596421,NA,E08000018,7700,2220,1140,2740,1600,"VOA/HMRC Valuation Office, Non-domestic rating: stock of properties, 31 March 2025 edition"
2021,2021-22,E3733,51292736,137330,-11005,Rugby,-0,NA,1771788,-743989,-255836,-11005,-129511,137330,NA,E07000220,3010,690,500,940,890,"VOA/HMRC Valuation Office, Non-domestic rating: stock of properties, 31 March 2025 edition"
2021,2021-22,E3636,46288912,-0,434124,Runnymede,53185,NA,769655,-2768611,-938300,434124,-504176,0,NA,E07000212,2790,510,780,690,810,"VOA/HMRC Valuation Office, Non-domestic rating: stock of properties, 31 March 2025 edition"
2021,2021-22,E3038,25677467,209,-19000,Rushcliffe,-0,NA,750462,-2346087,-618900,-19000,-637691,209,NA,E07000176,2950,650,630,730,940,"VOA/HMRC Valuation Office, Non-domestic rating: stock of properties, 31 March 2025 edition"
2021,2021-22,E1740,40934944,121187,-653300,Rushmoor,-0,NA,3022414,-3854625,-1275474,-653300,-1807587,121187,NA,E07000092,2650,770,770,530,580,"VOA/HMRC Valuation Office, Non-domestic rating: stock of properties, 31 March 2025 edition"
2021,2021-22,E2402,9229042,33984,27010,Rutland,-0,NA,201625,-73886,-127616,27010,-66622,33984,NA,E06000017,1730,310,330,490,600,"VOA/HMRC Valuation Office, Non-domestic rating: stock of properties, 31 March 2025 edition"
2021,2021-22,E2755,12588193,1569,37978,Ryedale,-0,NA,645419,-892128,-263781,37978,-224234,1569,NA,E07000167,3150,590,270,850,1440,"VOA/HMRC Valuation Office, Non-domestic rating: stock of properties, 31 March 2025 edition"
2021,2021-22,E4206,76672084,1455671,389767,Salford,-0,NA,20883764,-6443214,-18100010,389767,-16254572,1455671,NA,E08000006,11870,2130,2380,2490,4870,"VOA/HMRC Valuation Office, Non-domestic rating: stock of properties, 31 March 2025 edition"
2021,2021-22,E4604,84113181,724766,1463141,Sandwell,-0,NA,7822649,-6604902,-4222947,1463141,-2035040,724766,NA,E08000028,11090,2930,1010,4510,2640,"VOA/HMRC Valuation Office, Non-domestic rating: stock of properties, 31 March 2025 edition"
2021,2021-22,E2736,22762426,47550,-59647,Scarborough,-0,NA,1755793,-2404428,-813215,-59647,-825312,47550,NA,E07000168,8080,1580,630,1200,4670,"VOA/HMRC Valuation Office, Non-domestic rating: stock of properties, 31 March 2025 edition"
2021,2021-22,E3332,36246256,-0,-399076,Sedgemoor,13325,NA,2996146,-640585,-544829,-399076,-943905,0,NA,E07000188,4570,870,500,1710,1500,"VOA/HMRC Valuation Office, Non-domestic rating: stock of properties, 31 March 2025 edition"
2021,2021-22,E4304,56439940,-22831,-1271769,Sefton,-0,NA,8935188,-3055349,-7019400,-1271769,-8314000,-22831,NA,E08000014,8040,3150,1080,1840,1980,"VOA/HMRC Valuation Office, Non-domestic rating: stock of properties, 31 March 2025 edition"
2021,2021-22,E2757,32729834,5117,-53093,Selby,-0,NA,2051302,-1807432,-716706,-53093,-764682,5117,NA,E07000169,2770,510,420,980,860,"VOA/HMRC Valuation Office, Non-domestic rating: stock of properties, 31 March 2025 edition"
2021,2021-22,E2239,30859595,188423,-199823,Sevenoaks,-0,NA,3529185,-2097812,-1364100,-199823,-1375500,188423,NA,E07000111,4190,840,860,1390,1100,"VOA/HMRC Valuation Office, Non-domestic rating: stock of properties, 31 March 2025 edition"
2021,2021-22,E4404,175173439,1227178,-3017579,Sheffield,-0,NA,18101933,-7761983,-8921217,-3017579,-10711618,1227178,NA,E08000019,19010,5200,3820,5380,4620,"VOA/HMRC Valuation Office, Non-domestic rating: stock of properties, 31 March 2025 edition"
2021,2021-22,E3202,58770899,-0,-998487,Shropshire UA,-499,NA,5271147,-8186973,-3124498,-998487,-4122985,0,NA,E06000051,12560,2880,1780,3810,4080,"VOA/HMRC Valuation Office, Non-domestic rating: stock of properties, 31 March 2025 edition"
2021,2021-22,E0304,92554321,264078,1675914,Slough,-0,NA,10856927,-3925144,-10209575,1675914,-8269583,264078,NA,E06000039,3910,1010,1090,980,830,"VOA/HMRC Valuation Office, Non-domestic rating: stock of properties, 31 March 2025 edition"
2021,2021-22,E4605,89751209,1079490,120910,Solihull,-0,NA,4077991,-12214091,-3399000,120910,-2198600,1079490,NA,E08000029,5620,1510,1790,720,1610,"VOA/HMRC Valuation Office, Non-domestic rating: stock of properties, 31 March 2025 edition"
2021,2021-22,E3336,46534942,601572,390739,Somerset West & Taunton,-0,NA,3409426,-1479417,-2871981,390739,-1879670,601572,NA,E07000246,6790,1290,920,2070,2510,"VOA/HMRC Valuation Office, Non-domestic rating: stock of properties, 31 March 2025 edition"
2021,2021-22,E0536,82057511,189476,100536,South Cambridgeshire,-54890,NA,1278131,-988056,-1082738,100536,-792726,189476,NA,E07000012,5470,490,2020,1570,1390,"VOA/HMRC Valuation Office, Non-domestic rating: stock of properties, 31 March 2025 edition"
2021,2021-22,E1039,24474324,36692,-106911,South Derbyshire,-0,NA,2769635,-1488540,-1809173,-106911,-1879392,36692,NA,E07000039,2440,490,310,900,740,"VOA/HMRC Valuation Office, Non-domestic rating: stock of properties, 31 March 2025 edition"
2021,2021-22,E0103,121965661,59808,8219807,South Gloucestershire,-0,NA,13184695,-4510648,-8580000,8219807,-300385,59808,NA,E06000025,7840,1580,1700,2480,2080,"VOA/HMRC Valuation Office, Non-domestic rating: stock of properties, 31 March 2025 edition"
2021,2021-22,E1136,22865025,276409,2029335,South Hams,-0,NA,2554471,-634958,-3512491,2029335,-1206747,276409,NA,E07000044,6150,920,690,1510,3030,"VOA/HMRC Valuation Office, Non-domestic rating: stock of properties, 31 March 2025 edition"
2021,2021-22,E2535,22791546,32387,415613,South Holland,-0,NA,2396233,-765729,-2602000,415613,-2154000,32387,NA,E07000140,2880,700,420,900,860,"VOA/HMRC Valuation Office, Non-domestic rating: stock of properties, 31 March 2025 edition"
2021,2021-22,E2536,35460691,857503,-529687,South Kesteven,-0,NA,1429225,-1153766,-891816,-529687,-564000,857503,NA,E07000141,4660,1200,830,1350,1280,"VOA/HMRC Valuation Office, Non-domestic rating: stock of properties, 31 March 2025 edition"
2021,2021-22,E0936,28337375,238698,-264080,South Lakeland,-0,NA,2457862,-1129451,-1260743,-264080,-1286125,238698,NA,E07000031,8840,1480,860,1600,4900,"VOA/HMRC Valuation Office, Non-domestic rating: stock of properties, 31 March 2025 edition"
2021,2021-22,E2637,26982369,144993,-202644,South Norfolk,-0,NA,661997,-95780,-311929,-202644,-369580,144993,NA,E07000149,4940,740,790,1650,1760,"VOA/HMRC Valuation Office, Non-domestic rating: stock of properties, 31 March 2025 edition"
2021,2021-22,E3133,38520163,31146,155554,South Oxfordshire,-0,NA,7825830,-3680404,-5456110,155554,-5269410,31146,NA,E07000179,4410,890,1060,1240,1210,"VOA/HMRC Valuation Office, Non-domestic rating: stock of properties, 31 March 2025 edition"
2021,2021-22,E2342,31223729,49032,-418303,South Ribble,-0,NA,2442706,-2820200,-1442329,-418303,-1811600,49032,NA,E07000126,3320,860,550,1170,740,"VOA/HMRC Valuation Office, Non-domestic rating: stock of properties, 31 March 2025 edition"
2021,2021-22,E3334,37276480,87304,-875404,South Somerset,-0,NA,7212220,-1013484,-2237000,-875404,-3025100,87304,NA,E07000189,6270,1230,840,2180,2020,"VOA/HMRC Valuation Office, Non-domestic rating: stock of properties, 31 March 2025 edition"
2021,2021-22,E3435,24124450,62995,-2425,South Staffordshire,-0,NA,666941,-789532,-441052,-2425,-380482,62995,NA,E07000196,2780,590,510,840,840,"VOA/HMRC Valuation Office, Non-domestic rating: stock of properties, 31 March 2025 edition"
2021,2021-22,E4504,26304725,117536,-486481,South Tyneside,-0,NA,3030751,-985097,-1399264,-486481,-1768209,117536,NA,E08000023,3900,1330,660,1010,910,"VOA/HMRC Valuation Office, Non-domestic rating: stock of properties, 31 March 2025 edition"
2021,2021-22,E1702,87218991,771953,-1970775,Southampton,-0,NA,6552760,-5048750,-3079021,-1970775,-4277843,771953,NA,E06000045,6890,2040,1490,1430,1930,"VOA/HMRC Valuation Office, Non-domestic rating: stock of properties, 31 March 2025 edition"
2021,2021-22,E1501,28278854,336103,98922,Southend-on-Sea,12172,NA,2877932,-4810327,-1777318,98922,-1342293,336103,NA,E06000033,5830,2220,840,1150,1630,"VOA/HMRC Valuation Office, Non-domestic rating: stock of properties, 31 March 2025 edition"
2021,2021-22,E5019,249279581,318423,-1317047,Southwark,-0,NA,29737530,-35551469,-18581794,-1317047,-19580418,318423,NA,E09000028,13280,3130,5020,2640,2490,"VOA/HMRC Valuation Office, Non-domestic rating: stock of properties, 31 March 2025 edition"
2021,2021-22,E3637,39029144,303941,1830000,Spelthorne,4703,NA,3626246,-1986456,-5758576,1830000,-3624635,303941,NA,E07000213,2500,790,480,600,640,"VOA/HMRC Valuation Office, Non-domestic rating: stock of properties, 31 March 2025 edition"
2021,2021-22,E1936,47523326,57638,191362,St Albans,-0,NA,3549483,-1680180,-3081000,191362,-2832000,57638,NA,E07000240,4030,980,1150,720,1190,"VOA/HMRC Valuation Office, Non-domestic rating: stock of properties, 31 March 2025 edition"
2021,2021-22,E4303,46962637,470143,-96775,St. Helens,-0,NA,9551482,-1257407,-8107534,-96775,-7734166,470143,NA,E08000013,4730,1610,760,1350,1020,"VOA/HMRC Valuation Office, Non-domestic rating: stock of properties, 31 March 2025 edition"
2021,2021-22,E3436,42138640,82366,-479101,Stafford,-0,NA,3658497,-596863,-2059719,-479101,-2456454,82366,NA,E07000197,4380,1050,840,1280,1210,"VOA/HMRC Valuation Office, Non-domestic rating: stock of properties, 31 March 2025 edition"
2021,2021-22,E3437,16363551,249776,84076,Staffordshire Moorlands,-0,NA,357584,-862388,-636881,84076,-303029,249776,NA,E07000198,3160,750,260,1000,1160,"VOA/HMRC Valuation Office, Non-domestic rating: stock of properties, 31 March 2025 edition"
2021,2021-22,E1937,39036212,259951,-120606,Stevenage,-0,NA,1196046,-2455636,-1120950,-120606,-981605,259951,NA,E07000243,2300,540,610,530,620,"VOA/HMRC Valuation Office, Non-domestic rating: stock of properties, 31 March 2025 edition"
2021,2021-22,E4207,72295906,448734,269273,Stockport,-0,NA,8224293,-2800144,-8613060,269273,-7895053,448734,NA,E08000007,11380,2800,2540,2870,3180,"VOA/HMRC Valuation Office, Non-domestic rating: stock of properties, 31 March 2025 edition"
2021,2021-22,E0704,66529181,-15396,-234604,Stockton-on-Tees,-0,NA,3310022,-6711300,-850000,-234604,-1100000,-15396,NA,E06000004,5750,1530,1300,1380,1540,"VOA/HMRC Valuation Office, Non-domestic rating: stock of properties, 31 March 2025 edition"
2021,2021-22,E3401,75114645,-0,1150000,Stoke-on-Trent,1342616,NA,5614938,-6005002,-5750000,1150000,-4600000,0,NA,E06000021,9390,2710,1430,3420,1830,"VOA/HMRC Valuation Office, Non-domestic rating: stock of properties, 31 March 2025 edition"
2021,2021-22,E3734,47017986,203164,-1128284,Stratford-on-Avon,-0,NA,5559040,-995282,-1949419,-1128284,-2874539,203164,NA,E07000221,5930,980,1180,1580,2190,"VOA/HMRC Valuation Office, Non-domestic rating: stock of properties, 31 March 2025 edition"
2021,2021-22,E1635,25186984,96159,317361,Stroud,65389,NA,2274472,-1143000,-1661891,317361,-1248371,96159,NA,E07000082,4250,800,750,1640,1060,"VOA/HMRC Valuation Office, Non-domestic rating: stock of properties, 31 March 2025 edition"
2021,2021-22,E4505,75878362,238996,-786735,Sunderland,-0,NA,10139487,-4059020,-5895055,-786735,-6442794,238996,NA,E08000024,8570,2450,1590,2490,2040,"VOA/HMRC Valuation Office, Non-domestic rating: stock of properties, 31 March 2025 edition"
2021,2021-22,E3638,28585239,174559,-188007,Surrey Heath,-5018,NA,1320285,-1384132,-334190,-188007,-347638,174559,NA,E07000214,2930,600,780,680,880,"VOA/HMRC Valuation Office, Non-domestic rating: stock of properties, 31 March 2025 edition"
2021,2021-22,E5048,48333404,522692,788497,Sutton,-0,NA,2808782,-640856,-2693431,788497,-1382242,522692,NA,E09000029,4060,1760,610,730,960,"VOA/HMRC Valuation Office, Non-domestic rating: stock of properties, 31 March 2025 edition"
2021,2021-22,E2241,48102679,580882,-1083573,Swale,-0,NA,6042273,-4639882,-2688021,-1083573,-3190712,580882,NA,E07000113,4780,990,760,1610,1420,"VOA/HMRC Valuation Office, Non-domestic rating: stock of properties, 31 March 2025 edition"
2021,2021-22,E3901,88730792,852948,-286423,Swindon,-0,NA,6709537,-3767263,-3482949,-286423,-2916424,852948,NA,E06000030,5840,1370,1470,1610,1380,"VOA/HMRC Valuation Office, Non-domestic rating: stock of properties, 31 March 2025 edition"
2021,2021-22,E4208,47328422,765528,-406092,Tameside,-0,NA,4090217,-1989600,-1606146,-406092,-1246710,765528,NA,E08000008,7770,2250,1010,2860,1650,"VOA/HMRC Valuation Office, Non-domestic rating: stock of properties, 31 March 2025 edition"
2021,2021-22,E3439,30253123,2582,-259261,Tamworth,-0,NA,1293960,-1249890,-686306,-259261,-942985,2582,NA,E07000199,2090,520,400,720,450,"VOA/HMRC Valuation Office, Non-domestic rating: stock of properties, 31 March 2025 edition"
2021,2021-22,E3639,16847331,79790,565484,Tandridge,-0,NA,1332955,-140258,-902620,565484,-257346,79790,NA,E07000215,2990,620,510,1050,820,"VOA/HMRC Valuation Office, Non-domestic rating: stock of properties, 31 March 2025 edition"
2021,2021-22,E1137,22819945,42971,47029,Teignbridge,-0,NA,626970,-645400,-510000,47029,-420000,42971,NA,E07000045,5530,1050,720,1730,2020,"VOA/HMRC Valuation Office, Non-domestic rating: stock of properties, 31 March 2025 edition"
2021,2021-22,E3201,59452604,207377,-219377,Telford and Wrekin,-0,NA,3428074,-6230381,-1711000,-219377,-1723000,207377,NA,E06000020,5280,1240,880,1780,1380,"VOA/HMRC Valuation Office, Non-domestic rating: stock of properties, 31 March 2025 edition"
2021,2021-22,E1542,21327741,100382,-670555,Tendring,-0,NA,3821048,-1080061,-1039713,-670555,-1609886,100382,NA,E07000076,8540,1270,630,1800,4840,"VOA/HMRC Valuation Office, Non-domestic rating: stock of properties, 31 March 2025 edition"
2021,2021-22,E1742,50889472,65205,-258845,Test Valley,-0,NA,3651589,-1132050,-1252497,-258845,-1446137,65205,NA,E07000093,4600,680,790,2060,1070,"VOA/HMRC Valuation Office, Non-domestic rating: stock of properties, 31 March 2025 edition"
2021,2021-22,E1636,35742142,248652,-419859,Tewkesbury,-0,NA,1794530,-3366260,-654757,-419859,-825964,248652,NA,E07000083,3030,440,600,1230,770,"VOA/HMRC Valuation Office, Non-domestic rating: stock of properties, 31 March 2025 edition"
2021,2021-22,E2242,28255274,-2722,-114625,Thanet,-0,NA,3824987,-1267020,-2119429,-114625,-2236776,-2722,NA,E07000114,5490,1560,650,1390,1890,"VOA/HMRC Valuation Office, Non-domestic rating: stock of properties, 31 March 2025 edition"
2021,2021-22,E1938,25865606,-6766,1177411,Three Rivers,-0,NA,1257258,-818756,-2165492,1177411,-994847,-6766,NA,E07000102,2130,390,680,480,580,"VOA/HMRC Valuation Office, Non-domestic rating: stock of properties, 31 March 2025 edition"
2021,2021-22,E1502,112740804,-0,1284936,Thurrock,600093,NA,4245828,-315143,-2709637,1284936,-1424701,0,NA,E06000034,4350,1200,470,1650,1030,"VOA/HMRC Valuation Office, Non-domestic rating: stock of properties, 31 March 2025 edition"
2021,2021-22,E2243,45303119,65607,94393,Tonbridge and Malling,-0,NA,1836317,-5415277,-720000,94393,-560000,65607,NA,E07000115,3740,650,1000,1030,1060,"VOA/HMRC Valuation Office, Non-domestic rating: stock of properties, 31 March 2025 edition"
2021,2021-22,E1102,22395145,195880,-350185,Torbay,-0,NA,4865984,-3773789,-1793014,-350185,-1947319,195880,NA,E06000027,5590,1790,550,950,2300,"VOA/HMRC Valuation Office, Non-domestic rating: stock of properties, 31 March 2025 edition"
2021,2021-22,E1139,8667081,1842,30300,Torridge,-0,NA,446713,-827470,-295054,30300,-262912,1842,NA,E07000046,4120,630,250,870,2360,"VOA/HMRC Valuation Office, Non-domestic rating: stock of properties, 31 March 2025 edition"
2021,2021-22,E5020,372000615,1125999,-5341286,Tower Hamlets,-0,NA,43121240,-31565135,-11112199,-5341286,-15327486,1125999,NA,E09000030,18470,3320,6490,3940,4730,"VOA/HMRC Valuation Office, Non-domestic rating: stock of properties, 31 March 2025 edition"
2021,2021-22,E4209,117586065,-0,-1254148,Trafford,-0,NA,13023942,-8315119,-14407970,-1254148,-15662118,0,NA,E08000009,10980,2230,2290,3030,3440,"VOA/HMRC Valuation Office, Non-domestic rating: stock of properties, 31 March 2025 edition"
2021,2021-22,E2244,39791945,396920,-735889,Tunbridge Wells,-0,NA,3536901,-3780407,-2609280,-735889,-2948249,396920,NA,E07000116,4140,1150,920,950,1120,"VOA/HMRC Valuation Office, Non-domestic rating: stock of properties, 31 March 2025 edition"
2021,2021-22,E1544,44174204,69081,-474320,Uttlesford,-0,NA,4093464,-1447860,-2469754,-474320,-2874993,69081,NA,E07000077,3480,500,910,1100,980,"VOA/HMRC Valuation Office, Non-domestic rating: stock of properties, 31 March 2025 edition"
2021,2021-22,E3134,60621261,-0,373270,Vale of White Horse,-0,NA,7513072,-3618099,-4695915,373270,-4322645,0,NA,E07000180,3920,650,1220,1000,1060,"VOA/HMRC Valuation Office, Non-domestic rating: stock of properties, 31 March 2025 edition"
2021,2021-22,E4705,119295765,283655,-320709,Wakefield,-0,NA,6883870,-2191148,-4541074,-320709,-4578128,283655,NA,E08000036,11850,3300,2060,3900,2600,"VOA/HMRC Valuation Office, Non-domestic rating: stock of properties, 31 March 2025 edition"
2021,2021-22,E4606,62554096,-0,530233,Walsall,-0,NA,12374918,-2546935,-5221063,530233,-4690830,0,NA,E08000030,8540,2490,1100,3090,1880,"VOA/HMRC Valuation Office, Non-domestic rating: stock of properties, 31 March 2025 edition"
2021,2021-22,E5049,53075059,877121,2892734,Waltham Forest,-0,NA,14162532,-3338663,-15510658,2892734,-11740803,877121,NA,E09000031,6720,2970,850,1510,1390,"VOA/HMRC Valuation Office, Non-domestic rating: stock of properties, 31 March 2025 edition"
2021,2021-22,E5021,93024049,-0,-2587000,Wandsworth,4012,NA,25378776,-8569807,-9053000,-2587000,-11640000,0,NA,E09000032,8840,3040,2010,1630,2170,"VOA/HMRC Valuation Office, Non-domestic rating: stock of properties, 31 March 2025 edition"
2021,2021-22,E0602,82745588,435401,-1113708,Warrington,-0,NA,17278645,-3201802,-2947492,-1113708,-3625799,435401,NA,E06000007,6970,1590,1990,1930,1470,"VOA/HMRC Valuation Office, Non-domestic rating: stock of properties, 31 March 2025 edition"
2021,2021-22,E3735,59573045,143177,-270877,Warwick,-0,NA,1883033,-642066,-991000,-270877,-1118700,143177,NA,E07000222,5300,1300,1410,1020,1570,"VOA/HMRC Valuation Office, Non-domestic rating: stock of properties, 31 March 2025 edition"
2021,2021-22,E1939,51030260,-0,289448,Watford,-5986,NA,3970175,-3439533,-4186237,289448,-3896789,0,NA,E07000103,3040,930,650,690,770,"VOA/HMRC Valuation Office, Non-domestic rating: stock of properties, 31 March 2025 edition"
2021,2021-22,E3640,27662617,151782,-138782,Waverley,-0,NA,1853255,-1161646,-1740000,-138782,-1727000,151782,NA,E07000216,4080,1010,1000,920,1150,"VOA/HMRC Valuation Office, Non-domestic rating: stock of properties, 31 March 2025 edition"
2021,2021-22,E1437,27345131,74338,-363997,Wealden,-0,NA,3400166,-462361,-914157,-363997,-1203816,74338,NA,E07000065,6580,1110,980,2660,1840,"VOA/HMRC Valuation Office, Non-domestic rating: stock of properties, 31 March 2025 edition"
2021,2021-22,E1940,50333457,290951,200735,Welwyn Hatfield,-0,NA,1332038,-2336718,-1115170,200735,-623484,290951,NA,E07000241,2970,670,800,800,700,"VOA/HMRC Valuation Office, Non-domestic rating: stock of properties, 31 March 2025 edition"
2021,2021-22,E0302,71602894,42410,14941,West Berkshire,-0,NA,4541656,-1786543,-750351,14941,-693000,42410,NA,E06000037,5810,960,1530,1700,1620,"VOA/HMRC Valuation Office, Non-domestic rating: stock of properties, 31 March 2025 edition"
2021,2021-22,E1140,8135864,28523,339335,West Devon,-0,NA,1625306,-195172,-1167450,339335,-799592,28523,NA,E07000047,2380,500,280,600,1000,"VOA/HMRC Valuation Office, Non-domestic rating: stock of properties, 31 March 2025 edition"
2021,2021-22,E2343,27193115,543542,-691284,West Lancashire,4,NA,6789218,-801363,-3366583,-691284,-3514325,543542,NA,E07000127,3410,760,590,1140,920,"VOA/HMRC Valuation Office, Non-domestic rating: stock of properties, 31 March 2025 edition"
2021,2021-22,E2537,15215385,78456,-329466,West Lindsey,-0,NA,1285221,-1065892,-826002,-329466,-1077012,78456,NA,E07000142,2980,620,390,970,1000,"VOA/HMRC Valuation Office, Non-domestic rating: stock of properties, 31 March 2025 edition"
2021,2021-22,E2802,159934610,-0,-3572850,West Northamptonshire,-0,NA,15479633,-16570608,-5448912,-3572850,-9021762,0,NA,E06000062,12110,2330,2760,4000,3030,"VOA/HMRC Valuation Office, Non-domestic rating: stock of properties, 31 March 2025 edition"
2021,2021-22,E3135,30267659,9858,86719,West Oxfordshire,-0,NA,3314038,-882747,-694120,86719,-597543,9858,NA,E07000181,4320,740,960,1420,1210,"VOA/HMRC Valuation Office, Non-domestic rating: stock of properties, 31 March 2025 edition"
2021,2021-22,E3539,57701155,189545,-187807,West Suffolk,-0,NA,2732933,-3043014,-1361521,-187807,-1359783,189545,NA,E07000245,6350,1360,1110,2030,1840,"VOA/HMRC Valuation Office, Non-domestic rating: stock of properties, 31 March 2025 edition"
2021,2021-22,E5022,1569668171,13152306,-34952306,Westminster,-0,NA,231724545,-185626689,-89399645,-34952306,-111199645,13152306,NA,E09000033,39050,6660,22730,1260,8400,"VOA/HMRC Valuation Office, Non-domestic rating: stock of properties, 31 March 2025 edition"
2021,2021-22,E4210,70983595,9785168,-3907381,Wigan,-0,NA,9613842,-1218066,-9765465,-3907381,-3887678,9785168,NA,E08000010,9880,3050,1420,2870,2550,"VOA/HMRC Valuation Office, Non-domestic rating: stock of properties, 31 March 2025 edition"
2021,2021-22,E3902,131057272,656500,-855800,Wiltshire UA,268742,NA,6316486,-3145805,-656500,-855800,-855800,656500,NA,E06000054,16220,3250,3040,5470,4460,"VOA/HMRC Valuation Office, Non-domestic rating: stock of properties, 31 March 2025 edition"
2021,2021-22,E1743,49358741,-0,-129683,Winchester,-0,NA,3864234,-4919455,-2506788,-129683,-2636471,0,NA,E07000094,5120,800,1390,1490,1450,"VOA/HMRC Valuation Office, Non-domestic rating: stock of properties, 31 March 2025 edition"
2021,2021-22,E0305,59850236,393772,282808,Windsor and Maidenhead,-342141,NA,8278828,-5939379,-6381081,282808,-5704501,393772,NA,E06000040,4800,1290,1370,810,1340,"VOA/HMRC Valuation Office, Non-domestic rating: stock of properties, 31 March 2025 edition"
2021,2021-22,E4305,58402506,622841,297545,Wirral,-0,NA,6668027,-2578016,-3982962,297545,-3062576,622841,NA,E08000015,8570,3370,1190,2040,1980,"VOA/HMRC Valuation Office, Non-domestic rating: stock of properties, 31 March 2025 edition"
2021,2021-22,E3641,39820581,-0,-93000,Woking,123201,NA,2823485,-2346043,-2150000,-93000,-2243000,0,NA,E07000217,2780,760,770,480,770,"VOA/HMRC Valuation Office, Non-domestic rating: stock of properties, 31 March 2025 edition"
2021,2021-22,E0306,60048278,86570,0,Wokingham,-0,NA,3933249,-4518247,-3610434,0,-3523864,86570,NA,E06000041,4420,580,1480,1260,1100,"VOA/HMRC Valuation Office, Non-domestic rating: stock of properties, 31 March 2025 edition"
2021,2021-22,E4607,60381338,731511,481349,Wolverhampton,-0,NA,8745747,-7148885,-9060425,481349,-7847565,731511,NA,E08000031,8900,2440,1750,3000,1710,"VOA/HMRC Valuation Office, Non-domestic rating: stock of properties, 31 March 2025 edition"
2021,2021-22,E1837,31293625,60163,-226296,Worcester,-0,NA,2472441,-926268,-1007194,-226296,-1173327,60163,NA,E07000237,3190,1040,680,730,740,"VOA/HMRC Valuation Office, Non-domestic rating: stock of properties, 31 March 2025 edition"
2021,2021-22,E3837,25673143,167752,-233543,Worthing,-0,NA,445434,-1133587,-1539286,-233543,-1605077,167752,NA,E07000229,3190,1300,460,480,950,"VOA/HMRC Valuation Office, Non-domestic rating: stock of properties, 31 March 2025 edition"
2021,2021-22,E1838,37279850,59539,2675561,Wychavon,-0,NA,947930,-642572,-3067500,2675561,-332400,59539,NA,E07000238,5150,930,920,1770,1530,"VOA/HMRC Valuation Office, Non-domestic rating: stock of properties, 31 March 2025 edition"
2021,2021-22,E2344,20408971,173430,479352,Wyre,-0,NA,1581644,-469633,-1064917,479352,-412135,173430,NA,E07000128,4170,1220,410,1240,1300,"VOA/HMRC Valuation Office, Non-domestic rating: stock of properties, 31 March 2025 edition"
2021,2021-22,E1839,20717830,320188,-388085,Wyre Forest,-0,NA,1934438,-2546973,-919140,-388085,-987037,320188,NA,E07000239,3550,750,690,1060,1060,"VOA/HMRC Valuation Office, Non-domestic rating: stock of properties, 31 March 2025 edition"
2021,2021-22,E2701,73968366,251968,163517,York,-0,NA,6125688,-2746921,-2829872,163517,-2414387,251968,NA,E06000014,7050,1850,1590,1250,2360,"VOA/HMRC Valuation Office, Non-domestic rating: stock of properties, 31 March 2025 edition"
2022,2022-23,E3831,16181325,21053,178105,Adur,-0,NA,175086,-886611,-381277,178105,-182119,21053,E07000223,E07000223,2300,470,320,620,880,"VOA/HMRC Valuation Office, Non-domestic rating: stock of properties, 31 March 2025 edition"
2022,2022-23,E0931,24610863,43904,-118974,Allerdale,-0,NA,829653,-674019,-266268,-118974,-341338,43904,E07000026,E07000026,5320,1030,430,1160,2700,"VOA/HMRC Valuation Office, Non-domestic rating: stock of properties, 31 March 2025 edition"
2022,2022-23,E1031,30433910,197896,-87797,Amber Valley,-0,NA,509547,-1899817,-619599,-87797,-509500,197896,E07000032,E07000032,4000,1050,570,1270,1110,"VOA/HMRC Valuation Office, Non-domestic rating: stock of properties, 31 March 2025 edition"
2022,2022-23,E3832,30469729,241993,-452380,Arun,1387,NA,2128106,-914466,-1337000,-452380,-1547387,241993,E07000224,E07000224,4960,1360,490,1420,1690,"VOA/HMRC Valuation Office, Non-domestic rating: stock of properties, 31 March 2025 edition"
2022,2022-23,E3031,38757342,201248,-63020,Ashfield,-0,NA,1631927,-249767,-1175602,-63020,-1037374,201248,E07000170,E07000170,3980,1000,550,1680,750,"VOA/HMRC Valuation Office, Non-domestic rating: stock of properties, 31 March 2025 edition"
2022,2022-23,E2231,48313155,233559,-347000,Ashford,-0,NA,2340751,-1559030,-720445,-347000,-833886,233559,E07000105,E07000105,5330,980,1150,1620,1590,"VOA/HMRC Valuation Office, Non-domestic rating: stock of properties, 31 March 2025 edition"
2022,2022-23,E3531,21022132,13546,-169146,Babergh,-0,NA,877918,-906908,-466240,-169146,-621840,13546,E07000200,E07000200,3740,610,640,1320,1170,"VOA/HMRC Valuation Office, Non-domestic rating: stock of properties, 31 March 2025 edition"
2022,2022-23,E5030,52272298,-0,1803000,Barking and Dagenham,-0,NA,11781015,-3782947,-10932000,1803000,-9129000,0,E09000002,E09000002,4480,1450,830,1260,940,"VOA/HMRC Valuation Office, Non-domestic rating: stock of properties, 31 March 2025 edition"
2022,2022-23,E5031,96441757,4407145,0,Barnet,-0,NA,21038720,-10726870,-18273642,0,-13866497,4407145,E09000003,E09000003,8500,3500,2060,830,2100,"VOA/HMRC Valuation Office, Non-domestic rating: stock of properties, 31 March 2025 edition"
2022,2022-23,E4401,52947659,583792,-730158,Barnsley,-0,NA,1366346,-797604,-1219980,-730158,-1366346,583792,E08000016,E08000016,8980,2020,1130,4170,1660,"VOA/HMRC Valuation Office, Non-domestic rating: stock of properties, 31 March 2025 edition"
2022,2022-23,E0932,20560764,223391,-259152,Barrow-in-Furness,-0,NA,2396073,-945298,-1941813,-259152,-1977574,223391,E07000027,E07000027,2430,770,320,610,730,"VOA/HMRC Valuation Office, Non-domestic rating: stock of properties, 31 March 2025 edition"
2022,2022-23,E1531,75713386,299666,279334,Basildon,-0,NA,2733829,-2329847,-1734500,279334,-1155500,299666,E07000066,E07000066,4990,1040,910,1970,1070,"VOA/HMRC Valuation Office, Non-domestic rating: stock of properties, 31 March 2025 edition"
2022,2022-23,E1731,70074333,332294,-362294,Basingstoke and Deane,-0,NA,1588480,-4015386,-820001,-362294,-850001,332294,E07000084,E07000084,4590,760,1380,1160,1300,"VOA/HMRC Valuation Office, Non-domestic rating: stock of properties, 31 March 2025 edition"
2022,2022-23,E3032,40918843,135535,-409517,Bassetlaw,-0,NA,1805626,-1606466,-274397,-409517,-548379,135535,E07000171,E07000171,4440,970,700,1490,1280,"VOA/HMRC Valuation Office, Non-domestic rating: stock of properties, 31 March 2025 edition"
2022,2022-23,E0101,59019778,256238,-414057,Bath and North East Somerset,-0,NA,3797088,-4809661,-1043606,-414057,-1201425,256238,E06000022,E06000022,6700,1690,1330,1650,2040,"VOA/HMRC Valuation Office, Non-domestic rating: stock of properties, 31 March 2025 edition"
2022,2022-23,E0202,67813398,296000,-530000,Bedford UA,-0,NA,4249762,-1286604,-3007000,-530000,-3241000,296000,E06000055,E06000055,5620,1200,1060,1740,1620,"VOA/HMRC Valuation Office, Non-domestic rating: stock of properties, 31 March 2025 edition"
2022,2022-23,E5032,67609339,423639,2259793,Bexley,-130926,NA,5325969,-3268063,-3942928,2259793,-1259496,423639,E09000004,E09000004,5450,1840,510,1540,1560,"VOA/HMRC Valuation Office, Non-domestic rating: stock of properties, 31 March 2025 edition"
2022,2022-23,E4601,382620271,12131313,-27655806,Birmingham,-0,NA,162581764,-33179209,-81422591,-27655806,-96947084,12131313,E08000025,E08000025,48210,11470,9330,10130,17290,"VOA/HMRC Valuation Office, Non-domestic rating: stock of properties, 31 March 2025 edition"
2022,2022-23,E2431,51143481,-0,286740,Blaby,51823,NA,1029878,-1707102,-518207,286740,-231467,0,E07000129,E07000129,2370,440,570,740,620,"VOA/HMRC Valuation Office, Non-domestic rating: stock of properties, 31 March 2025 edition"
2022,2022-23,E2301,37498776,993902,-419902,Blackburn with Darwen,-0,NA,2873183,-720009,-3172000,-419902,-2598000,993902,E06000008,E06000008,6980,1790,1440,2440,1310,"VOA/HMRC Valuation Office, Non-domestic rating: stock of properties, 31 March 2025 edition"
2022,2022-23,E2302,40402262,406474,-774256,Blackpool,-0,NA,9467572,-224127,-4894473,-774256,-5262255,406474,E06000009,E06000009,6710,2350,810,1190,2360,"VOA/HMRC Valuation Office, Non-domestic rating: stock of properties, 31 March 2025 edition"
2022,2022-23,E1032,28297835,-0,-109979,Bolsover,52302,NA,725457,-1255884,-564538,-109979,-674517,0,E07000033,E07000033,2440,560,370,940,570,"VOA/HMRC Valuation Office, Non-domestic rating: stock of properties, 31 March 2025 edition"
2022,2022-23,E4201,82118264,830260,-71017,Bolton,-0,NA,11510858,-4427073,-8765959,-71017,-8006716,830260,E08000001,E08000001,10810,2900,1880,3010,3020,"VOA/HMRC Valuation Office, Non-domestic rating: stock of properties, 31 March 2025 edition"
2022,2022-23,E2531,17805000,-2,-70961,Boston,-0,NA,2839739,-762783,-1072037,-70961,-1143000,-2,E07000136,E07000136,2490,600,410,790,700,"VOA/HMRC Valuation Office, Non-domestic rating: stock of properties, 31 March 2025 edition"
2022,2022-23,E1204,119772616,361789,1492589,"Bournemouth, Christchurch & Poole",-0,NA,8348618,-2736703,-8906606,1492589,-7052228,361789,E06000058,E06000058,16160,4290,2210,2690,6970,"VOA/HMRC Valuation Office, Non-domestic rating: stock of properties, 31 March 2025 edition"
2022,2022-23,E0301,54207734,-65788,-716112,Bracknell Forest,-0,NA,8677947,-8733327,-3710501,-716112,-4492401,-65788,E06000036,E06000036,2720,560,940,450,770,"VOA/HMRC Valuation Office, Non-domestic rating: stock of properties, 31 March 2025 edition"
2022,2022-23,E4701,113845196,1375902,-139926,Bradford,593096,NA,10164630,-3839727,-7837936,-139926,-6601960,1375902,E08000032,E08000032,19680,6010,3770,6090,3810,"VOA/HMRC Valuation Office, Non-domestic rating: stock of properties, 31 March 2025 edition"
2022,2022-23,E1532,41568468,-0,4000,Braintree,96180,NA,826554,-747869,-221175,4000,-217175,0,E07000067,E07000067,5020,1010,820,1920,1270,"VOA/HMRC Valuation Office, Non-domestic rating: stock of properties, 31 March 2025 edition"
2022,2022-23,E2631,32530582,213912,-253768,Breckland,-0,NA,1964578,-868008,-507953,-253768,-547809,213912,E07000143,E07000143,4660,900,520,1790,1450,"VOA/HMRC Valuation Office, Non-domestic rating: stock of properties, 31 March 2025 edition"
2022,2022-23,E5033,112813409,1391,5552257,Brent,-0,NA,30762781,-12489880,-25961994,5552257,-20408346,1391,E09000005,E09000005,8980,3300,1680,2490,1520,"VOA/HMRC Valuation Office, Non-domestic rating: stock of properties, 31 March 2025 edition"
2022,2022-23,E1533,23303741,-0,-93365,Brentwood,114958,NA,2813846,-1553980,-1378214,-93365,-1471579,0,E07000068,E07000068,2570,600,660,650,670,"VOA/HMRC Valuation Office, Non-domestic rating: stock of properties, 31 March 2025 edition"
2022,2022-23,E1401,104348795,682533,-35247,Brighton and Hove,165049,NA,9739024,-6002552,-6614979,-35247,-5967693,682533,E06000043,E06000043,11550,3240,2590,1420,4300,"VOA/HMRC Valuation Office, Non-domestic rating: stock of properties, 31 March 2025 edition"
2022,2022-23,E0102,198928927,1918635,2087251,Bristol,-0,NA,20214790,-5210143,-17318458,2087251,-13312572,1918635,E06000023,E06000023,16760,4560,4430,3770,3990,"VOA/HMRC Valuation Office, Non-domestic rating: stock of properties, 31 March 2025 edition"
2022,2022-23,E2632,28297862,18700,-191689,Broadland,-44728,NA,1179599,-611315,-370696,-191689,-543685,18700,E07000144,E07000144,3860,620,450,1360,1420,"VOA/HMRC Valuation Office, Non-domestic rating: stock of properties, 31 March 2025 edition"
2022,2022-23,E5034,84275417,497660,-1676100,Bromley,-0,NA,5287144,-4538341,-2227222,-1676100,-3405662,497660,E09000006,E09000006,7430,2860,1370,1080,2120,"VOA/HMRC Valuation Office, Non-domestic rating: stock of properties, 31 March 2025 edition"
2022,2022-23,E1831,24054277,137326,-344715,Bromsgrove,-0,NA,2882204,-1569981,-1140161,-344715,-1347550,137326,E07000234,E07000234,3510,620,830,1070,1000,"VOA/HMRC Valuation Office, Non-domestic rating: stock of properties, 31 March 2025 edition"
2022,2022-23,E1931,34896583,235710,-145561,Broxbourne,-0,NA,3553641,-1176916,-2316003,-145561,-2225854,235710,E07000095,E07000095,2320,710,340,770,490,"VOA/HMRC Valuation Office, Non-domestic rating: stock of properties, 31 March 2025 edition"
2022,2022-23,E3033,27076212,109923,-79923,Broxtowe,-0,NA,897778,-2534379,-480000,-79923,-450000,109923,E07000172,E07000172,2700,900,440,690,680,"VOA/HMRC Valuation Office, Non-domestic rating: stock of properties, 31 March 2025 edition"
2022,2022-23,E0402,161485812,1814349,2664123,Buckinghamshire UA,-0,NA,5112144,-4009701,-8463816,2664123,-3985344,1814349,E06000060,E06000060,15530,3380,3730,4510,3910,"VOA/HMRC Valuation Office, Non-domestic rating: stock of properties, 31 March 2025 edition"
2022,2022-23,E2333,24724526,295278,-724306,Burnley,-50483,NA,2642557,-1120012,-1880946,-724306,-2309974,295278,E07000117,E07000117,5400,1150,810,2600,830,"VOA/HMRC Valuation Office, Non-domestic rating: stock of properties, 31 March 2025 edition"
2022,2022-23,E4202,43634221,1273800,-1176720,Bury,-0,NA,11492411,-3250826,-6993116,-1176720,-6896036,1273800,E08000002,E08000002,6320,1820,1370,1670,1460,"VOA/HMRC Valuation Office, Non-domestic rating: stock of properties, 31 March 2025 edition"
2022,2022-23,E4702,49466767,5644124,-1156358,Calderdale,-0,NA,3382005,-4123645,-6629038,-1156358,-2141272,5644124,E08000033,E08000033,9790,2260,1830,3620,2090,"VOA/HMRC Valuation Office, Non-domestic rating: stock of properties, 31 March 2025 edition"
2022,2022-23,E0531,116939799,-0,199301,Cambridge,-15603,NA,4016738,-6614022,-3403596,199301,-3204295,0,E07000008,E07000008,4420,1140,1350,490,1440,"VOA/HMRC Valuation Office, Non-domestic rating: stock of properties, 31 March 2025 edition"
2022,2022-23,E5011,557725570,4147014,-18835760,Camden,-9820029,NA,57957033,-78924410,-19428254,-18835760,-34117000,4147014,E09000007,E09000007,19020,3780,9380,1170,4690,"VOA/HMRC Valuation Office, Non-domestic rating: stock of properties, 31 March 2025 edition"
2022,2022-23,E3431,33753060,298027,-390303,Cannock Chase,-0,NA,2639127,-776381,-1482590,-390303,-1574866,298027,E07000192,E07000192,3650,1030,600,1270,750,"VOA/HMRC Valuation Office, Non-domestic rating: stock of properties, 31 March 2025 edition"
2022,2022-23,E2232,44824477,-0,368842,Canterbury,519863,NA,3601470,-3545077,-1976980,368842,-1608138,0,E07000106,E07000106,6330,1380,940,1340,2680,"VOA/HMRC Valuation Office, Non-domestic rating: stock of properties, 31 March 2025 edition"
2022,2022-23,E0933,39957151,151763,-939748,Carlisle,-0,NA,2816416,-276692,-425665,-939748,-1213650,151763,E07000028,E07000028,4810,1110,830,1400,1480,"VOA/HMRC Valuation Office, Non-domestic rating: stock of properties, 31 March 2025 edition"
2022,2022-23,E1534,13368352,8075,-9135,Castle Point,-0,NA,1064899,-843727,-939501,-9135,-940561,8075,E07000069,E07000069,2040,670,210,690,470,"VOA/HMRC Valuation Office, Non-domestic rating: stock of properties, 31 March 2025 edition"
2022,2022-23,E0203,88723762,515656,-530161,Central Bedfordshire,-0,NA,4474831,-1280358,-645888,-530161,-660393,515656,E06000056,E06000056,7270,1560,1350,2430,1920,"VOA/HMRC Valuation Office, Non-domestic rating: stock of properties, 31 March 2025 edition"
2022,2022-23,E2432,45926580,218702,-634806,Charnwood,-0,NA,2239106,-741115,-1126535,-634806,-1542639,218702,E07000130,E07000130,4880,1270,790,1680,1130,"VOA/HMRC Valuation Office, Non-domestic rating: stock of properties, 31 March 2025 edition"
2022,2022-23,E1535,73615294,598349,-712688,Chelmsford,-0,NA,5961252,-2665981,-3434277,-712688,-3548616,598349,E07000070,E07000070,5260,1160,1280,1580,1250,"VOA/HMRC Valuation Office, Non-domestic rating: stock of properties, 31 March 2025 edition"
2022,2022-23,E1631,49633238,339294,-115000,Cheltenham,-0,NA,1263617,-5200610,-753115,-115000,-528821,339294,E07000078,E07000078,4050,1130,1250,770,900,"VOA/HMRC Valuation Office, Non-domestic rating: stock of properties, 31 March 2025 edition"
2022,2022-23,E3131,93244259,300,-479927,Cherwell,-0,NA,3537636,-6769205,-1781047,-479927,-2260674,300,E07000177,E07000177,5210,1190,1240,1500,1280,"VOA/HMRC Valuation Office, Non-domestic rating: stock of properties, 31 March 2025 edition"
2022,2022-23,E0603,124900966,851397,-449194,Cheshire East,-0,NA,8723322,-3453568,-3457237,-449194,-3055034,851397,E06000049,E06000049,15270,3340,3850,3490,4590,"VOA/HMRC Valuation Office, Non-domestic rating: stock of properties, 31 March 2025 edition"
2022,2022-23,E0604,139004302,741109,-1359248,Cheshire West and Chester,-0,NA,7644610,-7621844,-5079604,-1359248,-5697743,741109,E06000050,E06000050,12250,3110,2500,3390,3250,"VOA/HMRC Valuation Office, Non-domestic rating: stock of properties, 31 March 2025 edition"
2022,2022-23,E1033,37308868,169516,0,Chesterfield,-0,NA,2401954,-807144,-651000,0,-481484,169516,E07000034,E07000034,4310,1030,800,1620,870,"VOA/HMRC Valuation Office, Non-domestic rating: stock of properties, 31 March 2025 edition"
2022,2022-23,E3833,40197750,307374,-338245,Chichester,-0,NA,1964321,-3563784,-759228,-338245,-790099,307374,E07000225,E07000225,5430,1100,830,1610,1900,"VOA/HMRC Valuation Office, Non-domestic rating: stock of properties, 31 March 2025 edition"
2022,2022-23,E2334,23866289,205,-91407,Chorley,-25714,NA,1419358,-1372096,-1088384,-91407,-1179586,205,E07000118,E07000118,3680,940,690,1110,940,"VOA/HMRC Valuation Office, Non-domestic rating: stock of properties, 31 March 2025 edition"
2022,2022-23,E5010,1128405625,1668210,-6925054,City of London,-0,NA,84084492,-141440986,-29999896,-6925054,-35256740,1668210,E09000001,E09000001,22020,1280,15440,1890,3410,"VOA/HMRC Valuation Office, Non-domestic rating: stock of properties, 31 March 2025 edition"
2022,2022-23,E1536,58606604,3,-282211,Colchester,-0,NA,4232451,-2778912,-3032979,-282211,-3315187,3,E07000071,E07000071,6140,1290,1340,1350,2160,"VOA/HMRC Valuation Office, Non-domestic rating: stock of properties, 31 March 2025 edition"
2022,2022-23,E0934,29080065,144869,-462159,Copeland,-0,NA,1766296,-1153291,-317288,-462159,-634578,144869,E07000029,E07000029,2640,540,360,540,1200,"VOA/HMRC Valuation Office, Non-domestic rating: stock of properties, 31 March 2025 edition"
2022,2022-23,E0801,132215017,525982,-935982,Cornwall UA,-0,NA,9020647,-7647883,-4877000,-935982,-5287000,525982,E06000052,E06000052,35910,5860,2930,7570,19540,"VOA/HMRC Valuation Office, Non-domestic rating: stock of properties, 31 March 2025 edition"
2022,2022-23,E1632,26109418,81744,259466,Cotswold,-0,NA,2790548,-698505,-789900,259466,-448690,81744,E07000079,E07000079,5280,920,840,1480,2040,"VOA/HMRC Valuation Office, Non-domestic rating: stock of properties, 31 March 2025 edition"
2022,2022-23,E4602,106220755,522599,354380,Coventry,-0,NA,6616924,-3534159,-4617292,354380,-3740313,522599,E08000026,E08000026,8930,2640,1710,2240,2330,"VOA/HMRC Valuation Office, Non-domestic rating: stock of properties, 31 March 2025 edition"
2022,2022-23,E2731,15846588,84324,0,Craven,-0,NA,1076980,-193931,-233810,0,-149486,84324,E07000163,E07000163,3540,710,410,790,1630,"VOA/HMRC Valuation Office, Non-domestic rating: stock of properties, 31 March 2025 edition"
2022,2022-23,E3834,110846634,-1619,-524169,Crawley,-0,NA,4219744,-3757324,-2247298,-524169,-2773086,-1619,E07000226,E07000226,3800,590,1230,840,1140,"VOA/HMRC Valuation Office, Non-domestic rating: stock of properties, 31 March 2025 edition"
2022,2022-23,E5035,105092562,967,-4252044,Croydon,-6854,NA,19582201,-20791306,-11808540,-4252044,-16059617,967,E09000008,E09000008,9030,3460,2010,1300,2260,"VOA/HMRC Valuation Office, Non-domestic rating: stock of properties, 31 March 2025 edition"
2022,2022-23,E1932,59365137,288055,-146715,Dacorum,-0,NA,6806245,-668789,-4594255,-146715,-4452915,288055,E07000096,E07000096,4530,930,1260,1060,1260,"VOA/HMRC Valuation Office, Non-domestic rating: stock of properties, 31 March 2025 edition"
2022,2022-23,E1301,30645995,161823,0,Darlington,-0,NA,1258122,-1662323,-801961,0,-640138,161823,E06000005,E06000005,3920,1090,810,1130,880,"VOA/HMRC Valuation Office, Non-domestic rating: stock of properties, 31 March 2025 edition"
2022,2022-23,E2233,88497506,-0,1637911,Dartford,-27635,NA,6146002,-5671234,-5842193,1637911,-4204282,0,E07000107,E07000107,3260,920,700,730,920,"VOA/HMRC Valuation Office, Non-domestic rating: stock of properties, 31 March 2025 edition"
2022,2022-23,E1001,89903545,600769,-1065153,Derby,-0,NA,6586009,-373515,-3678820,-1065153,-4143204,600769,E06000015,E06000015,8780,2290,1990,2670,1830,"VOA/HMRC Valuation Office, Non-domestic rating: stock of properties, 31 March 2025 edition"
2022,2022-23,E1035,16037505,19789,-32955,Derbyshire Dales,-0,NA,1213629,-468948,-59411,-32955,-72577,19789,E07000035,E07000035,4640,850,450,1040,2290,"VOA/HMRC Valuation Office, Non-domestic rating: stock of properties, 31 March 2025 edition"
2022,2022-23,E4402,96674247,1093723,-1254513,Doncaster,13055,NA,7816188,-2369884,-3693679,-1254513,-3854469,1093723,E08000017,E08000017,9850,3000,1630,2950,2270,"VOA/HMRC Valuation Office, Non-domestic rating: stock of properties, 31 March 2025 edition"
2022,2022-23,E1203,87476689,310281,1462018,Dorset Council,-0,NA,15507356,-2754941,-9506208,1462018,-7733909,310281,E06000059,E06000059,17990,3280,2000,5300,7420,"VOA/HMRC Valuation Office, Non-domestic rating: stock of properties, 31 March 2025 edition"
2022,2022-23,E2234,35302608,557225,893154,Dover,-0,NA,3311535,-1703505,-3128037,893154,-1677658,557225,E07000108,E07000108,4210,900,820,940,1550,"VOA/HMRC Valuation Office, Non-domestic rating: stock of properties, 31 March 2025 edition"
2022,2022-23,E4603,76368752,326758,103000,Dudley,-0,NA,5651692,-1047893,-5667000,103000,-5237242,326758,E08000027,E08000027,10600,2790,1720,3780,2300,"VOA/HMRC Valuation Office, Non-domestic rating: stock of properties, 31 March 2025 edition"
2022,2022-23,E1302,109074185,1094554,-1293239,Durham UA,-0,NA,6245090,-3207262,-4396473,-1293239,-4595158,1094554,E06000047,E06000047,16110,4250,2510,4330,5030,"VOA/HMRC Valuation Office, Non-domestic rating: stock of properties, 31 March 2025 edition"
2022,2022-23,E5036,126193447,3801129,292793,Ealing,-203885,NA,27315734,-12890478,-24214066,292793,-20120144,3801129,E09000009,E09000009,10940,3690,2140,3030,2080,"VOA/HMRC Valuation Office, Non-domestic rating: stock of properties, 31 March 2025 edition"
2022,2022-23,E0532,21594688,17993,-143481,East Cambridgeshire,-0,NA,2113165,-797825,-443991,-143481,-569479,17993,E07000009,E07000009,2490,390,420,830,850,"VOA/HMRC Valuation Office, Non-domestic rating: stock of properties, 31 March 2025 edition"
2022,2022-23,E1131,33389443,90458,-391642,East Devon,24774,NA,1469320,-715267,-261727,-391642,-562911,90458,E07000040,E07000040,7320,1300,650,2040,3340,"VOA/HMRC Valuation Office, Non-domestic rating: stock of properties, 31 March 2025 edition"
2022,2022-23,E1732,26350148,234904,0,East Hampshire,-0,NA,1755718,-748096,-637204,0,-402300,234904,E07000085,E07000085,4120,840,760,1550,980,"VOA/HMRC Valuation Office, Non-domestic rating: stock of properties, 31 March 2025 edition"
2022,2022-23,E1933,39579567,196915,176182,East Hertfordshire,-0,NA,2098959,-1751171,-2472055,176182,-2098959,196915,E07000242,E07000242,4910,980,1010,1560,1360,"VOA/HMRC Valuation Office, Non-domestic rating: stock of properties, 31 March 2025 edition"
2022,2022-23,E2532,37773492,23302,1156698,East Lindsey,-0,NA,11207391,-975905,-3671000,1156698,-2491000,23302,E07000137,E07000137,7460,1680,510,1770,3510,"VOA/HMRC Valuation Office, Non-domestic rating: stock of properties, 31 March 2025 edition"
2022,2022-23,E2001,95581429,136686,-752838,East Riding of Yorkshire,-0,NA,7157555,-4135795,-4235552,-752838,-4851704,136686,E06000011,E06000011,12290,2920,1620,3260,4490,"VOA/HMRC Valuation Office, Non-domestic rating: stock of properties, 31 March 2025 edition"
2022,2022-23,E3432,54003490,354622,-786622,East Staffordshire,-0,NA,3762844,-4380446,-2144000,-786622,-2576000,354622,E07000193,E07000193,4190,1120,700,1310,1050,"VOA/HMRC Valuation Office, Non-domestic rating: stock of properties, 31 March 2025 edition"
2022,2022-23,E3538,80339564,154727,-943339,East Suffolk,-0,NA,7276789,-4037067,-3219828,-943339,-4008440,154727,E07000244,E07000244,12950,2240,1560,2400,6760,"VOA/HMRC Valuation Office, Non-domestic rating: stock of properties, 31 March 2025 edition"
2022,2022-23,E1432,32448984,226339,-629272,Eastbourne,-0,NA,3568263,-3271104,-933748,-629272,-1336681,226339,E07000061,E07000061,3170,1090,510,540,1030,"VOA/HMRC Valuation Office, Non-domestic rating: stock of properties, 31 March 2025 edition"
2022,2022-23,E1733,54104149,242852,-279233,Eastleigh,-0,NA,2210222,-1992138,-1022601,-279233,-1058982,242852,E07000086,E07000086,3200,720,700,990,800,"VOA/HMRC Valuation Office, Non-domestic rating: stock of properties, 31 March 2025 edition"
2022,2022-23,E0935,19143929,114488,-129240,Eden,-0,NA,1202687,-301484,-136494,-129240,-151246,114488,E07000030,E07000030,3690,520,330,850,2000,"VOA/HMRC Valuation Office, Non-domestic rating: stock of properties, 31 March 2025 edition"
2022,2022-23,E3631,53628695,241931,-324482,Elmbridge,-0,NA,2506002,-3624428,-1506513,-324482,-1589064,241931,E07000207,E07000207,3880,1180,1000,620,1080,"VOA/HMRC Valuation Office, Non-domestic rating: stock of properties, 31 March 2025 edition"
2022,2022-23,E5037,100174670,1317709,-3650447,Enfield,-198479,NA,18159252,-7486929,-11926111,-3650447,-14258849,1317709,E09000010,E09000010,7110,2650,1120,1700,1630,"VOA/HMRC Valuation Office, Non-domestic rating: stock of properties, 31 March 2025 edition"
2022,2022-23,E1537,30120073,-0,-1556438,Epping Forest,-1023,NA,4511443,-1507292,-1945642,-1556438,-3502080,0,E07000072,E07000072,4560,960,1000,1590,1010,"VOA/HMRC Valuation Office, Non-domestic rating: stock of properties, 31 March 2025 edition"
2022,2022-23,E3632,22998226,-179211,166309,Epsom and Ewell,-0,NA,582740,-656804,-184041,166309,-196943,-179211,E07000208,E07000208,1740,610,360,220,550,"VOA/HMRC Valuation Office, Non-domestic rating: stock of properties, 31 March 2025 edition"
2022,2022-23,E1036,20919648,116281,-75863,Erewash,-0,NA,2122979,-1261736,-689824,-75863,-649406,116281,E07000036,E07000036,3680,940,500,1500,730,"VOA/HMRC Valuation Office, Non-domestic rating: stock of properties, 31 March 2025 edition"
2022,2022-23,E1132,73731416,-0,90000,Exeter,487464,NA,1983776,-1777275,-1020000,90000,-930000,0,E07000041,E07000041,5110,1190,1470,970,1480,"VOA/HMRC Valuation Office, Non-domestic rating: stock of properties, 31 March 2025 edition"
2022,2022-23,E1734,35013512,99156,-389252,Fareham,-0,NA,2118202,-1332715,-775966,-389252,-1066062,99156,E07000087,E07000087,3370,670,790,1030,880,"VOA/HMRC Valuation Office, Non-domestic rating: stock of properties, 31 March 2025 edition"
2022,2022-23,E0533,23545933,105492,488701,Fenland,-0,NA,4798076,-1076350,-2726942,488701,-2132749,105492,E07000010,E07000010,3150,800,420,1110,810,"VOA/HMRC Valuation Office, Non-domestic rating: stock of properties, 31 March 2025 edition"
2022,2022-23,E2240,21777517,240,-262744,Folkestone & Hythe,178815,NA,1022131,-2099092,-443639,-262744,-706143,240,E07000112,E07000112,4020,1060,630,950,1380,"VOA/HMRC Valuation Office, Non-domestic rating: stock of properties, 31 March 2025 edition"
2022,2022-23,E1633,10607876,50,-10300,Forest of Dean,-0,NA,705527,-492289,-286250,-10300,-296500,50,E07000080,E07000080,3420,560,370,1400,1100,"VOA/HMRC Valuation Office, Non-domestic rating: stock of properties, 31 March 2025 edition"
2022,2022-23,E2335,23923457,168192,18215,Fylde,-0,NA,2272673,-1072729,-1404486,18215,-1218079,168192,E07000119,E07000119,3030,840,510,800,880,"VOA/HMRC Valuation Office, Non-domestic rating: stock of properties, 31 March 2025 edition"
2022,2022-23,E4501,80105283,673902,-1365903,Gateshead,153076,NA,9664762,-2240080,-4075000,-1365903,-4767001,673902,E08000037,E08000037,7040,1780,1600,2400,1260,"VOA/HMRC Valuation Office, Non-domestic rating: stock of properties, 31 March 2025 edition"
2022,2022-23,E3034,23194873,75254,-58403,Gedling,-0,NA,1274454,-722097,-520049,-58403,-503198,75254,E07000173,E07000173,2600,780,340,810,670,"VOA/HMRC Valuation Office, Non-domestic rating: stock of properties, 31 March 2025 edition"
2022,2022-23,E1634,49618537,84797,-206594,Gloucester,-0,NA,2303619,-2568375,-642229,-206594,-764026,84797,E07000081,E07000081,4240,1090,1130,1130,900,"VOA/HMRC Valuation Office, Non-domestic rating: stock of properties, 31 March 2025 edition"
2022,2022-23,E1735,15260935,-634,-725766,Gosport,-0,NA,2368313,-903329,-1281900,-725766,-2008300,-634,E07000088,E07000088,2040,630,220,700,500,"VOA/HMRC Valuation Office, Non-domestic rating: stock of properties, 31 March 2025 edition"
2022,2022-23,E2236,18843161,1344719,246574,Gravesham,-0,NA,2361123,-3992497,-3083383,246574,-1492090,1344719,E07000109,E07000109,2320,770,330,560,670,"VOA/HMRC Valuation Office, Non-domestic rating: stock of properties, 31 March 2025 edition"
2022,2022-23,E2633,27729976,209164,-220353,Great Yarmouth,-0,NA,1958225,-717961,-649327,-220353,-660516,209164,E07000145,E07000145,5400,1050,470,1250,2640,"VOA/HMRC Valuation Office, Non-domestic rating: stock of properties, 31 March 2025 edition"
2022,2022-23,E5012,87119793,434,288541,Greenwich,-0,NA,12216456,-7463077,-9153871,288541,-8864896,434,E09000011,E09000011,6150,2150,890,1710,1410,"VOA/HMRC Valuation Office, Non-domestic rating: stock of properties, 31 March 2025 edition"
2022,2022-23,E3633,75908638,-0,-400000,Guildford,-0,NA,6659027,-3897627,-5100000,-400000,-5500000,0,E07000209,E07000209,4450,890,1310,870,1390,"VOA/HMRC Valuation Office, Non-domestic rating: stock of properties, 31 March 2025 edition"
2022,2022-23,E5013,141858870,9926377,-13002944,Hackney,-0,NA,117246739,-28098093,-64172572,-13002944,-67249139,9926377,E09000012,E09000012,12210,2920,4490,2860,1940,"VOA/HMRC Valuation Office, Non-domestic rating: stock of properties, 31 March 2025 edition"
2022,2022-23,E0601,50482177,330582,510654,Halton,-18579,NA,6676200,-286383,-6472411,510654,-5631175,330582,E06000006,E06000006,3780,920,770,1250,840,"VOA/HMRC Valuation Office, Non-domestic rating: stock of properties, 31 March 2025 edition"
2022,2022-23,E2732,27557933,118457,10692,Hambleton,-0,NA,1777723,-903560,-913655,10692,-784506,118457,E07000164,E07000164,4520,750,710,1500,1570,"VOA/HMRC Valuation Office, Non-domestic rating: stock of properties, 31 March 2025 edition"
2022,2022-23,E5014,224389379,-0,-2017726,Hammersmith and Fulham,2674,NA,70032152,-47669912,-51009342,-2017726,-53027068,0,E09000013,E09000013,10130,2850,3770,860,2650,"VOA/HMRC Valuation Office, Non-domestic rating: stock of properties, 31 March 2025 edition"
2022,2022-23,E2433,50969785,62884,-583014,Harborough,-0,NA,1473987,-1293135,-114420,-583014,-634550,62884,E07000131,E07000131,3250,600,720,950,980,"VOA/HMRC Valuation Office, Non-domestic rating: stock of properties, 31 March 2025 edition"
2022,2022-23,E5038,58913684,795981,3274842,Haringey,-0,NA,16022610,-11469949,-16852442,3274842,-12781619,795981,E09000014,E09000014,7280,2920,1040,1960,1360,"VOA/HMRC Valuation Office, Non-domestic rating: stock of properties, 31 March 2025 edition"
2022,2022-23,E1538,39659676,556148,550634,Harlow,-0,NA,6409456,-1840451,-3532684,550634,-2425902,556148,E07000073,E07000073,2410,520,490,840,570,"VOA/HMRC Valuation Office, Non-domestic rating: stock of properties, 31 March 2025 edition"
2022,2022-23,E2753,58394399,29207,-21842,Harrogate,-89385,NA,6026284,-2842369,-2953049,-21842,-2945684,29207,E07000165,E07000165,7710,1550,1760,1990,2410,"VOA/HMRC Valuation Office, Non-domestic rating: stock of properties, 31 March 2025 edition"
2022,2022-23,E5039,44500498,328661,-217933,Harrow,-0,NA,9041508,-4017443,-5518946,-217933,-5408218,328661,E09000015,E09000015,5530,2040,1640,610,1230,"VOA/HMRC Valuation Office, Non-domestic rating: stock of properties, 31 March 2025 edition"
2022,2022-23,E1736,27296360,92115,-688369,Hart,-0,NA,5116547,-1552629,-2312775,-688369,-2909029,92115,E07000089,E07000089,2330,510,580,610,640,"VOA/HMRC Valuation Office, Non-domestic rating: stock of properties, 31 March 2025 edition"
2022,2022-23,E0701,31538035,358151,40648,Hartlepool,-0,NA,4404477,-742742,-3482068,40648,-3083269,358151,E06000001,E06000001,2960,920,500,810,720,"VOA/HMRC Valuation Office, Non-domestic rating: stock of properties, 31 March 2025 edition"
2022,2022-23,E1433,17939418,3446,265796,Hastings,-0,NA,3819856,-650060,-2760496,265796,-2491254,3446,E07000062,E07000062,3660,1070,450,900,1240,"VOA/HMRC Valuation Office, Non-domestic rating: stock of properties, 31 March 2025 edition"
2022,2022-23,E1737,28455654,-0,50216,Havant,-0,NA,2258062,-1972008,-959700,50216,-909484,0,E07000090,E07000090,3420,960,580,760,1130,"VOA/HMRC Valuation Office, Non-domestic rating: stock of properties, 31 March 2025 edition"
2022,2022-23,E5040,70701552,697037,-785315,Havering,-0,NA,3826038,-7023309,-2412185,-785315,-2500463,697037,E09000016,E09000016,6070,2230,860,1540,1440,"VOA/HMRC Valuation Office, Non-domestic rating: stock of properties, 31 March 2025 edition"
2022,2022-23,E1801,43083145,1450,-304988,Herefordshire,-0,NA,4051476,-2283918,-2199201,-304988,-2502739,1450,E06000019,E06000019,8470,1630,1360,2630,2850,"VOA/HMRC Valuation Office, Non-domestic rating: stock of properties, 31 March 2025 edition"
2022,2022-23,E1934,42173639,-0,-730231,Hertsmere,-0,NA,5898417,-2032114,-3146196,-730231,-3876427,0,E07000098,E07000098,3230,700,950,760,810,"VOA/HMRC Valuation Office, Non-domestic rating: stock of properties, 31 March 2025 edition"
2022,2022-23,E1037,25436252,51914,-188330,High Peak,-0,NA,810046,-965470,-516518,-188330,-652934,51914,E07000037,E07000037,3780,920,460,1130,1270,"VOA/HMRC Valuation Office, Non-domestic rating: stock of properties, 31 March 2025 edition"
2022,2022-23,E5041,352722318,-0,-1692191,Hillingdon,311761,NA,27587172,-14461718,-5698063,-1692191,-7390254,0,E09000017,E09000017,9020,2670,2610,1850,1900,"VOA/HMRC Valuation Office, Non-domestic rating: stock of properties, 31 March 2025 edition"
2022,2022-23,E2434,35126595,318955,-248775,Hinckley and Bosworth,18924,NA,976850,-1113926,-318955,-248775,-248775,318955,E07000132,E07000132,3270,740,490,1240,800,"VOA/HMRC Valuation Office, Non-domestic rating: stock of properties, 31 March 2025 edition"
2022,2022-23,E3835,41566851,347384,-860061,Horsham,-0,NA,2431619,-1327269,-1014985,-860061,-1527662,347384,E07000227,E07000227,5000,860,900,1860,1390,"VOA/HMRC Valuation Office, Non-domestic rating: stock of properties, 31 March 2025 edition"
2022,2022-23,E5042,170570271,313374,-1913374,Hounslow,-0,NA,17082585,-21124229,-8600000,-1913374,-10200000,313374,E09000018,E09000018,7650,2070,2080,1570,1940,"VOA/HMRC Valuation Office, Non-domestic rating: stock of properties, 31 March 2025 edition"
2022,2022-23,E0551,60009126,69274,-70393,Huntingdonshire,-0,NA,801820,-186356,-305602,-70393,-306721,69274,E07000011,E07000011,5610,1020,1080,1890,1620,"VOA/HMRC Valuation Office, Non-domestic rating: stock of properties, 31 March 2025 edition"
2022,2022-23,E2336,19986796,118240,-596770,Hyndburn,-22181,NA,3160536,-1316137,-2145887,-596770,-2624417,118240,E07000120,E07000120,3430,1080,380,1260,710,"VOA/HMRC Valuation Office, Non-domestic rating: stock of properties, 31 March 2025 edition"
2022,2022-23,E3533,47993174,77641,-198403,Ipswich,-0,NA,3224805,-2333453,-1421211,-198403,-1541973,77641,E07000202,E07000202,4710,1260,1230,910,1310,"VOA/HMRC Valuation Office, Non-domestic rating: stock of properties, 31 March 2025 edition"
2022,2022-23,E2101,32541019,25026,4100,Isle of Wight,-0,NA,2374454,-2225898,-1450020,4100,-1420894,25026,E06000046,E06000046,7700,1610,660,1800,3630,"VOA/HMRC Valuation Office, Non-domestic rating: stock of properties, 31 March 2025 edition"
2022,2022-23,E4001,1113708,-0,8652,Isles of Scilly,-0,NA,82195,-16577,-79817,8652,-71165,0,E06000053,E06000053,520,50,20,90,370,"VOA/HMRC Valuation Office, Non-domestic rating: stock of properties, 31 March 2025 edition"
2022,2022-23,E5015,263595610,2947311,-2069714,Islington,134605,NA,26781567,-45330367,-23222035,-2069714,-22344438,2947311,E09000019,E09000019,12450,3030,5420,1450,2540,"VOA/HMRC Valuation Office, Non-domestic rating: stock of properties, 31 March 2025 edition"
2022,2022-23,E5016,280239458,-132320,80704,Kensington and Chelsea,-0,NA,50888166,-26359885,-39487900,80704,-39539517,-132320,E09000020,E09000020,9260,3130,3080,810,2240,"VOA/HMRC Valuation Office, Non-domestic rating: stock of properties, 31 March 2025 edition"
2022,2022-23,E2634,44197794,251328,-466893,Kings Lynn and West Norfolk,-0,NA,1444683,-503018,-647314,-466893,-862879,251328,E07000146,E07000146,6670,1220,590,1640,3220,"VOA/HMRC Valuation Office, Non-domestic rating: stock of properties, 31 March 2025 edition"
2022,2022-23,E2002,84477440,1118532,-3500000,Kingston upon Hull,3095,NA,8347264,-831280,-3369022,-3500000,-5750490,1118532,E06000010,E06000010,9260,2850,1730,2660,2030,"VOA/HMRC Valuation Office, Non-domestic rating: stock of properties, 31 March 2025 edition"
2022,2022-23,E5043,69683871,1496525,1715096,Kingston upon Thames,-1598,NA,8606894,-4264529,-7487975,1715096,-4276354,1496525,E09000021,E09000021,4630,1500,1310,730,1090,"VOA/HMRC Valuation Office, Non-domestic rating: stock of properties, 31 March 2025 edition"
2022,2022-23,E4703,90841110,2054720,-1959842,Kirklees,-0,NA,8917664,-1786321,-7219458,-1959842,-7124580,2054720,E08000034,E08000034,16390,4340,2870,5780,3400,"VOA/HMRC Valuation Office, Non-domestic rating: stock of properties, 31 March 2025 edition"
2022,2022-23,E4301,45566783,1778,-1548258,Knowsley,-0,NA,8180945,-4299387,-4327529,-1548258,-5874009,1778,E08000011,E08000011,3260,910,460,1160,740,"VOA/HMRC Valuation Office, Non-domestic rating: stock of properties, 31 March 2025 edition"
2022,2022-23,E5017,157125779,805345,376500,Lambeth,-0,NA,17496924,-14726163,-2780765,376500,-1598920,805345,E09000022,E09000022,9090,3100,2000,1960,2040,"VOA/HMRC Valuation Office, Non-domestic rating: stock of properties, 31 March 2025 edition"
2022,2022-23,E2337,61953716,187659,-163736,Lancaster,-0,NA,1453872,-459532,-553803,-163736,-529880,187659,E07000121,E07000121,5380,1460,820,1400,1700,"VOA/HMRC Valuation Office, Non-domestic rating: stock of properties, 31 March 2025 edition"
2022,2022-23,E4704,346117009,2593365,5477153,Leeds,-0,NA,17074825,-13474961,-26892498,5477153,-18821980,2593365,E08000035,E08000035,31540,7120,8280,7920,8220,"VOA/HMRC Valuation Office, Non-domestic rating: stock of properties, 31 March 2025 edition"
2022,2022-23,E2401,97884982,1688344,-1622419,Leicester,-0,NA,12944290,-3296106,-5606883,-1622419,-5540958,1688344,E06000016,E06000016,12980,3830,2110,4450,2590,"VOA/HMRC Valuation Office, Non-domestic rating: stock of properties, 31 March 2025 edition"
2022,2022-23,E1435,23220884,105640,-308666,Lewes,-0,NA,3128712,-2816746,-858301,-308666,-1061327,105640,E07000063,E07000063,3760,750,710,1290,1010,"VOA/HMRC Valuation Office, Non-domestic rating: stock of properties, 31 March 2025 edition"
2022,2022-23,E5018,57876384,900590,-833103,Lewisham,-0,NA,7549562,-16262494,-6815853,-833103,-6748366,900590,E09000023,E09000023,6430,2730,830,1410,1470,"VOA/HMRC Valuation Office, Non-domestic rating: stock of properties, 31 March 2025 edition"
2022,2022-23,E3433,34221609,-2520,158291,Lichfield,-0,NA,871210,-1837444,-1026981,158291,-871210,-2520,E07000194,E07000194,3050,690,610,950,810,"VOA/HMRC Valuation Office, Non-domestic rating: stock of properties, 31 March 2025 edition"
2022,2022-23,E2533,40286382,25880,-138125,Lincoln,-0,NA,1207542,-1925255,-313660,-138125,-425905,25880,E07000138,E07000138,3600,1090,850,680,980,"VOA/HMRC Valuation Office, Non-domestic rating: stock of properties, 31 March 2025 edition"
2022,2022-23,E4302,171991762,-0,403788,Liverpool,-0,NA,55931431,-20744035,-45082001,403788,-44678213,0,E08000012,E08000012,20530,5820,4710,4390,5600,"VOA/HMRC Valuation Office, Non-domestic rating: stock of properties, 31 March 2025 edition"
2022,2022-23,E0201,59065997,10527,-168509,Luton,84472,NA,21132199,-8189544,-16699414,-168509,-16857396,10527,E06000032,E06000032,5810,1740,1270,1430,1370,"VOA/HMRC Valuation Office, Non-domestic rating: stock of properties, 31 March 2025 edition"
2022,2022-23,E2237,54633740,176650,57404,Maidstone,4164,NA,4737370,-1580727,-3226877,57404,-2992823,176650,E07000110,E07000110,5280,1040,1330,1410,1500,"VOA/HMRC Valuation Office, Non-domestic rating: stock of properties, 31 March 2025 edition"
2022,2022-23,E1539,12993262,164171,-63275,Maldon,-0,NA,666513,-152096,-424000,-63275,-323104,164171,E07000074,E07000074,2540,450,360,990,740,"VOA/HMRC Valuation Office, Non-domestic rating: stock of properties, 31 March 2025 edition"
2022,2022-23,E1851,14722814,10420,-30766,Malvern Hills,-0,NA,728724,-129538,-187123,-30766,-207469,10420,E07000235,E07000235,2990,540,480,940,1030,"VOA/HMRC Valuation Office, Non-domestic rating: stock of properties, 31 March 2025 edition"
2022,2022-23,E4203,322711386,5941329,2694986,Manchester,-0,NA,42505901,-38239871,-55402860,2694986,-46766545,5941329,E08000003,E08000003,27440,5710,8810,4590,8330,"VOA/HMRC Valuation Office, Non-domestic rating: stock of properties, 31 March 2025 edition"
2022,2022-23,E3035,26530657,442157,-804050,Mansfield,-0,NA,2168997,-1172605,-1281407,-804050,-1643300,442157,E07000174,E07000174,3350,930,700,990,730,"VOA/HMRC Valuation Office, Non-domestic rating: stock of properties, 31 March 2025 edition"
2022,2022-23,E2201,87469170,783446,-2406895,Medway,-0,NA,9842085,-5597687,-4360217,-2406895,-5983666,783446,E06000035,E06000035,6430,1900,1020,1940,1560,"VOA/HMRC Valuation Office, Non-domestic rating: stock of properties, 31 March 2025 edition"
2022,2022-23,E2436,13341431,25787,-65759,Melton,-0,NA,1104003,-693982,-177278,-65759,-217250,25787,E07000133,E07000133,1670,360,180,620,510,"VOA/HMRC Valuation Office, Non-domestic rating: stock of properties, 31 March 2025 edition"
2022,2022-23,E3331,32908119,80726,-495824,Mendip,-0,NA,3690462,-2871478,-1718009,-495824,-2133107,80726,E07000187,E07000187,4680,1050,690,1560,1380,"VOA/HMRC Valuation Office, Non-domestic rating: stock of properties, 31 March 2025 edition"
2022,2022-23,E5044,77217577,267801,-253385,Merton,-0,NA,5292187,-6453636,-3993920,-253385,-3979504,267801,E09000024,E09000024,5420,1690,1210,1060,1460,"VOA/HMRC Valuation Office, Non-domestic rating: stock of properties, 31 March 2025 edition"
2022,2022-23,E1133,14849232,13293,-80501,Mid Devon,-5987,NA,1238287,-744825,-688377,-80501,-755585,13293,E07000042,E07000042,3430,560,300,1210,1370,"VOA/HMRC Valuation Office, Non-domestic rating: stock of properties, 31 March 2025 edition"
2022,2022-23,E3534,24606435,20063,386491,Mid Suffolk,-0,NA,390963,-1057500,-616860,386491,-210306,20063,E07000203,E07000203,3610,510,540,1320,1240,"VOA/HMRC Valuation Office, Non-domestic rating: stock of properties, 31 March 2025 edition"
2022,2022-23,E3836,43945245,64543,-133469,Mid Sussex,-0,NA,2703868,-1728595,-2514015,-133469,-2582941,64543,E07000228,E07000228,4560,1030,960,1190,1370,"VOA/HMRC Valuation Office, Non-domestic rating: stock of properties, 31 March 2025 edition"
2022,2022-23,E0702,34318594,70587,-70587,Middlesbrough,-0,NA,11744774,-3406923,-8987292,-70587,-8987292,70587,E06000002,E06000002,4630,1410,960,1100,1150,"VOA/HMRC Valuation Office, Non-domestic rating: stock of properties, 31 March 2025 edition"
2022,2022-23,E0401,177856881,1168724,-1258724,Milton Keynes,-0,NA,4680924,-6822794,-2170000,-1258724,-2260000,1168724,E06000042,E06000042,8570,1660,2700,2240,1980,"VOA/HMRC Valuation Office, Non-domestic rating: stock of properties, 31 March 2025 edition"
2022,2022-23,E3634,36676103,24775,277717,Mole Valley,-0,NA,5851618,-2493007,-4102337,277717,-3799845,24775,E07000210,E07000210,3340,700,930,840,880,"VOA/HMRC Valuation Office, Non-domestic rating: stock of properties, 31 March 2025 edition"
2022,2022-23,E1738,61065364,117470,-187940,New Forest,-0,NA,1193783,-3656860,-261360,-187940,-331830,117470,E07000091,E07000091,7260,1570,870,1880,2940,"VOA/HMRC Valuation Office, Non-domestic rating: stock of properties, 31 March 2025 edition"
2022,2022-23,E3036,41059669,113458,-522340,Newark and Sherwood,-0,NA,2915205,-1464699,-949768,-522340,-1358650,113458,E07000175,E07000175,4330,940,800,1340,1250,"VOA/HMRC Valuation Office, Non-domestic rating: stock of properties, 31 March 2025 edition"
2022,2022-23,E4502,118766758,1914343,1825995,Newcastle upon Tyne,-0,NA,13835502,-7651978,-16938542,1825995,-13198204,1914343,E08000021,E08000021,11980,2980,3890,1980,3130,"VOA/HMRC Valuation Office, Non-domestic rating: stock of properties, 31 March 2025 edition"
2022,2022-23,E3434,32710072,278833,-43942,Newcastle-under-Lyme,-0,NA,1653728,-760182,-824029,-43942,-589138,278833,E07000195,E07000195,3650,970,700,1030,950,"VOA/HMRC Valuation Office, Non-domestic rating: stock of properties, 31 March 2025 edition"
2022,2022-23,E5045,146867463,2161640,-3295153,Newham,-0,NA,11232856,-14002741,-7297213,-3295153,-8430726,2161640,E09000025,E09000025,7890,3690,1360,1360,1480,"VOA/HMRC Valuation Office, Non-domestic rating: stock of properties, 31 March 2025 edition"
2022,2022-23,E1134,23921921,189395,-157927,North Devon,-0,NA,1332141,-1732978,-793108,-157927,-761640,189395,E07000043,E07000043,6440,1150,520,1320,3450,"VOA/HMRC Valuation Office, Non-domestic rating: stock of properties, 31 March 2025 edition"
2022,2022-23,E1038,15900767,73453,-163257,North East Derbyshire,-0,NA,1176073,-245142,-413566,-163257,-503370,73453,E07000038,E07000038,2930,580,410,960,980,"VOA/HMRC Valuation Office, Non-domestic rating: stock of properties, 31 March 2025 edition"
2022,2022-23,E2003,54427762,468922,-330145,North East Lincolnshire,-0,NA,8013402,-3622422,-2651011,-330145,-2512234,468922,E06000012,E06000012,5620,1670,730,1790,1430,"VOA/HMRC Valuation Office, Non-domestic rating: stock of properties, 31 March 2025 edition"
2022,2022-23,E1935,33635593,339369,549522,North Hertfordshire,-0,NA,2035969,-1427065,-2115369,549522,-1226478,339369,E07000099,E07000099,4660,970,980,1600,1110,"VOA/HMRC Valuation Office, Non-domestic rating: stock of properties, 31 March 2025 edition"
2022,2022-23,E2534,27185491,28082,-250000,North Kesteven,-0,NA,627712,-1578154,-245138,-250000,-467056,28082,E07000139,E07000139,3430,570,570,1300,990,"VOA/HMRC Valuation Office, Non-domestic rating: stock of properties, 31 March 2025 edition"
2022,2022-23,E2004,79318322,153790,-409790,North Lincolnshire,-0,NA,7022430,-1371974,-1813000,-409790,-2069000,153790,E06000013,E06000013,5670,1480,580,2070,1550,"VOA/HMRC Valuation Office, Non-domestic rating: stock of properties, 31 March 2025 edition"
2022,2022-23,E2635,24113233,47447,-4211,North Norfolk,-0,NA,355900,-494224,-254611,-4211,-211375,47447,E07000147,E07000147,8170,1190,420,1450,5100,"VOA/HMRC Valuation Office, Non-domestic rating: stock of properties, 31 March 2025 edition"
2022,2022-23,E2801,129174201,97845,385650,North Northamptonshire,-0,NA,8797521,-6740221,-3620863,385650,-3137368,97845,E06000061,E06000061,11850,2380,1770,5170,2530,"VOA/HMRC Valuation Office, Non-domestic rating: stock of properties, 31 March 2025 edition"
2022,2022-23,E0104,56562313,400000,-349559,North Somerset,-0,NA,4994598,-3315825,-3075814,-349559,-3025373,400000,E06000024,E06000024,6560,1480,1250,1850,1980,"VOA/HMRC Valuation Office, Non-domestic rating: stock of properties, 31 March 2025 edition"
2022,2022-23,E4503,55003505,1608912,-1166591,North Tyneside,-0,NA,8021828,-1981104,-3900823,-1166591,-3458502,1608912,E08000022,E08000022,6210,1760,1340,1760,1360,"VOA/HMRC Valuation Office, Non-domestic rating: stock of properties, 31 March 2025 edition"
2022,2022-23,E3731,53779145,-0,69841,North Warwickshire,-0,NA,2510507,-732058,-1448978,69841,-1379137,0,E07000218,E07000218,2430,410,390,960,670,"VOA/HMRC Valuation Office, Non-domestic rating: stock of properties, 31 March 2025 edition"
2022,2022-23,E2437,76352780,126810,149236,North West Leicestershire,-0,NA,989390,-530633,-867005,149236,-590959,126810,E07000134,E07000134,3560,690,830,1160,880,"VOA/HMRC Valuation Office, Non-domestic rating: stock of properties, 31 March 2025 edition"
2022,2022-23,E2901,75889681,-20659,-262553,Northumberland UA,-0,NA,6841450,-1187721,-3256085,-262553,-3539297,-20659,E06000057,E06000057,14230,2720,1600,3340,6570,"VOA/HMRC Valuation Office, Non-domestic rating: stock of properties, 31 March 2025 edition"
2022,2022-23,E2636,69330318,418446,-1243958,Norwich,-0,NA,5349740,-2263429,-3292822,-1243958,-4118334,418446,E07000148,E07000148,6940,1710,1820,1370,2050,"VOA/HMRC Valuation Office, Non-domestic rating: stock of properties, 31 March 2025 edition"
2022,2022-23,E3001,121835769,898170,-3052270,Nottingham,-0,NA,43029741,-13909159,-25668750,-3052270,-27822850,898170,E06000018,E06000018,11730,3010,2530,3030,3160,"VOA/HMRC Valuation Office, Non-domestic rating: stock of properties, 31 March 2025 edition"
2022,2022-23,E3732,31116709,149002,-299429,Nuneaton and Bedworth,-0,NA,2190469,-610957,-1249679,-299429,-1400106,149002,E07000219,E07000219,3270,920,360,1220,770,"VOA/HMRC Valuation Office, Non-domestic rating: stock of properties, 31 March 2025 edition"
2022,2022-23,E2438,11268510,248588,-13974,Oadby and Wigston,-0,NA,1228530,-903877,-382997,-13974,-148383,248588,E07000135,E07000135,1420,420,180,550,270,"VOA/HMRC Valuation Office, Non-domestic rating: stock of properties, 31 March 2025 edition"
2022,2022-23,E4204,49170742,-207885,235747,Oldham,-0,NA,8651825,-3939478,-6473110,235747,-6445248,-207885,E08000004,E08000004,7990,2190,1340,2690,1780,"VOA/HMRC Valuation Office, Non-domestic rating: stock of properties, 31 March 2025 edition"
2022,2022-23,E3132,85091447,471013,1043677,Oxford,-0,NA,8821976,-8793587,-4272961,1043677,-2758271,471013,E07000178,E07000178,4610,1300,1190,540,1580,"VOA/HMRC Valuation Office, Non-domestic rating: stock of properties, 31 March 2025 edition"
2022,2022-23,E2338,15008129,-0,-550000,Pendle,1666,NA,565222,-997249,-770000,-550000,-1320000,0,E07000122,E07000122,3890,1120,600,1360,800,"VOA/HMRC Valuation Office, Non-domestic rating: stock of properties, 31 March 2025 edition"
2022,2022-23,E0501,97812557,4009150,-19829,Peterborough,-0,NA,6624856,-2207823,-8973576,-19829,-4984255,4009150,E06000031,E06000031,6360,1410,1520,1830,1590,"VOA/HMRC Valuation Office, Non-domestic rating: stock of properties, 31 March 2025 edition"
2022,2022-23,E1101,81136712,180986,-216866,Plymouth,-0,NA,1979843,-1143205,-926408,-216866,-962288,180986,E06000026,E06000026,7910,1970,1480,2060,2400,"VOA/HMRC Valuation Office, Non-domestic rating: stock of properties, 31 March 2025 edition"
2022,2022-23,E1701,74593136,505248,417856,Portsmouth,-0,NA,7022090,-4119757,-5933898,417856,-5010794,505248,E06000044,E06000044,6490,2060,920,1460,2050,"VOA/HMRC Valuation Office, Non-domestic rating: stock of properties, 31 March 2025 edition"
2022,2022-23,E2339,49987015,335767,-345645,Preston,-0,NA,10959157,-914993,-10537014,-345645,-10546892,335767,E07000123,E07000123,6370,1640,1320,2100,1320,"VOA/HMRC Valuation Office, Non-domestic rating: stock of properties, 31 March 2025 edition"
2022,2022-23,E0303,119406211,937715,-1268715,Reading,-0,NA,12427169,-18084750,-8523000,-1268715,-8854000,937715,E06000038,E06000038,5590,1490,1730,930,1430,"VOA/HMRC Valuation Office, Non-domestic rating: stock of properties, 31 March 2025 edition"
2022,2022-23,E5046,45323485,686352,-950352,Redbridge,-0,NA,13653825,-5910281,-11074919,-950352,-11338919,686352,E09000026,E09000026,6700,2710,1390,830,1770,"VOA/HMRC Valuation Office, Non-domestic rating: stock of properties, 31 March 2025 edition"
2022,2022-23,E0703,32133593,131945,-38641,Redcar and Cleveland,-0,NA,2655062,-3111740,-1477102,-38641,-1383798,131945,E06000003,E06000003,4330,1200,670,1230,1220,"VOA/HMRC Valuation Office, Non-domestic rating: stock of properties, 31 March 2025 edition"
2022,2022-23,E1835,31308336,771507,-380995,Redditch,-0,NA,3375136,-2608281,-2073702,-380995,-1683190,771507,E07000236,E07000236,2620,500,530,1080,510,"VOA/HMRC Valuation Office, Non-domestic rating: stock of properties, 31 March 2025 edition"
2022,2022-23,E3635,47875792,377357,-247446,Reigate and Banstead,-0,NA,780151,-354812,-754032,-247446,-624121,377357,E07000211,E07000211,3670,1060,860,790,960,"VOA/HMRC Valuation Office, Non-domestic rating: stock of properties, 31 March 2025 edition"
2022,2022-23,E2340,13777748,173605,-53605,Ribble Valley,-0,NA,538080,-289409,-443000,-53605,-323000,173605,E07000124,E07000124,2700,550,470,810,870,"VOA/HMRC Valuation Office, Non-domestic rating: stock of properties, 31 March 2025 edition"
2022,2022-23,E5047,73127802,331046,-915046,Richmond upon Thames,-0,NA,14487085,-11226128,-5510000,-915046,-6094000,331046,E09000027,E09000027,5830,2050,1650,540,1600,"VOA/HMRC Valuation Office, Non-domestic rating: stock of properties, 31 March 2025 edition"
2022,2022-23,E2734,10775301,44334,-132043,Richmondshire,-2270,NA,500898,-231507,-190377,-132043,-278086,44334,E07000166,E07000166,2990,410,260,700,1630,"VOA/HMRC Valuation Office, Non-domestic rating: stock of properties, 31 March 2025 edition"
2022,2022-23,E4205,61703941,199490,-166833,Rochdale,-0,NA,4547880,-2178205,-2512633,-166833,-2479976,199490,E08000005,E08000005,8830,2060,1190,3970,1610,"VOA/HMRC Valuation Office, Non-domestic rating: stock of properties, 31 March 2025 edition"
2022,2022-23,E1540,14937772,13042,-7515,Rochford,-0,NA,366682,-258142,-273124,-7515,-267597,13042,E07000075,E07000075,2800,510,400,1280,610,"VOA/HMRC Valuation Office, Non-domestic rating: stock of properties, 31 March 2025 edition"
2022,2022-23,E2341,10582822,29404,107556,Rossendale,-0,NA,1540348,-85968,-1564429,107556,-1427469,29404,E07000125,E07000125,2810,670,440,1110,590,"VOA/HMRC Valuation Office, Non-domestic rating: stock of properties, 31 March 2025 edition"
2022,2022-23,E1436,16359741,121972,-341279,Rother,-0,NA,1696051,-1040926,-1102821,-341279,-1322128,121972,E07000064,E07000064,4220,990,390,1020,1830,"VOA/HMRC Valuation Office, Non-domestic rating: stock of properties, 31 March 2025 edition"
2022,2022-23,E4403,68695330,220083,-500516,Rotherham,-0,NA,5585300,-441970,-1751420,-500516,-2031853,220083,E08000018,E08000018,7710,2200,1130,2770,1610,"VOA/HMRC Valuation Office, Non-domestic rating: stock of properties, 31 March 2025 edition"
2022,2022-23,E3733,52069612,25111,-112630,Rugby,-48215,NA,2639428,-1394642,-129511,-112630,-217030,25111,E07000220,E07000220,3030,690,500,950,890,"VOA/HMRC Valuation Office, Non-domestic rating: stock of properties, 31 March 2025 edition"
2022,2022-23,E3636,52953304,-0,-182400,Runnymede,74884,NA,1127160,-2770573,-504176,-182400,-686576,0,E07000212,E07000212,2830,510,790,730,810,"VOA/HMRC Valuation Office, Non-domestic rating: stock of properties, 31 March 2025 edition"
2022,2022-23,E3038,27780570,158,-25000,Rushcliffe,-0,NA,777014,-966287,-637691,-25000,-662533,158,E07000176,E07000176,2990,660,610,740,970,"VOA/HMRC Valuation Office, Non-domestic rating: stock of properties, 31 March 2025 edition"
2022,2022-23,E1740,43533396,478078,34000,Rushmoor,-0,NA,2163907,-1510380,-1807587,34000,-1295509,478078,E07000092,E07000092,2580,740,730,520,580,"VOA/HMRC Valuation Office, Non-domestic rating: stock of properties, 31 March 2025 edition"
2022,2022-23,E2402,9806925,23637,-58327,Rutland,-0,NA,236800,-127237,-66622,-58327,-101312,23637,E06000017,E06000017,1730,310,330,500,600,"VOA/HMRC Valuation Office, Non-domestic rating: stock of properties, 31 March 2025 edition"
2022,2022-23,E2755,15604936,39604,5408,Ryedale,-0,NA,420293,-144803,-224234,5408,-179222,39604,E07000167,E07000167,3220,580,270,860,1510,"VOA/HMRC Valuation Office, Non-domestic rating: stock of properties, 31 March 2025 edition"
2022,2022-23,E4206,85091156,1174237,-1221550,Salford,-0,NA,21860541,-4703861,-16254572,-1221550,-16301885,1174237,E08000006,E08000006,11930,2110,2360,2500,4960,"VOA/HMRC Valuation Office, Non-domestic rating: stock of properties, 31 March 2025 edition"
2022,2022-23,E4604,96713398,1158261,-3965790,Sandwell,-0,NA,6979397,-1619575,-2035040,-3965790,-4842569,1158261,E08000028,E08000028,10970,2940,1020,4530,2470,"VOA/HMRC Valuation Office, Non-domestic rating: stock of properties, 31 March 2025 edition"
2022,2022-23,E2736,31420623,-0,66280,Scarborough,297623,NA,1455254,-1303781,-825312,66280,-759032,0,E07000168,E07000168,8460,1580,620,1220,5040,"VOA/HMRC Valuation Office, Non-domestic rating: stock of properties, 31 March 2025 edition"
2022,2022-23,E3332,36624373,-0,-185580,Sedgemoor,133070,NA,2858514,-771485,-943905,-185580,-1129485,0,E07000188,E07000188,4620,860,490,1760,1520,"VOA/HMRC Valuation Office, Non-domestic rating: stock of properties, 31 March 2025 edition"
2022,2022-23,E4304,63098761,-4573,2599573,Sefton,-0,NA,7922261,-3141432,-8314000,2599573,-5719000,-4573,E08000014,E08000014,8000,3100,1080,1840,1980,"VOA/HMRC Valuation Office, Non-domestic rating: stock of properties, 31 March 2025 edition"
2022,2022-23,E2757,36285370,216098,-144630,Selby,-0,NA,1381976,-753558,-764682,-144630,-693214,216098,E07000169,E07000169,2800,520,420,990,870,"VOA/HMRC Valuation Office, Non-domestic rating: stock of properties, 31 March 2025 edition"
2022,2022-23,E2239,30029079,78730,-246230,Sevenoaks,-0,NA,3861005,-2751414,-1375500,-246230,-1543000,78730,E07000111,E07000111,4210,830,870,1390,1110,"VOA/HMRC Valuation Office, Non-domestic rating: stock of properties, 31 March 2025 edition"
2022,2022-23,E4404,199396943,348153,-4029886,Sheffield,-0,NA,18500788,-6021160,-10711618,-4029886,-14393351,348153,E08000019,E08000019,19030,5160,3810,5370,4690,"VOA/HMRC Valuation Office, Non-domestic rating: stock of properties, 31 March 2025 edition"
2022,2022-23,E3202,79739627,-0,-1018951,Shropshire UA,-5166,NA,6934925,-4778753,-4122985,-1018951,-5141936,0,E06000051,E06000051,12690,2870,1800,3860,4160,"VOA/HMRC Valuation Office, Non-domestic rating: stock of properties, 31 March 2025 edition"
2022,2022-23,E0304,86001492,896447,1687000,Slough,-0,NA,11530579,-4303578,-8268836,1687000,-5685389,896447,E06000039,E06000039,3900,1030,1040,980,850,"VOA/HMRC Valuation Office, Non-domestic rating: stock of properties, 31 March 2025 edition"
2022,2022-23,E4605,114643410,81976,126824,Solihull,-0,NA,4524251,-7182131,-2198600,126824,-1989800,81976,E08000029,E08000029,5620,1500,1780,720,1610,"VOA/HMRC Valuation Office, Non-domestic rating: stock of properties, 31 March 2025 edition"
2022,2022-23,E3336,42931559,151856,-308843,Somerset West & Taunton,-0,NA,4483444,-2078808,-1879670,-308843,-2036657,151856,E07000246,E07000246,6840,1280,930,2080,2550,"VOA/HMRC Valuation Office, Non-domestic rating: stock of properties, 31 March 2025 edition"
2022,2022-23,E0536,91794393,715665,-2080995,South Cambridgeshire,-24298,NA,3114186,-3786479,-792726,-2080995,-2158056,715665,E07000012,E07000012,5540,490,2070,1570,1410,"VOA/HMRC Valuation Office, Non-domestic rating: stock of properties, 31 March 2025 edition"
2022,2022-23,E1039,26073653,29689,-8224,South Derbyshire,-0,NA,2275618,-539753,-1879392,-8224,-1857927,29689,E07000039,E07000039,2480,490,330,910,750,"VOA/HMRC Valuation Office, Non-domestic rating: stock of properties, 31 March 2025 edition"
2022,2022-23,E0103,140672716,128862,-660753,South Gloucestershire,-0,NA,5656651,-3819516,-300385,-660753,-832276,128862,E06000025,E06000025,7850,1580,1690,2490,2100,"VOA/HMRC Valuation Office, Non-domestic rating: stock of properties, 31 March 2025 edition"
2022,2022-23,E1136,25442488,137878,-204010,South Hams,-0,NA,2291852,-540204,-1206747,-204010,-1272879,137878,E07000044,E07000044,6260,920,680,1510,3140,"VOA/HMRC Valuation Office, Non-domestic rating: stock of properties, 31 March 2025 edition"
2022,2022-23,E2535,22248462,13983,384017,South Holland,-0,NA,3197131,-676514,-2154000,384017,-1756000,13983,E07000140,E07000140,2890,700,420,900,870,"VOA/HMRC Valuation Office, Non-domestic rating: stock of properties, 31 March 2025 edition"
2022,2022-23,E2536,40040419,544867,-366867,South Kesteven,-0,NA,1717532,-937820,-564000,-366867,-386000,544867,E07000141,E07000141,4680,1200,830,1370,1280,"VOA/HMRC Valuation Office, Non-domestic rating: stock of properties, 31 March 2025 edition"
2022,2022-23,E0936,36274167,159741,-327373,South Lakeland,-0,NA,2895014,-1851858,-1286125,-327373,-1453757,159741,E07000031,E07000031,9120,1490,900,1600,5130,"VOA/HMRC Valuation Office, Non-domestic rating: stock of properties, 31 March 2025 edition"
2022,2022-23,E2637,28636360,63781,-145593,South Norfolk,-0,NA,485312,-107557,-369580,-145593,-451392,63781,E07000149,E07000149,4970,760,800,1640,1770,"VOA/HMRC Valuation Office, Non-domestic rating: stock of properties, 31 March 2025 edition"
2022,2022-23,E3133,44921379,-0,10920,South Oxfordshire,-0,NA,7615133,-4260127,-5269410,10920,-5258490,0,E07000179,E07000179,4430,900,1060,1250,1230,"VOA/HMRC Valuation Office, Non-domestic rating: stock of properties, 31 March 2025 edition"
2022,2022-23,E2342,34940279,14826,-806908,South Ribble,-0,NA,3595407,-551702,-1811600,-806908,-2603682,14826,E07000126,E07000126,3340,860,530,1190,770,"VOA/HMRC Valuation Office, Non-domestic rating: stock of properties, 31 March 2025 edition"
2022,2022-23,E3334,38314107,251303,-215453,South Somerset,-0,NA,5439462,-777907,-3025100,-215453,-2989250,251303,E07000189,E07000189,6310,1240,840,2190,2040,"VOA/HMRC Valuation Office, Non-domestic rating: stock of properties, 31 March 2025 edition"
2022,2022-23,E3435,25452209,24024,0,South Staffordshire,-0,NA,557487,-310209,-380482,0,-356458,24024,E07000196,E07000196,2820,580,530,870,840,"VOA/HMRC Valuation Office, Non-domestic rating: stock of properties, 31 March 2025 edition"
2022,2022-23,E4504,25265605,149818,-330647,South Tyneside,-0,NA,3154774,-2143501,-1768209,-330647,-1949038,149818,E08000023,E08000023,3890,1310,650,1010,920,"VOA/HMRC Valuation Office, Non-domestic rating: stock of properties, 31 March 2025 edition"
2022,2022-23,E1702,89275964,329600,-1258633,Southampton,-0,NA,7262934,-8136731,-4277843,-1258633,-5206876,329600,E06000045,E06000045,6880,2030,1460,1430,1960,"VOA/HMRC Valuation Office, Non-domestic rating: stock of properties, 31 March 2025 edition"
2022,2022-23,E1501,38067885,596636,-69568,Southend-on-Sea,39614,NA,1413257,-1698966,-1342293,-69568,-815225,596636,E06000033,E06000033,5800,2220,820,1140,1630,"VOA/HMRC Valuation Office, Non-domestic rating: stock of properties, 31 March 2025 edition"
2022,2022-23,E5019,286043468,-0,-1242915,Southwark,3060792,NA,34622344,-37865366,-19580418,-1242915,-20823333,0,E09000028,E09000028,12970,3070,4940,2460,2510,"VOA/HMRC Valuation Office, Non-domestic rating: stock of properties, 31 March 2025 edition"
2022,2022-23,E3637,45517080,202744,780519,Spelthorne,-0,NA,2641373,-2121761,-3624635,780519,-2641372,202744,E07000213,E07000213,2480,790,470,600,620,"VOA/HMRC Valuation Office, Non-domestic rating: stock of properties, 31 March 2025 edition"
2022,2022-23,E1936,52867930,40340,-229340,St Albans,3666,NA,3043435,-1419714,-2832000,-229340,-3021000,40340,E07000240,E07000240,4040,980,1150,720,1190,"VOA/HMRC Valuation Office, Non-domestic rating: stock of properties, 31 March 2025 edition"
2022,2022-23,E4303,47943564,552275,-781575,St. Helens,-0,NA,9953123,-1275476,-7734166,-781575,-7963466,552275,E08000013,E08000013,4740,1610,750,1370,1010,"VOA/HMRC Valuation Office, Non-domestic rating: stock of properties, 31 March 2025 edition"
2022,2022-23,E3436,42641180,763660,-682267,Stafford,-0,NA,4021463,-2256668,-2456454,-682267,-2375061,763660,E07000197,E07000197,4390,1060,840,1300,1200,"VOA/HMRC Valuation Office, Non-domestic rating: stock of properties, 31 March 2025 edition"
2022,2022-23,E3437,18792385,74769,-210077,Staffordshire Moorlands,-0,NA,532390,-780671,-303029,-210077,-438337,74769,E07000198,E07000198,3180,750,260,1000,1180,"VOA/HMRC Valuation Office, Non-domestic rating: stock of properties, 31 March 2025 edition"
2022,2022-23,E1937,44595564,123688,-121525,Stevenage,-0,NA,1486453,-1725335,-981605,-121525,-979442,123688,E07000243,E07000243,2280,540,610,530,610,"VOA/HMRC Valuation Office, Non-domestic rating: stock of properties, 31 March 2025 edition"
2022,2022-23,E4207,78333485,113767,29958,Stockport,-0,NA,8985327,-3319025,-7895053,29958,-7751328,113767,E08000007,E08000007,11430,2770,2570,2870,3220,"VOA/HMRC Valuation Office, Non-domestic rating: stock of properties, 31 March 2025 edition"
2022,2022-23,E0704,79553520,93261,-1433261,Stockton-on-Tees,-0,NA,2440251,-2087978,-1100000,-1433261,-2440000,93261,E06000004,E06000004,5800,1530,1310,1410,1550,"VOA/HMRC Valuation Office, Non-domestic rating: stock of properties, 31 March 2025 edition"
2022,2022-23,E3401,81090929,-0,-2095517,Stoke-on-Trent,387647,NA,8564563,-5166793,-4600000,-2095517,-6695517,0,E06000021,E06000021,9390,2690,1430,3440,1830,"VOA/HMRC Valuation Office, Non-domestic rating: stock of properties, 31 March 2025 edition"
2022,2022-23,E3734,50844545,531703,0,Stratford-on-Avon,-0,NA,6413012,-1666572,-2874539,0,-2342836,531703,E07000221,E07000221,6090,980,1190,1640,2280,"VOA/HMRC Valuation Office, Non-domestic rating: stock of properties, 31 March 2025 edition"
2022,2022-23,E1635,26773298,115136,128976,Stroud,-0,NA,2740853,-1688929,-1248371,128976,-1004259,115136,E07000082,E07000082,4300,800,770,1630,1110,"VOA/HMRC Valuation Office, Non-domestic rating: stock of properties, 31 March 2025 edition"
2022,2022-23,E4505,77440591,741648,227924,Sunderland,-0,NA,9290406,-3787710,-6442794,227924,-5473222,741648,E08000024,E08000024,8540,2450,1580,2500,2010,"VOA/HMRC Valuation Office, Non-domestic rating: stock of properties, 31 March 2025 edition"
2022,2022-23,E3638,28836171,216825,-210031,Surrey Heath,20276,NA,936041,-1902024,-347638,-210031,-340844,216825,E07000214,E07000214,2950,600,790,670,880,"VOA/HMRC Valuation Office, Non-domestic rating: stock of properties, 31 March 2025 edition"
2022,2022-23,E5048,50557865,423138,-770820,Sutton,-0,NA,2414245,-1717162,-1382242,-770820,-1729924,423138,E09000029,E09000029,4030,1750,590,740,950,"VOA/HMRC Valuation Office, Non-domestic rating: stock of properties, 31 March 2025 edition"
2022,2022-23,E2241,51339501,148495,1001132,Swale,-0,NA,2879562,-1212624,-3190712,1001132,-2041085,148495,E07000113,E07000113,4810,990,760,1640,1430,"VOA/HMRC Valuation Office, Non-domestic rating: stock of properties, 31 March 2025 edition"
2022,2022-23,E3901,102072810,648623,-544545,Swindon,-0,NA,4578535,-2919355,-2916424,-544545,-2812346,648623,E06000030,E06000030,5850,1370,1460,1630,1390,"VOA/HMRC Valuation Office, Non-domestic rating: stock of properties, 31 March 2025 edition"
2022,2022-23,E4208,50566053,-0,-2103290,Tameside,-441805,NA,5761826,-2071897,-1246710,-2103290,-3350000,0,E08000008,E08000008,7850,2240,1030,2880,1690,"VOA/HMRC Valuation Office, Non-domestic rating: stock of properties, 31 March 2025 edition"
2022,2022-23,E3439,32441786,92601,-1826,Tamworth,-0,NA,1029788,-1800217,-942985,-1826,-852210,92601,E07000199,E07000199,2110,530,420,720,450,"VOA/HMRC Valuation Office, Non-domestic rating: stock of properties, 31 March 2025 edition"
2022,2022-23,E3639,15923638,48493,-53576,Tandridge,4607,NA,1104954,-744115,-257346,-53576,-262429,48493,E07000215,E07000215,2980,620,510,1040,810,"VOA/HMRC Valuation Office, Non-domestic rating: stock of properties, 31 March 2025 edition"
2022,2022-23,E1137,24938891,33475,-28475,Teignbridge,-0,NA,580961,-375138,-420000,-28475,-415000,33475,E07000045,E07000045,5620,1050,740,1760,2070,"VOA/HMRC Valuation Office, Non-domestic rating: stock of properties, 31 March 2025 edition"
2022,2022-23,E3201,70423392,280459,-283459,Telford and Wrekin,-0,NA,3463194,-2890030,-1723000,-283459,-1726000,280459,E06000020,E06000020,5340,1240,900,1810,1390,"VOA/HMRC Valuation Office, Non-domestic rating: stock of properties, 31 March 2025 edition"
2022,2022-23,E1542,23970437,338977,319877,Tendring,-0,NA,2175339,-1506076,-1609886,319877,-951032,338977,E07000076,E07000076,8560,1270,630,1810,4860,"VOA/HMRC Valuation Office, Non-domestic rating: stock of properties, 31 March 2025 edition"
2022,2022-23,E1742,49015204,106992,-393066,Test Valley,-0,NA,3204450,-2141921,-1446137,-393066,-1732211,106992,E07000093,E07000093,4640,680,810,2060,1090,"VOA/HMRC Valuation Office, Non-domestic rating: stock of properties, 31 March 2025 edition"
2022,2022-23,E1636,37799543,13991,147611,Tewkesbury,-0,NA,1769892,-1938507,-825964,147611,-664362,13991,E07000083,E07000083,3040,440,600,1220,780,"VOA/HMRC Valuation Office, Non-domestic rating: stock of properties, 31 March 2025 edition"
2022,2022-23,E2242,30816808,318843,-612739,Thanet,-0,NA,4123493,-2127663,-2236776,-612739,-2530672,318843,E07000114,E07000114,5620,1570,650,1420,1980,"VOA/HMRC Valuation Office, Non-domestic rating: stock of properties, 31 March 2025 edition"
2022,2022-23,E1938,26151766,35655,26634,Three Rivers,-0,NA,1405810,-1660100,-994847,26634,-932558,35655,E07000102,E07000102,2100,390,660,480,570,"VOA/HMRC Valuation Office, Non-domestic rating: stock of properties, 31 March 2025 edition"
2022,2022-23,E1502,123399272,162347,-1008500,Thurrock,-0,NA,7311768,-2211776,-1424701,-1008500,-2270854,162347,E06000034,E06000034,4340,1200,460,1640,1040,"VOA/HMRC Valuation Office, Non-domestic rating: stock of properties, 31 March 2025 edition"
2022,2022-23,E2243,54662186,66831,-135845,Tonbridge and Malling,-0,NA,1638448,-2077833,-560000,-135845,-629014,66831,E07000115,E07000115,3720,650,990,1030,1060,"VOA/HMRC Valuation Office, Non-domestic rating: stock of properties, 31 March 2025 edition"
2022,2022-23,E1102,27888395,241114,-956247,Torbay,-0,NA,5350784,-3048919,-1947319,-956247,-2662452,241114,E06000027,E06000027,5650,1780,540,950,2370,"VOA/HMRC Valuation Office, Non-domestic rating: stock of properties, 31 March 2025 edition"
2022,2022-23,E1139,10466223,142678,-18518,Torridge,-0,NA,270491,-238436,-262912,-18518,-138752,142678,E07000046,E07000046,4170,620,250,880,2420,"VOA/HMRC Valuation Office, Non-domestic rating: stock of properties, 31 March 2025 edition"
2022,2022-23,E5020,383508048,1851951,-3098218,Tower Hamlets,-0,NA,47588837,-33048486,-15327486,-3098218,-16573753,1851951,E09000030,E09000030,18600,3330,6640,3830,4790,"VOA/HMRC Valuation Office, Non-domestic rating: stock of properties, 31 March 2025 edition"
2022,2022-23,E4209,139287523,1510742,-810738,Trafford,-0,NA,12179409,-11930569,-15662118,-810738,-14962114,1510742,E08000009,E08000009,11070,2200,2290,3030,3550,"VOA/HMRC Valuation Office, Non-domestic rating: stock of properties, 31 March 2025 edition"
2022,2022-23,E2244,47699196,242715,-128247,Tunbridge Wells,-0,NA,3232627,-1642712,-2948249,-128247,-2833781,242715,E07000116,E07000116,4160,1150,920,940,1170,"VOA/HMRC Valuation Office, Non-domestic rating: stock of properties, 31 March 2025 edition"
2022,2022-23,E1544,43241622,67712,-215339,Uttlesford,-0,NA,4121946,-3365477,-2874993,-215339,-3022620,67712,E07000077,E07000077,3510,500,920,1110,980,"VOA/HMRC Valuation Office, Non-domestic rating: stock of properties, 31 March 2025 edition"
2022,2022-23,E3134,63243660,-0,-843397,Vale of White Horse,-0,NA,7918854,-5885183,-4322645,-843397,-5166042,0,E07000180,E07000180,3980,650,1250,990,1090,"VOA/HMRC Valuation Office, Non-domestic rating: stock of properties, 31 March 2025 edition"
2022,2022-23,E4705,125203148,562699,706195,Wakefield,-0,NA,6386226,-748164,-4578128,706195,-3309234,562699,E08000036,E08000036,11870,3300,2060,3920,2590,"VOA/HMRC Valuation Office, Non-domestic rating: stock of properties, 31 March 2025 edition"
2022,2022-23,E4606,65537065,-0,-326072,Walsall,938767,NA,10667193,-1672251,-4690830,-326072,-5016902,0,E08000030,E08000030,8560,2500,1110,3120,1840,"VOA/HMRC Valuation Office, Non-domestic rating: stock of properties, 31 March 2025 edition"
2022,2022-23,E5049,54760576,554542,1720746,Waltham Forest,-0,NA,11869888,-5263915,-11740803,1720746,-9465515,554542,E09000031,E09000031,6830,2990,940,1510,1390,"VOA/HMRC Valuation Office, Non-domestic rating: stock of properties, 31 March 2025 edition"
2022,2022-23,E5021,105280560,424184,495816,Wandsworth,-0,NA,21940704,-12807732,-11640000,495816,-10720000,424184,E09000032,E09000032,8770,3010,1990,1630,2140,"VOA/HMRC Valuation Office, Non-domestic rating: stock of properties, 31 March 2025 edition"
2022,2022-23,E0602,93423025,-0,-298970,Warrington,2739509,NA,16659012,-4341558,-3625799,-298970,-3924769,0,E06000007,E06000007,7010,1580,2020,1930,1490,"VOA/HMRC Valuation Office, Non-domestic rating: stock of properties, 31 March 2025 edition"
2022,2022-23,E3735,65702545,296626,-526726,Warwick,-0,NA,3778166,-926148,-1118700,-526726,-1348800,296626,E07000222,E07000222,5310,1290,1400,1030,1590,"VOA/HMRC Valuation Office, Non-domestic rating: stock of properties, 31 March 2025 edition"
2022,2022-23,E1939,55657152,27538,-386027,Watford,-0,NA,4487171,-2506748,-3896789,-386027,-4255278,27538,E07000103,E07000103,2890,930,570,650,740,"VOA/HMRC Valuation Office, Non-domestic rating: stock of properties, 31 March 2025 edition"
2022,2022-23,E3640,31314113,94976,-1077976,Waverley,-0,NA,2962709,-1359726,-1727000,-1077976,-2710000,94976,E07000216,E07000216,4090,1000,1000,930,1160,"VOA/HMRC Valuation Office, Non-domestic rating: stock of properties, 31 March 2025 edition"
2022,2022-23,E1437,27763183,97699,-351405,Wealden,-0,NA,2713610,-1393298,-1203816,-351405,-1457522,97699,E07000065,E07000065,6680,1110,980,2720,1880,"VOA/HMRC Valuation Office, Non-domestic rating: stock of properties, 31 March 2025 edition"
2022,2022-23,E1940,54217058,173642,-456144,Welwyn Hatfield,-0,NA,2152373,-2430926,-623484,-456144,-905986,173642,E07000241,E07000241,2980,670,810,790,720,"VOA/HMRC Valuation Office, Non-domestic rating: stock of properties, 31 March 2025 edition"
2022,2022-23,E0302,80759456,743,62257,West Berkshire,-738,NA,4700268,-3427746,-693000,62257,-630000,743,E06000037,E06000037,6010,960,1620,1740,1690,"VOA/HMRC Valuation Office, Non-domestic rating: stock of properties, 31 March 2025 edition"
2022,2022-23,E1140,8887726,72110,-64263,West Devon,-0,NA,1364143,-355319,-799592,-64263,-791745,72110,E07000047,E07000047,2420,500,280,600,1040,"VOA/HMRC Valuation Office, Non-domestic rating: stock of properties, 31 March 2025 edition"
2022,2022-23,E2343,28067009,154626,-668158,West Lancashire,-0,NA,6564738,-966918,-3514325,-668158,-4027857,154626,E07000127,E07000127,3460,760,600,1160,930,"VOA/HMRC Valuation Office, Non-domestic rating: stock of properties, 31 March 2025 edition"
2022,2022-23,E2537,15651573,53069,-211129,West Lindsey,-0,NA,1579868,-1200752,-1077012,-211129,-1235072,53069,E07000142,E07000142,3010,630,390,990,1010,"VOA/HMRC Valuation Office, Non-domestic rating: stock of properties, 31 March 2025 edition"
2022,2022-23,E2802,185368832,151125,2140643,West Northamptonshire,28827,NA,8450005,-5667946,-9021762,2140643,-6729994,151125,E06000062,E06000062,12140,2340,2730,3990,3080,"VOA/HMRC Valuation Office, Non-domestic rating: stock of properties, 31 March 2025 edition"
2022,2022-23,E3135,35609195,74186,-269626,West Oxfordshire,-0,NA,2550344,-283735,-597543,-269626,-792983,74186,E07000181,E07000181,4290,740,950,1340,1270,"VOA/HMRC Valuation Office, Non-domestic rating: stock of properties, 31 March 2025 edition"
2022,2022-23,E3539,70949950,300691,-273496,West Suffolk,-0,NA,2449004,-2793240,-1359783,-273496,-1332588,300691,E07000245,E07000245,6420,1370,1110,2080,1870,"VOA/HMRC Valuation Office, Non-domestic rating: stock of properties, 31 March 2025 edition"
2022,2022-23,E5022,1935716509,35437852,-18899544,Westminster,-0,NA,180164240,-243846017,-111199645,-18899544,-94661337,35437852,E09000033,E09000033,38420,6600,22500,1220,8100,"VOA/HMRC Valuation Office, Non-domestic rating: stock of properties, 31 March 2025 edition"
2022,2022-23,E4210,71189567,3351203,-1228085,Wigan,-0,NA,7613073,-1113555,-3887678,-1228085,-1764560,3351203,E08000010,E08000010,9960,3070,1440,2870,2590,"VOA/HMRC Valuation Office, Non-domestic rating: stock of properties, 31 March 2025 edition"
2022,2022-23,E3902,148250717,360017,-366517,Wiltshire UA,-0,NA,6011960,-3666976,-855800,-366517,-862300,360017,E06000054,E06000054,16360,3240,3050,5540,4530,"VOA/HMRC Valuation Office, Non-domestic rating: stock of properties, 31 March 2025 edition"
2022,2022-23,E1743,59264129,-0,-116727,Winchester,149339,NA,4071996,-1691009,-2636471,-116727,-2753198,0,E07000094,E07000094,5140,780,1370,1480,1510,"VOA/HMRC Valuation Office, Non-domestic rating: stock of properties, 31 March 2025 edition"
2022,2022-23,E0305,74533944,626660,820125,Windsor and Maidenhead,-0,NA,6727038,-7712459,-5704501,820125,-4257716,626660,E06000040,E06000040,4850,1280,1420,810,1340,"VOA/HMRC Valuation Office, Non-domestic rating: stock of properties, 31 March 2025 edition"
2022,2022-23,E4305,59706364,445971,-481444,Wirral,-0,NA,6184396,-2618539,-3062576,-481444,-3098049,445971,E08000015,E08000015,8530,3330,1170,2040,1990,"VOA/HMRC Valuation Office, Non-domestic rating: stock of properties, 31 March 2025 edition"
2022,2022-23,E3641,42592978,-0,-1112055,Woking,-68005,NA,4223731,-3055473,-2243000,-1112055,-3355055,0,E07000217,E07000217,2780,760,770,480,770,"VOA/HMRC Valuation Office, Non-domestic rating: stock of properties, 31 March 2025 edition"
2022,2022-23,E0306,63814499,90100,0,Wokingham,-0,NA,4676465,-4654097,-3523864,0,-3433764,90100,E06000041,E06000041,4420,580,1460,1290,1090,"VOA/HMRC Valuation Office, Non-domestic rating: stock of properties, 31 March 2025 edition"
2022,2022-23,E4607,72505335,972538,-2308995,Wolverhampton,-0,NA,10057929,-3272258,-7847565,-2308995,-9184022,972538,E08000031,E08000031,8870,2430,1720,2970,1760,"VOA/HMRC Valuation Office, Non-domestic rating: stock of properties, 31 March 2025 edition"
2022,2022-23,E1837,39419159,136457,-689754,Worcester,-0,NA,4255222,-702101,-1173327,-689754,-1726624,136457,E07000237,E07000237,3210,1040,680,730,760,"VOA/HMRC Valuation Office, Non-domestic rating: stock of properties, 31 March 2025 edition"
2022,2022-23,E3837,23629424,485308,411299,Worthing,-0,NA,2235403,-2172289,-1605077,411299,-708470,485308,E07000229,E07000229,3190,1300,460,480,950,"VOA/HMRC Valuation Office, Non-domestic rating: stock of properties, 31 March 2025 edition"
2022,2022-23,E1838,43293615,59567,-514767,Wychavon,-0,NA,2141105,-694302,-332400,-514767,-787600,59567,E07000238,E07000238,5130,930,900,1740,1560,"VOA/HMRC Valuation Office, Non-domestic rating: stock of properties, 31 March 2025 edition"
2022,2022-23,E2344,21367527,190146,-137721,Wyre,-0,NA,1460262,-666404,-412135,-137721,-359710,190146,E07000128,E07000128,4200,1210,430,1240,1320,"VOA/HMRC Valuation Office, Non-domestic rating: stock of properties, 31 March 2025 edition"
2022,2022-23,E1839,25017338,289150,-415192,Wyre Forest,26326,NA,1888473,-1472443,-987037,-415192,-1113079,289150,E07000239,E07000239,3580,740,700,1080,1060,"VOA/HMRC Valuation Office, Non-domestic rating: stock of properties, 31 March 2025 edition"
2022,2022-23,E2701,87476959,878577,-1119435,York,-0,NA,4192748,-2042746,-2414387,-1119435,-2655245,878577,E06000014,E06000014,7170,1840,1550,1250,2530,"VOA/HMRC Valuation Office, Non-domestic rating: stock of properties, 31 March 2025 edition"
2023,2023-24,E3831,16928563,-0,-158300,Adur,12242,NA,86152,-316355,-182119,-158300,-340419,0,E07000223,E07000223,2300,470,340,620,880,"VOA/HMRC Valuation Office, Non-domestic rating: stock of properties, 31 March 2025 edition"
2023,2023-24,E1031,30799888,109338,-147438,Amber Valley,-0,NA,547646,-1721322,-509500,-147438,-547600,109338,E07000032,E07000032,4010,1050,580,1270,1120,"VOA/HMRC Valuation Office, Non-domestic rating: stock of properties, 31 March 2025 edition"
2023,2023-24,E3832,32461380,145789,-278402,Arun,-0,NA,2084369,-687063,-1547387,-278402,-1680000,145789,E07000224,E07000224,4970,1320,490,1430,1720,"VOA/HMRC Valuation Office, Non-domestic rating: stock of properties, 31 March 2025 edition"
2023,2023-24,E3031,44190727,326473,-697498,Ashfield,-0,NA,1398049,-524075,-1037374,-697498,-1408399,326473,E07000170,E07000170,4010,980,560,1700,770,"VOA/HMRC Valuation Office, Non-domestic rating: stock of properties, 31 March 2025 edition"
2023,2023-24,E2231,49095083,214106,-150356,Ashford,-0,NA,2879745,-1413357,-833886,-150356,-770136,214106,E07000105,E07000105,5430,980,1160,1660,1630,"VOA/HMRC Valuation Office, Non-domestic rating: stock of properties, 31 March 2025 edition"
2023,2023-24,E3531,22615216,149687,-317427,Babergh,-0,NA,1415923,-602983,-621840,-317427,-789580,149687,E07000200,E07000200,3750,610,640,1330,1180,"VOA/HMRC Valuation Office, Non-domestic rating: stock of properties, 31 March 2025 edition"
2023,2023-24,E5030,63037800,4184179,-740179,Barking and Dagenham,4161,NA,8205560,-2404659,-9129000,-740179,-5685000,4184179,E09000002,E09000002,4390,1460,730,1260,940,"VOA/HMRC Valuation Office, Non-domestic rating: stock of properties, 31 March 2025 edition"
2023,2023-24,E5031,91089416,4712622,-803582,Barnet,-0,NA,20186413,-11031590,-13866497,-803582,-9957457,4712622,E09000003,E09000003,8270,3490,1940,760,2080,"VOA/HMRC Valuation Office, Non-domestic rating: stock of properties, 31 March 2025 edition"
2023,2023-24,E4401,58656746,508142,-617566,Barnsley,-0,NA,1475770,-506943,-1366346,-617566,-1475770,508142,E08000016,E08000016,9020,2040,1130,4170,1680,"VOA/HMRC Valuation Office, Non-domestic rating: stock of properties, 31 March 2025 edition"
2023,2023-24,E1531,75341535,517729,-845479,Basildon,-0,NA,2568519,-2224799,-1155500,-845479,-1483250,517729,E07000066,E07000066,4980,1030,900,1990,1070,"VOA/HMRC Valuation Office, Non-domestic rating: stock of properties, 31 March 2025 edition"
2023,2023-24,E1731,69866014,97256,-797256,Basingstoke and Deane,-0,NA,2197517,-3533018,-850001,-797256,-1550001,97256,E07000084,E07000084,4620,750,1370,1180,1320,"VOA/HMRC Valuation Office, Non-domestic rating: stock of properties, 31 March 2025 edition"
2023,2023-24,E3032,46313152,162233,-113854,Bassetlaw,-0,NA,5929649,-896498,-548379,-113854,-500000,162233,E07000171,E07000171,4480,960,720,1520,1280,"VOA/HMRC Valuation Office, Non-domestic rating: stock of properties, 31 March 2025 edition"
2023,2023-24,E0101,56555836,503823,-346505,Bath and North East Somerset UA,-0,NA,3626743,-4446710,-1201425,-346505,-1044107,503823,E06000022,E06000022,6720,1680,1320,1650,2070,"VOA/HMRC Valuation Office, Non-domestic rating: stock of properties, 31 March 2025 edition"
2023,2023-24,E0202,74211070,251527,-923527,Bedford UA,-0,NA,6443876,-2339888,-3241000,-923527,-3913000,251527,E06000055,E06000055,5630,1210,1070,1740,1610,"VOA/HMRC Valuation Office, Non-domestic rating: stock of properties, 31 March 2025 edition"
2023,2023-24,E5032,79098679,511960,-1397032,Bexley,-155983,NA,6355023,-3270453,-1259496,-1397032,-2144568,511960,E09000004,E09000004,5370,1830,500,1480,1570,"VOA/HMRC Valuation Office, Non-domestic rating: stock of properties, 31 March 2025 edition"
2023,2023-24,E4601,391655782,11486850,-7936053,Birmingham,-5252572,NA,141932026,-47237712,-96947084,-7936053,-93396287,11486850,E08000025,E08000025,47550,11500,9190,10080,16790,"VOA/HMRC Valuation Office, Non-domestic rating: stock of properties, 31 March 2025 edition"
2023,2023-24,E2431,48607494,-0,-233603,Blaby,108506,NA,1841770,-1636337,-231467,-233603,-465070,0,E07000129,E07000129,2440,450,620,740,630,"VOA/HMRC Valuation Office, Non-domestic rating: stock of properties, 31 March 2025 edition"
2023,2023-24,E2301,40848471,160766,-759766,Blackburn with Darwen UA,-0,NA,3198664,-1401073,-2598000,-759766,-3197000,160766,E06000008,E06000008,8290,1790,1470,3710,1330,"VOA/HMRC Valuation Office, Non-domestic rating: stock of properties, 31 March 2025 edition"
2023,2023-24,E2302,35245522,473947,-702510,Blackpool UA,-0,NA,9351375,-75399,-5262255,-702510,-5490818,473947,E06000009,E06000009,6710,2240,800,1210,2470,"VOA/HMRC Valuation Office, Non-domestic rating: stock of properties, 31 March 2025 edition"
2023,2023-24,E1032,29968281,-0,-214044,Bolsover,55335,NA,948129,-666514,-674517,-214044,-888561,0,E07000033,E07000033,2430,560,370,940,570,"VOA/HMRC Valuation Office, Non-domestic rating: stock of properties, 31 March 2025 edition"
2023,2023-24,E4201,83172020,1222523,-295253,Bolton,-0,NA,10625621,-3190770,-8006716,-295253,-7079446,1222523,E08000001,E08000001,10820,2880,1890,3010,3040,"VOA/HMRC Valuation Office, Non-domestic rating: stock of properties, 31 March 2025 edition"
2023,2023-24,E2531,18049813,8338,-252338,Boston,-0,NA,3479267,-1312180,-1143000,-252338,-1387000,8338,E07000136,E07000136,2500,600,420,800,690,"VOA/HMRC Valuation Office, Non-domestic rating: stock of properties, 31 March 2025 edition"
2023,2023-24,E1204,125208335,286264,608616,"Bournemouth, Christchurch & Poole",-0,NA,7233813,-2103574,-7052228,608616,-6157348,286264,E06000058,E06000058,16200,4260,2190,2690,7060,"VOA/HMRC Valuation Office, Non-domestic rating: stock of properties, 31 March 2025 edition"
2023,2023-24,E0301,46735322,-0,-39400,Bracknell Forest UA,-247593,NA,7688016,-11510899,-4492401,-39400,-4531801,0,E06000036,E06000036,2650,560,900,440,750,"VOA/HMRC Valuation Office, Non-domestic rating: stock of properties, 31 March 2025 edition"
2023,2023-24,E4701,115061530,1183157,-1136128,Bradford,21412,NA,10092222,-3035729,-6601960,-1136128,-6554931,1183157,E08000032,E08000032,19790,6010,3780,6150,3840,"VOA/HMRC Valuation Office, Non-domestic rating: stock of properties, 31 March 2025 edition"
2023,2023-24,E1532,45807490,-0,-247000,Braintree,86202,NA,1395413,-690863,-217175,-247000,-464175,0,E07000067,E07000067,5080,1010,880,1920,1270,"VOA/HMRC Valuation Office, Non-domestic rating: stock of properties, 31 March 2025 edition"
2023,2023-24,E2631,35460281,257485,-67138,Breckland,-0,NA,2145655,-783370,-547809,-67138,-357462,257485,E07000143,E07000143,4700,900,520,1800,1480,"VOA/HMRC Valuation Office, Non-domestic rating: stock of properties, 31 March 2025 edition"
2023,2023-24,E5033,127043994,151536,6502500,Brent,-0,NA,36038406,-13741407,-20408346,6502500,-13754310,151536,E09000005,E09000005,9030,3290,1660,2540,1540,"VOA/HMRC Valuation Office, Non-domestic rating: stock of properties, 31 March 2025 edition"
2023,2023-24,E1533,21806158,-0,315304,Brentwood,-0,NA,1892060,-1692566,-1471579,315304,-1156275,0,E07000068,E07000068,2570,600,650,650,680,"VOA/HMRC Valuation Office, Non-domestic rating: stock of properties, 31 March 2025 edition"
2023,2023-24,E1401,94966213,1685709,-816580,Brighton and Hove UA,76958,NA,8716682,-3801816,-5967693,-816580,-5098564,1685709,E06000043,E06000043,11510,3220,2600,1380,4310,"VOA/HMRC Valuation Office, Non-domestic rating: stock of properties, 31 March 2025 edition"
2023,2023-24,E0102,214287590,2917059,1753964,Bristol UA,-0,NA,13417596,-7281958,-13312572,1753964,-8641549,2917059,E06000023,E06000023,16790,4540,4400,3810,4040,"VOA/HMRC Valuation Office, Non-domestic rating: stock of properties, 31 March 2025 edition"
2023,2023-24,E2632,30362626,186633,-445060,Broadland,-0,NA,1889044,-675680,-543685,-445060,-802112,186633,E07000144,E07000144,3910,620,470,1370,1450,"VOA/HMRC Valuation Office, Non-domestic rating: stock of properties, 31 March 2025 edition"
2023,2023-24,E5034,79163199,768114,-377252,Bromley,-0,NA,5391722,-5357822,-3405662,-377252,-3014800,768114,E09000006,E09000006,7410,2850,1340,1100,2120,"VOA/HMRC Valuation Office, Non-domestic rating: stock of properties, 31 March 2025 edition"
2023,2023-24,E1831,25250146,89216,52734,Bromsgrove,-828,NA,2065050,-1081432,-1347550,52734,-1205600,89216,E07000234,E07000234,3470,630,790,1050,1010,"VOA/HMRC Valuation Office, Non-domestic rating: stock of properties, 31 March 2025 edition"
2023,2023-24,E1931,34593285,2598,-973021,Broxbourne,-0,NA,4392980,-1870011,-2225854,-973021,-3196277,2598,E07000095,E07000095,2340,720,360,770,500,"VOA/HMRC Valuation Office, Non-domestic rating: stock of properties, 31 March 2025 edition"
2023,2023-24,E3033,26335201,116393,-121393,Broxtowe,-0,NA,1176847,-1992451,-450000,-121393,-455000,116393,E07000172,E07000172,2700,890,440,690,680,"VOA/HMRC Valuation Office, Non-domestic rating: stock of properties, 31 March 2025 edition"
2023,2023-24,E0402,177480029,1406037,455791,Buckinghamshire,-489681,NA,2183142,-3093117,-3985344,455791,-2123516,1406037,E06000060,E06000060,15450,3360,3670,4520,3900,"VOA/HMRC Valuation Office, Non-domestic rating: stock of properties, 31 March 2025 edition"
2023,2023-24,E2333,28178799,503377,-707908,Burnley,-6043,NA,3240594,-1032640,-2309974,-707908,-2514505,503377,E07000117,E07000117,5410,1150,820,2600,850,"VOA/HMRC Valuation Office, Non-domestic rating: stock of properties, 31 March 2025 edition"
2023,2023-24,E4202,45813019,1532610,-2313669,Bury,-0,NA,12995447,-3564275,-6896036,-2313669,-7677095,1532610,E08000002,E08000002,6330,1810,1380,1670,1470,"VOA/HMRC Valuation Office, Non-domestic rating: stock of properties, 31 March 2025 edition"
2023,2023-24,E4702,53579933,-0,-396102,Calderdale,-547451,NA,4358055,-2550690,-2141272,-396102,-2537374,0,E08000033,E08000033,9820,2260,1790,3670,2100,"VOA/HMRC Valuation Office, Non-domestic rating: stock of properties, 31 March 2025 edition"
2023,2023-24,E0531,117103170,-0,-184914,Cambridge,-54357,NA,4114607,-4571518,-3204295,-184914,-3389209,0,E07000008,E07000008,4410,1130,1360,490,1440,"VOA/HMRC Valuation Office, Non-domestic rating: stock of properties, 31 March 2025 edition"
2023,2023-24,E5011,560460147,3826866,-1245866,Camden,16496576,NA,32822767,-46059512,-34117000,-1245866,-31536000,3826866,E09000007,E09000007,18800,3780,9250,1160,4600,"VOA/HMRC Valuation Office, Non-domestic rating: stock of properties, 31 March 2025 edition"
2023,2023-24,E3431,34873827,189315,-319486,Cannock Chase,-0,NA,2873455,-736413,-1574866,-319486,-1705037,189315,E07000192,E07000192,3670,1030,600,1290,750,"VOA/HMRC Valuation Office, Non-domestic rating: stock of properties, 31 March 2025 edition"
2023,2023-24,E2232,45729460,-0,227177,Canterbury,122694,NA,4762731,-2575151,-1608138,227177,-1380961,0,E07000106,E07000106,6350,1370,920,1340,2720,"VOA/HMRC Valuation Office, Non-domestic rating: stock of properties, 31 March 2025 edition"
2023,2023-24,E1534,14001541,492567,-516968,Castle Point,-0,NA,992780,-646564,-940561,-516968,-964962,492567,E07000069,E07000069,2020,660,200,690,470,"VOA/HMRC Valuation Office, Non-domestic rating: stock of properties, 31 March 2025 edition"
2023,2023-24,E0203,107265696,381048,-434044,Central Bedfordshire UA,-0,NA,4239857,-4833510,-660393,-434044,-713389,381048,E06000056,E06000056,7310,1550,1350,2470,1940,"VOA/HMRC Valuation Office, Non-domestic rating: stock of properties, 31 March 2025 edition"
2023,2023-24,E2432,46904808,299096,85047,Charnwood,-0,NA,2025029,-284656,-1542639,85047,-1158496,299096,E07000130,E07000130,4870,1270,800,1680,1130,"VOA/HMRC Valuation Office, Non-domestic rating: stock of properties, 31 March 2025 edition"
2023,2023-24,E1535,72972614,706581,-197555,Chelmsford,-0,NA,6280395,-2025693,-3548616,-197555,-3039590,706581,E07000070,E07000070,5260,1160,1280,1570,1260,"VOA/HMRC Valuation Office, Non-domestic rating: stock of properties, 31 March 2025 edition"
2023,2023-24,E1631,52263770,265245,-200000,Cheltenham,-0,NA,1111334,-5732221,-528821,-200000,-463576,265245,E07000078,E07000078,4060,1120,1250,770,920,"VOA/HMRC Valuation Office, Non-domestic rating: stock of properties, 31 March 2025 edition"
2023,2023-24,E3131,100277919,1024822,-248519,Cherwell,-0,NA,2772126,-5415751,-2260674,-248519,-1484371,1024822,E07000177,E07000177,5210,1190,1220,1520,1280,"VOA/HMRC Valuation Office, Non-domestic rating: stock of properties, 31 March 2025 edition"
2023,2023-24,E0603,129426464,977008,121205,Cheshire East UA,-0,NA,8696349,-4632740,-3055034,121205,-1956821,977008,E06000049,E06000049,15380,3350,3840,3540,4660,"VOA/HMRC Valuation Office, Non-domestic rating: stock of properties, 31 March 2025 edition"
2023,2023-24,E0604,143745228,1028936,-1231648,Cheshire West and Chester UA,-0,NA,7953202,-5450358,-5697743,-1231648,-5900455,1028936,E06000050,E06000050,12350,3110,2520,3400,3320,"VOA/HMRC Valuation Office, Non-domestic rating: stock of properties, 31 March 2025 edition"
2023,2023-24,E1033,38298821,-0,0,Chesterfield,-0,NA,2568172,-767743,-481484,0,-481484,0,E07000034,E07000034,4360,1030,850,1630,870,"VOA/HMRC Valuation Office, Non-domestic rating: stock of properties, 31 March 2025 edition"
2023,2023-24,E3833,40880060,187788,-629689,Chichester,-0,NA,2239235,-1928347,-790099,-629689,-1232000,187788,E07000225,E07000225,5480,1090,830,1610,1950,"VOA/HMRC Valuation Office, Non-domestic rating: stock of properties, 31 March 2025 edition"
2023,2023-24,E2334,24707409,143692,-198752,Chorley,-0,NA,1572573,-1057252,-1179586,-198752,-1234646,143692,E07000118,E07000118,3720,940,690,1130,960,"VOA/HMRC Valuation Office, Non-domestic rating: stock of properties, 31 March 2025 edition"
2023,2023-24,E5010,1175035578,3096453,-12395534,City of London,-0,NA,93491403,-126840190,-35256740,-12395534,-44555821,3096453,E09000001,E09000001,20540,1240,14210,1830,3260,"VOA/HMRC Valuation Office, Non-domestic rating: stock of properties, 31 March 2025 edition"
2023,2023-24,E1536,60003710,150,-561344,Colchester,-0,NA,4962244,-2794235,-3315187,-561344,-3876381,150,E07000071,E07000071,6150,1300,1300,1350,2190,"VOA/HMRC Valuation Office, Non-domestic rating: stock of properties, 31 March 2025 edition"
2023,2023-24,E0801,136158257,807857,-897857,Cornwall UA,-0,NA,8989658,-3834576,-5287000,-897857,-5377000,807857,E06000052,E06000052,36680,5850,2950,7650,20230,"VOA/HMRC Valuation Office, Non-domestic rating: stock of properties, 31 March 2025 edition"
2023,2023-24,E1632,28354366,268231,-405742,Cotswold,-0,NA,2132064,-721221,-448690,-405742,-586201,268231,E07000079,E07000079,5360,920,860,1490,2090,"VOA/HMRC Valuation Office, Non-domestic rating: stock of properties, 31 March 2025 edition"
2023,2023-24,E4602,119350046,579726,-2502156,Coventry,-0,NA,11026651,-3314642,-3740313,-2502156,-5662743,579726,E08000026,E08000026,8900,2640,1670,2260,2330,"VOA/HMRC Valuation Office, Non-domestic rating: stock of properties, 31 March 2025 edition"
2023,2023-24,E3834,127853481,788275,-146844,Crawley,-0,NA,3859431,-2533255,-2773086,-146844,-2131655,788275,E07000226,E07000226,3720,580,1170,840,1130,"VOA/HMRC Valuation Office, Non-domestic rating: stock of properties, 31 March 2025 edition"
2023,2023-24,E5035,100102883,508224,-1407293,Croydon,2602,NA,21170142,-13665639,-16059617,-1407293,-16958686,508224,E09000008,E09000008,8840,3430,1940,1260,2200,"VOA/HMRC Valuation Office, Non-domestic rating: stock of properties, 31 March 2025 edition"
2023,2023-24,E0901,101135957,830640,-1127881,Cumberland,-15626,NA,5639347,-2083856,-2189566,-1127881,-2486807,830640,E06000063,E06000063,12900,2680,1610,3150,5460,"VOA/HMRC Valuation Office, Non-domestic rating: stock of properties, 31 March 2025 edition"
2023,2023-24,E1932,62271009,151554,59563,Dacorum,-0,NA,6026274,-1189744,-4452915,59563,-4241798,151554,E07000096,E07000096,4440,940,1210,1040,1260,"VOA/HMRC Valuation Office, Non-domestic rating: stock of properties, 31 March 2025 edition"
2023,2023-24,E1301,29958299,68426,0,Darlington UA,-0,NA,1218777,-1030245,-640138,0,-571712,68426,E06000005,E06000005,3950,1090,810,1160,890,"VOA/HMRC Valuation Office, Non-domestic rating: stock of properties, 31 March 2025 edition"
2023,2023-24,E2233,84777980,208073,-539425,Dartford,-0,NA,6431954,-2805717,-4204282,-539425,-4535634,208073,E07000107,E07000107,3290,910,710,760,920,"VOA/HMRC Valuation Office, Non-domestic rating: stock of properties, 31 March 2025 edition"
2023,2023-24,E1001,87603030,-34386,-3622759,Derby UA,-0,NA,12714646,-418644,-4143204,-3622759,-7800349,-34386,E06000015,E06000015,8740,2290,1960,2670,1820,"VOA/HMRC Valuation Office, Non-domestic rating: stock of properties, 31 March 2025 edition"
2023,2023-24,E1035,15409216,216045,-194388,Derbyshire Dales,-0,NA,1100658,-477248,-72577,-194388,-50920,216045,E07000035,E07000035,4740,850,470,1060,2360,"VOA/HMRC Valuation Office, Non-domestic rating: stock of properties, 31 March 2025 edition"
2023,2023-24,E4402,104062140,1085750,-1184800,Doncaster,-10289,NA,8560083,-2537125,-3854469,-1184800,-3953519,1085750,E08000017,E08000017,9910,3010,1630,3020,2250,"VOA/HMRC Valuation Office, Non-domestic rating: stock of properties, 31 March 2025 edition"
2023,2023-24,E1203,90347066,229542,-30235,Dorset Council,-0,NA,11972483,-3922818,-7733909,-30235,-7534602,229542,E06000059,E06000059,18180,3270,2010,5350,7550,"VOA/HMRC Valuation Office, Non-domestic rating: stock of properties, 31 March 2025 edition"
2023,2023-24,E2234,47743816,71369,-119389,Dover,-0,NA,4823759,-757791,-1677658,-119389,-1725678,71369,E07000108,E07000108,4250,900,830,940,1580,"VOA/HMRC Valuation Office, Non-domestic rating: stock of properties, 31 March 2025 edition"
2023,2023-24,E4603,75266381,787805,-1326600,Dudley,-0,NA,7947805,-321746,-5237242,-1326600,-5776037,787805,E08000027,E08000027,10610,2780,1720,3800,2320,"VOA/HMRC Valuation Office, Non-domestic rating: stock of properties, 31 March 2025 edition"
2023,2023-24,E1302,113262147,911338,-1066338,Durham UA,-0,NA,6149836,-2680049,-4595158,-1066338,-4750158,911338,E06000047,E06000047,16200,4240,2490,4370,5100,"VOA/HMRC Valuation Office, Non-domestic rating: stock of properties, 31 March 2025 edition"
2023,2023-24,E5036,151094602,2727414,-2790709,Ealing,241800,NA,27990053,-17052113,-20120144,-2790709,-20183439,2727414,E09000009,E09000009,10880,3670,2120,3000,2090,"VOA/HMRC Valuation Office, Non-domestic rating: stock of properties, 31 March 2025 edition"
2023,2023-24,E0532,23518136,-0,-157578,East Cambridgeshire,-0,NA,2520933,-860889,-569479,-157578,-727057,0,E07000009,E07000009,2550,390,420,860,870,"VOA/HMRC Valuation Office, Non-domestic rating: stock of properties, 31 March 2025 edition"
2023,2023-24,E1131,32964817,119069,-7909,East Devon,-2843,NA,1004574,-1148582,-562911,-7909,-451751,119069,E07000040,E07000040,7640,1310,720,2150,3470,"VOA/HMRC Valuation Office, Non-domestic rating: stock of properties, 31 March 2025 edition"
2023,2023-24,E1732,27682778,402300,-464050,East Hampshire,297696,NA,1675729,-1379504,-402300,-464050,-464050,402300,E07000085,E07000085,4160,860,770,1550,990,"VOA/HMRC Valuation Office, Non-domestic rating: stock of properties, 31 March 2025 edition"
2023,2023-24,E1933,41736647,327155,178208,East Hertfordshire,-0,NA,2720522,-1053761,-2098959,178208,-1593596,327155,E07000242,E07000242,4910,980,980,1570,1380,"VOA/HMRC Valuation Office, Non-domestic rating: stock of properties, 31 March 2025 edition"
2023,2023-24,E2532,34024548,258590,481410,East Lindsey,-0,NA,6154926,-1985532,-2491000,481410,-1751000,258590,E07000137,E07000137,7510,1680,520,1800,3510,"VOA/HMRC Valuation Office, Non-domestic rating: stock of properties, 31 March 2025 edition"
2023,2023-24,E2001,104640767,550947,-455893,East Riding of Yorkshire UA,-0,NA,7081148,-3034793,-4851704,-455893,-4756650,550947,E06000011,E06000011,12470,2910,1670,3280,4600,"VOA/HMRC Valuation Office, Non-domestic rating: stock of properties, 31 March 2025 edition"
2023,2023-24,E3432,59777421,-0,61000,East Staffordshire,-0,NA,3680715,-4818820,-2576000,61000,-2515000,0,E07000193,E07000193,4200,1120,700,1320,1060,"VOA/HMRC Valuation Office, Non-domestic rating: stock of properties, 31 March 2025 edition"
2023,2023-24,E3538,94200046,83757,-1118555,East Suffolk,-0,NA,8307512,-2397098,-4008440,-1118555,-5043238,83757,E07000244,E07000244,13170,2230,1560,2410,6970,"VOA/HMRC Valuation Office, Non-domestic rating: stock of properties, 31 March 2025 edition"
2023,2023-24,E1432,27821446,-0,-91541,Eastbourne,88729,NA,3838807,-2486927,-1336681,-91541,-1428222,0,E07000061,E07000061,3150,1090,500,530,1020,"VOA/HMRC Valuation Office, Non-domestic rating: stock of properties, 31 March 2025 edition"
2023,2023-24,E1733,54915615,184317,-143768,Eastleigh,-0,NA,2478161,-1308106,-1058982,-143768,-1018433,184317,E07000086,E07000086,3160,710,690,980,790,"VOA/HMRC Valuation Office, Non-domestic rating: stock of properties, 31 March 2025 edition"
2023,2023-24,E3631,55721878,330271,-1161207,Elmbridge,-0,NA,3524726,-2282414,-1589064,-1161207,-2420000,330271,E07000207,E07000207,3900,1170,1020,620,1080,"VOA/HMRC Valuation Office, Non-domestic rating: stock of properties, 31 March 2025 edition"
2023,2023-24,E5037,119541005,1987381,-2295277,Enfield,-0,NA,22311404,-7420664,-14258849,-2295277,-14566745,1987381,E09000010,E09000010,7090,2600,1100,1720,1670,"VOA/HMRC Valuation Office, Non-domestic rating: stock of properties, 31 March 2025 edition"
2023,2023-24,E1537,33585064,35212,-73386,Epping Forest,-0,NA,4663349,-997601,-3502080,-73386,-3540254,35212,E07000072,E07000072,4580,960,1010,1600,1010,"VOA/HMRC Valuation Office, Non-domestic rating: stock of properties, 31 March 2025 edition"
2023,2023-24,E3632,20551237,377760,-307146,Epsom and Ewell,-0,NA,353962,-702913,-196943,-307146,-126329,377760,E07000208,E07000208,1750,600,360,230,560,"VOA/HMRC Valuation Office, Non-domestic rating: stock of properties, 31 March 2025 edition"
2023,2023-24,E1036,22074858,203857,-770365,Erewash,-0,NA,2099035,-957286,-649406,-770365,-1215914,203857,E07000036,E07000036,3700,940,510,1500,750,"VOA/HMRC Valuation Office, Non-domestic rating: stock of properties, 31 March 2025 edition"
2023,2023-24,E1132,68779938,-0,-70000,Exeter,38097,NA,1728298,-1807546,-930000,-70000,-1000000,0,E07000041,E07000041,5180,1200,1510,970,1500,"VOA/HMRC Valuation Office, Non-domestic rating: stock of properties, 31 March 2025 edition"
2023,2023-24,E1734,37267960,136764,31485,Fareham,-0,NA,2010181,-840593,-1066062,31485,-897813,136764,E07000087,E07000087,3380,670,780,1040,880,"VOA/HMRC Valuation Office, Non-domestic rating: stock of properties, 31 March 2025 edition"
2023,2023-24,E0533,26087870,130389,-435996,Fenland,-0,NA,5402524,-1342355,-2132749,-435996,-2438356,130389,E07000010,E07000010,3150,800,420,1120,810,"VOA/HMRC Valuation Office, Non-domestic rating: stock of properties, 31 March 2025 edition"
2023,2023-24,E2240,29358599,219507,-78481,Folkestone & Hythe,30841,NA,814559,-683792,-706143,-78481,-565117,219507,E07000112,E07000112,4080,1050,630,970,1430,"VOA/HMRC Valuation Office, Non-domestic rating: stock of properties, 31 March 2025 edition"
2023,2023-24,E1633,13590175,167286,-72086,Forest of Dean,-0,NA,1088930,-398377,-296500,-72086,-201300,167286,E07000080,E07000080,3450,550,360,1420,1120,"VOA/HMRC Valuation Office, Non-domestic rating: stock of properties, 31 March 2025 edition"
2023,2023-24,E2335,22553768,66440,-65632,Fylde,-0,NA,2466576,-773563,-1218079,-65632,-1217271,66440,E07000119,E07000119,3110,830,530,810,940,"VOA/HMRC Valuation Office, Non-domestic rating: stock of properties, 31 March 2025 edition"
2023,2023-24,E4501,77699103,877276,-131275,Gateshead,-0,NA,8465084,-2610747,-4767001,-131275,-4021000,877276,E08000037,E08000037,6980,1770,1600,2340,1270,"VOA/HMRC Valuation Office, Non-domestic rating: stock of properties, 31 March 2025 edition"
2023,2023-24,E3034,22931800,196233,-381622,Gedling,-0,NA,1506906,-864130,-503198,-381622,-688587,196233,E07000173,E07000173,2630,790,330,820,690,"VOA/HMRC Valuation Office, Non-domestic rating: stock of properties, 31 March 2025 edition"
2023,2023-24,E1634,51160156,332827,-685661,Gloucester,-0,NA,3018133,-1174025,-764026,-685661,-1116860,332827,E07000081,E07000081,4170,1080,1090,1110,890,"VOA/HMRC Valuation Office, Non-domestic rating: stock of properties, 31 March 2025 edition"
2023,2023-24,E1735,17370826,291915,385385,Gosport,-0,NA,1938278,-197530,-2008300,385385,-1331000,291915,E07000088,E07000088,2050,620,220,710,500,"VOA/HMRC Valuation Office, Non-domestic rating: stock of properties, 31 March 2025 edition"
2023,2023-24,E2236,24386949,27759,-272127,Gravesham,-0,NA,2276317,-1459704,-1492090,-272127,-1736458,27759,E07000109,E07000109,2300,770,320,560,660,"VOA/HMRC Valuation Office, Non-domestic rating: stock of properties, 31 March 2025 edition"
2023,2023-24,E2633,24505335,6411,-37770,Great Yarmouth,-0,NA,2082398,-1330648,-660516,-37770,-691875,6411,E07000145,E07000145,5500,1060,470,1240,2730,"VOA/HMRC Valuation Office, Non-domestic rating: stock of properties, 31 March 2025 edition"
2023,2023-24,E5012,84515944,1116838,-2481793,Greenwich,-0,NA,12160198,-4703496,-8864896,-2481793,-10229851,1116838,E09000011,E09000011,6190,2160,930,1700,1400,"VOA/HMRC Valuation Office, Non-domestic rating: stock of properties, 31 March 2025 edition"
2023,2023-24,E3633,75669843,51718,-51718,Guildford,-0,NA,5937898,-4502394,-5500000,-51718,-5500000,51718,E07000209,E07000209,4480,880,1330,880,1400,"VOA/HMRC Valuation Office, Non-domestic rating: stock of properties, 31 March 2025 edition"
2023,2023-24,E5013,150753848,14446678,-823563,Hackney,-0,NA,82007431,-28498237,-67249139,-823563,-53626024,14446678,E09000012,E09000012,12310,2940,4580,2830,1950,"VOA/HMRC Valuation Office, Non-domestic rating: stock of properties, 31 March 2025 edition"
2023,2023-24,E0601,59246724,-0,-1227540,Halton UA,-0,NA,6862419,-286393,-5631175,-1227540,-6858715,0,E06000006,E06000006,3800,930,750,1260,860,"VOA/HMRC Valuation Office, Non-domestic rating: stock of properties, 31 March 2025 edition"
2023,2023-24,E5014,219914735,-0,-10053227,Hammersmith and Fulham,119854,NA,75936187,-62013470,-53027068,-10053227,-63080295,0,E09000013,E09000013,10240,2840,3790,940,2670,"VOA/HMRC Valuation Office, Non-domestic rating: stock of properties, 31 March 2025 edition"
2023,2023-24,E2433,62470624,517492,7718,Harborough,-0,NA,1113727,-1438122,-634550,7718,-109340,517492,E07000131,E07000131,3280,600,730,950,990,"VOA/HMRC Valuation Office, Non-domestic rating: stock of properties, 31 March 2025 edition"
2023,2023-24,E5038,62272791,413666,-1407072,Haringey,44,NA,18600708,-9655113,-12781619,-1407072,-13775025,413666,E09000014,E09000014,7200,2910,1040,1920,1340,"VOA/HMRC Valuation Office, Non-domestic rating: stock of properties, 31 March 2025 edition"
2023,2023-24,E1538,45648947,1073256,-904729,Harlow,-0,NA,5596018,-1804346,-2425902,-904729,-2257375,1073256,E07000073,E07000073,2410,510,490,850,570,"VOA/HMRC Valuation Office, Non-domestic rating: stock of properties, 31 March 2025 edition"
2023,2023-24,E5039,40979889,242755,-1698737,Harrow,-76642,NA,10128417,-4199258,-5408218,-1698737,-6864200,242755,E09000015,E09000015,5530,2040,1640,610,1240,"VOA/HMRC Valuation Office, Non-domestic rating: stock of properties, 31 March 2025 edition"
2023,2023-24,E1736,28990297,5094,584663,Hart,-0,NA,3759802,-2218796,-2909029,584663,-2319272,5094,E07000089,E07000089,2320,520,560,610,640,"VOA/HMRC Valuation Office, Non-domestic rating: stock of properties, 31 March 2025 edition"
2023,2023-24,E0701,31969929,422015,-863254,Hartlepool UA,-0,NA,4031164,-668623,-3083269,-863254,-3524508,422015,E06000001,E06000001,2960,930,510,810,720,"VOA/HMRC Valuation Office, Non-domestic rating: stock of properties, 31 March 2025 edition"
2023,2023-24,E1433,18799988,26254,-267340,Hastings,-0,NA,4383812,-277208,-2491254,-267340,-2732340,26254,E07000062,E07000062,3610,1060,430,900,1230,"VOA/HMRC Valuation Office, Non-domestic rating: stock of properties, 31 March 2025 edition"
2023,2023-24,E1737,30657686,486,-14042,Havant,151323,NA,2157561,-5314511,-909484,-14042,-923040,486,E07000090,E07000090,3420,950,580,770,1130,"VOA/HMRC Valuation Office, Non-domestic rating: stock of properties, 31 March 2025 edition"
2023,2023-24,E5040,71314355,1209903,-604952,Havering,-0,NA,3138464,-4287464,-2500463,-604952,-1895512,1209903,E09000016,E09000016,6050,2230,860,1530,1430,"VOA/HMRC Valuation Office, Non-domestic rating: stock of properties, 31 March 2025 edition"
2023,2023-24,E1801,41255590,391868,-986749,Herefordshire UA,-0,NA,4672760,-3193061,-2502739,-986749,-3097620,391868,E06000019,E06000019,8480,1630,1360,2630,2860,"VOA/HMRC Valuation Office, Non-domestic rating: stock of properties, 31 March 2025 edition"
2023,2023-24,E1934,50538000,270570,-1300323,Hertsmere,-0,NA,6723875,-5475661,-3876427,-1300323,-4906180,270570,E07000098,E07000098,3220,700,960,750,810,"VOA/HMRC Valuation Office, Non-domestic rating: stock of properties, 31 March 2025 edition"
2023,2023-24,E1037,27468086,105199,-255214,High Peak,-0,NA,988300,-696049,-652934,-255214,-802949,105199,E07000037,E07000037,3850,930,470,1140,1310,"VOA/HMRC Valuation Office, Non-domestic rating: stock of properties, 31 March 2025 edition"
2023,2023-24,E5041,366652336,-0,420145,Hillingdon,-566159,NA,23120255,-17697256,-7390254,420145,-6970109,0,E09000017,E09000017,8930,2650,2420,1820,2040,"VOA/HMRC Valuation Office, Non-domestic rating: stock of properties, 31 March 2025 edition"
2023,2023-24,E2434,40260784,120037,-482640,Hinckley and Bosworth,-0,NA,1576751,-278439,-248775,-482640,-611378,120037,E07000132,E07000132,3300,740,490,1260,810,"VOA/HMRC Valuation Office, Non-domestic rating: stock of properties, 31 March 2025 edition"
2023,2023-24,E3835,42705103,588032,-488558,Horsham,-0,NA,2311865,-1736288,-1527662,-488558,-1428188,588032,E07000227,E07000227,4990,850,880,1870,1390,"VOA/HMRC Valuation Office, Non-domestic rating: stock of properties, 31 March 2025 edition"
2023,2023-24,E5042,182121786,270932,-3870932,Hounslow,-0,NA,22820309,-29189610,-10200000,-3870932,-13800000,270932,E09000018,E09000018,7650,2070,2040,1560,1980,"VOA/HMRC Valuation Office, Non-domestic rating: stock of properties, 31 March 2025 edition"
2023,2023-24,E0551,64017464,251742,-421698,Huntingdonshire,-0,NA,751432,-687138,-306721,-421698,-476677,251742,E07000011,E07000011,5650,1010,1080,1920,1640,"VOA/HMRC Valuation Office, Non-domestic rating: stock of properties, 31 March 2025 edition"
2023,2023-24,E2336,22164888,629176,105266,Hyndburn,8039,NA,2194562,-1553474,-2624417,105266,-1889975,629176,E07000120,E07000120,3460,1080,390,1280,720,"VOA/HMRC Valuation Office, Non-domestic rating: stock of properties, 31 March 2025 edition"
2023,2023-24,E3533,50488319,197936,-633002,Ipswich,-0,NA,4697497,-1744869,-1541973,-633002,-1977039,197936,E07000202,E07000202,4750,1250,1260,920,1310,"VOA/HMRC Valuation Office, Non-domestic rating: stock of properties, 31 March 2025 edition"
2023,2023-24,E2101,32513122,-0,-1452069,Isle of Wight UA,-0,NA,3539331,-2118761,-1420894,-1452069,-2872963,0,E06000046,E06000046,7720,1600,640,1820,3660,"VOA/HMRC Valuation Office, Non-domestic rating: stock of properties, 31 March 2025 edition"
2023,2023-24,E4001,1100778,-0,-8330,Isles of Scilly UA,-0,NA,96814,-13173,-71165,-8330,-79495,0,E06000053,E06000053,540,50,20,90,390,"VOA/HMRC Valuation Office, Non-domestic rating: stock of properties, 31 March 2025 edition"
2023,2023-24,E5015,273232299,3274432,-1203964,Islington,977464,NA,25439446,-33745599,-22344438,-1203964,-20273970,3274432,E09000019,E09000019,12130,3020,5250,1420,2440,"VOA/HMRC Valuation Office, Non-domestic rating: stock of properties, 31 March 2025 edition"
2023,2023-24,E5016,218467359,217702,1676137,Kensington and Chelsea,-0,NA,51712587,-29211787,-39539517,1676137,-37645678,217702,E09000020,E09000020,9040,3090,2960,800,2180,"VOA/HMRC Valuation Office, Non-domestic rating: stock of properties, 31 March 2025 edition"
2023,2023-24,E2634,43317822,118636,91047,Kings Lynn and West Norfolk,-0,NA,1243500,-1584957,-862879,91047,-653196,118636,E07000146,E07000146,6770,1210,590,1660,3300,"VOA/HMRC Valuation Office, Non-domestic rating: stock of properties, 31 March 2025 edition"
2023,2023-24,E2002,78990012,1101830,1540080,Kingston upon Hull UA,-2543135,NA,10182040,-439060,-5750490,1540080,-3108580,1101830,E06000010,E06000010,9320,2840,1760,2690,2030,"VOA/HMRC Valuation Office, Non-domestic rating: stock of properties, 31 March 2025 edition"
2023,2023-24,E5043,67411467,379306,0,Kingston upon Thames,760242,NA,6901557,-3026448,-4276354,0,-3897048,379306,E09000021,E09000021,4560,1490,1270,710,1090,"VOA/HMRC Valuation Office, Non-domestic rating: stock of properties, 31 March 2025 edition"
2023,2023-24,E4703,91033027,1164716,-1123216,Kirklees,-0,NA,9379315,-2711251,-7124580,-1123216,-7083080,1164716,E08000034,E08000034,16420,4350,2800,5820,3450,"VOA/HMRC Valuation Office, Non-domestic rating: stock of properties, 31 March 2025 edition"
2023,2023-24,E4301,49714220,-0,2258609,Knowsley,-0,NA,7339377,-2329965,-5874009,2258609,-3615400,0,E08000011,E08000011,3250,910,460,1150,740,"VOA/HMRC Valuation Office, Non-domestic rating: stock of properties, 31 March 2025 edition"
2023,2023-24,E5017,144851957,2008158,-1724344,Lambeth,-0,NA,12628519,-15561346,-1598920,-1724344,-1315106,2008158,E09000022,E09000022,9040,3050,2000,1960,2030,"VOA/HMRC Valuation Office, Non-domestic rating: stock of properties, 31 March 2025 edition"
2023,2023-24,E2337,63824409,181829,-208323,Lancaster,-0,NA,1637477,-427456,-529880,-208323,-556374,181829,E07000121,E07000121,5390,1450,800,1410,1730,"VOA/HMRC Valuation Office, Non-domestic rating: stock of properties, 31 March 2025 edition"
2023,2023-24,E4704,322341373,2361031,3351994,Leeds,-0,NA,17802611,-14313249,-18821980,3351994,-13108955,2361031,E08000035,E08000035,31580,7100,8300,7910,8270,"VOA/HMRC Valuation Office, Non-domestic rating: stock of properties, 31 March 2025 edition"
2023,2023-24,E2401,94947009,1077728,-1459606,Leicester UA,-0,NA,13957940,-2592679,-5540958,-1459606,-5922836,1077728,E06000016,E06000016,12760,3830,2100,4450,2380,"VOA/HMRC Valuation Office, Non-domestic rating: stock of properties, 31 March 2025 edition"
2023,2023-24,E1435,23152116,273054,-477696,Lewes,-0,NA,4965843,-2731482,-1061327,-477696,-1265969,273054,E07000063,E07000063,3730,750,680,1290,1010,"VOA/HMRC Valuation Office, Non-domestic rating: stock of properties, 31 March 2025 edition"
2023,2023-24,E5018,48936869,843287,-499290,Lewisham,-0,NA,7146902,-12490750,-6748366,-499290,-6404369,843287,E09000023,E09000023,6340,2710,770,1390,1470,"VOA/HMRC Valuation Office, Non-domestic rating: stock of properties, 31 March 2025 edition"
2023,2023-24,E3433,37037049,45509,-117260,Lichfield,-0,NA,942961,-1270247,-871210,-117260,-942961,45509,E07000194,E07000194,3040,680,610,940,810,"VOA/HMRC Valuation Office, Non-domestic rating: stock of properties, 31 March 2025 edition"
2023,2023-24,E2533,33582419,199980,-272718,Lincoln,-0,NA,1209511,-2168534,-425905,-272718,-498643,199980,E07000138,E07000138,3590,1090,840,700,950,"VOA/HMRC Valuation Office, Non-domestic rating: stock of properties, 31 March 2025 edition"
2023,2023-24,E4302,171596002,13958581,-1934430,Liverpool,-0,NA,41576310,-20729273,-44678213,-1934430,-32654062,13958581,E08000012,E08000012,20390,5800,4630,4360,5610,"VOA/HMRC Valuation Office, Non-domestic rating: stock of properties, 31 March 2025 edition"
2023,2023-24,E0201,63617045,-0,-2299820,Luton UA,-0,NA,27276351,-7007113,-16857396,-2299820,-19157216,0,E06000032,E06000032,5800,1750,1270,1430,1360,"VOA/HMRC Valuation Office, Non-domestic rating: stock of properties, 31 March 2025 edition"
2023,2023-24,E2237,55415710,876283,-741521,Maidstone,-0,NA,3878656,-1257714,-2992823,-741521,-2858061,876283,E07000110,E07000110,5300,1050,1320,1430,1510,"VOA/HMRC Valuation Office, Non-domestic rating: stock of properties, 31 March 2025 edition"
2023,2023-24,E1539,13808299,71902,-80020,Maldon,-884,NA,573521,-396318,-323104,-80020,-331222,71902,E07000074,E07000074,2560,450,360,1010,730,"VOA/HMRC Valuation Office, Non-domestic rating: stock of properties, 31 March 2025 edition"
2023,2023-24,E1851,13389177,57535,-192333,Malvern Hills,-0,NA,835844,-774787,-207469,-192333,-342267,57535,E07000235,E07000235,3010,540,470,970,1030,"VOA/HMRC Valuation Office, Non-domestic rating: stock of properties, 31 March 2025 edition"
2023,2023-24,E4203,334433373,2747004,-2745487,Manchester,-0,NA,53047259,-28888845,-46766545,-2745487,-46765028,2747004,E08000003,E08000003,27410,5670,8750,4610,8390,"VOA/HMRC Valuation Office, Non-domestic rating: stock of properties, 31 March 2025 edition"
2023,2023-24,E3035,25912361,346601,-374588,Mansfield,-0,NA,2814213,-1613860,-1643300,-374588,-1671287,346601,E07000174,E07000174,3360,920,700,1020,720,"VOA/HMRC Valuation Office, Non-domestic rating: stock of properties, 31 March 2025 edition"
2023,2023-24,E2201,88548326,1119887,567049,Medway UA,-0,NA,9212138,-3397481,-5983666,567049,-4296730,1119887,E06000035,E06000035,6470,1870,1080,1950,1570,"VOA/HMRC Valuation Office, Non-domestic rating: stock of properties, 31 March 2025 edition"
2023,2023-24,E2436,13715302,105026,-134080,Melton,-0,NA,1799243,-1569616,-217250,-134080,-246304,105026,E07000133,E07000133,1690,360,170,630,530,"VOA/HMRC Valuation Office, Non-domestic rating: stock of properties, 31 March 2025 edition"
2023,2023-24,E5044,83781136,597858,-1005587,Merton,-0,NA,4539951,-5739411,-3979504,-1005587,-4387233,597858,E09000024,E09000024,5350,1660,1220,1030,1440,"VOA/HMRC Valuation Office, Non-domestic rating: stock of properties, 31 March 2025 edition"
2023,2023-24,E1133,15435904,151047,-231648,Mid Devon,-16681,NA,1228512,-506081,-755585,-231648,-836186,151047,E07000042,E07000042,3560,550,310,1280,1420,"VOA/HMRC Valuation Office, Non-domestic rating: stock of properties, 31 March 2025 edition"
2023,2023-24,E3534,29405176,61063,-193037,Mid Suffolk,-0,NA,888539,-534634,-210306,-193037,-342280,61063,E07000203,E07000203,3600,510,520,1310,1250,"VOA/HMRC Valuation Office, Non-domestic rating: stock of properties, 31 March 2025 edition"
2023,2023-24,E3836,47508829,340147,-721280,Mid Sussex,-0,NA,3885363,-1701518,-2582941,-721280,-2964074,340147,E07000228,E07000228,4610,1030,970,1220,1380,"VOA/HMRC Valuation Office, Non-domestic rating: stock of properties, 31 March 2025 edition"
2023,2023-24,E0702,31377909,-0,-311860,Middlesbrough UA,-3409,NA,13978118,-3093068,-8987292,-311860,-9299152,0,E06000002,E06000002,4650,1410,960,1110,1170,"VOA/HMRC Valuation Office, Non-domestic rating: stock of properties, 31 March 2025 edition"
2023,2023-24,E0401,189311833,1063933,-423933,Milton Keynes UA,-0,NA,3826780,-5522720,-2260000,-423933,-1620000,1063933,E06000042,E06000042,8610,1640,2680,2250,2040,"VOA/HMRC Valuation Office, Non-domestic rating: stock of properties, 31 March 2025 edition"
2023,2023-24,E3634,34082546,2385,-289627,Mole Valley,13546,NA,5922780,-3902676,-3799845,-289627,-4087087,2385,E07000210,E07000210,3200,680,840,810,870,"VOA/HMRC Valuation Office, Non-domestic rating: stock of properties, 31 March 2025 edition"
2023,2023-24,E1738,65302847,258382,-337992,New Forest,-0,NA,1723826,-2955711,-331830,-337992,-411440,258382,E07000091,E07000091,7360,1570,890,1910,2990,"VOA/HMRC Valuation Office, Non-domestic rating: stock of properties, 31 March 2025 edition"
2023,2023-24,E3036,40527487,696078,-40950,Newark and Sherwood,-0,NA,1775164,-1518306,-1358650,-40950,-703522,696078,E07000175,E07000175,4470,930,790,1480,1270,"VOA/HMRC Valuation Office, Non-domestic rating: stock of properties, 31 March 2025 edition"
2023,2023-24,E4502,104984897,3405774,493219,Newcastle upon Tyne,-0,NA,9788931,-9047299,-13198204,493219,-9299211,3405774,E08000021,E08000021,11980,2940,3950,1980,3120,"VOA/HMRC Valuation Office, Non-domestic rating: stock of properties, 31 March 2025 edition"
2023,2023-24,E3434,34451776,64339,-178782,Newcastle-under-Lyme,-0,NA,2697511,-1524136,-589138,-178782,-703581,64339,E07000195,E07000195,3660,970,690,1050,950,"VOA/HMRC Valuation Office, Non-domestic rating: stock of properties, 31 March 2025 edition"
2023,2023-24,E5045,147048741,5861552,-1460803,Newham,-0,NA,7793294,-15080070,-8430726,-1460803,-4029977,5861552,E09000025,E09000025,7890,3700,1370,1360,1460,"VOA/HMRC Valuation Office, Non-domestic rating: stock of properties, 31 March 2025 edition"
2023,2023-24,E1134,25623926,145699,-318775,North Devon,-0,NA,1496995,-807979,-761640,-318775,-934716,145699,E07000043,E07000043,6590,1140,500,1360,3590,"VOA/HMRC Valuation Office, Non-domestic rating: stock of properties, 31 March 2025 edition"
2023,2023-24,E1038,17375225,160467,-214633,North East Derbyshire,-0,NA,1308060,-293773,-503370,-214633,-557536,160467,E07000038,E07000038,2960,580,410,970,1000,"VOA/HMRC Valuation Office, Non-domestic rating: stock of properties, 31 March 2025 edition"
2023,2023-24,E2003,56627825,298500,-265443,North East Lincolnshire UA,-0,NA,7553129,-2878462,-2512234,-265443,-2479177,298500,E06000012,E06000012,5610,1670,720,1790,1420,"VOA/HMRC Valuation Office, Non-domestic rating: stock of properties, 31 March 2025 edition"
2023,2023-24,E1935,35102667,18673,-294409,North Hertfordshire,-0,NA,2220869,-583376,-1226478,-294409,-1502214,18673,E07000099,E07000099,4700,960,990,1640,1110,"VOA/HMRC Valuation Office, Non-domestic rating: stock of properties, 31 March 2025 edition"
2023,2023-24,E2534,30336639,82233,119423,North Kesteven,-0,NA,860211,-1229987,-467056,119423,-265400,82233,E07000139,E07000139,3460,570,570,1320,1000,"VOA/HMRC Valuation Office, Non-domestic rating: stock of properties, 31 March 2025 edition"
2023,2023-24,E2004,89545495,387162,-265162,North Lincolnshire UA,-0,NA,4799750,-1058182,-2069000,-265162,-1947000,387162,E06000013,E06000013,5670,1470,570,2070,1550,"VOA/HMRC Valuation Office, Non-domestic rating: stock of properties, 31 March 2025 edition"
2023,2023-24,E2635,24104893,25031,54641,North Norfolk,-0,NA,413435,-316713,-211375,54641,-131703,25031,E07000147,E07000147,8330,1190,430,1450,5260,"VOA/HMRC Valuation Office, Non-domestic rating: stock of properties, 31 March 2025 edition"
2023,2023-24,E2801,162870862,1195137,-1493095,North Northamptonshire,-0,NA,14937925,-5074995,-3137367,-1493095,-3435325,1195137,E06000061,E06000061,11930,2390,1800,5180,2560,"VOA/HMRC Valuation Office, Non-domestic rating: stock of properties, 31 March 2025 edition"
2023,2023-24,E0104,58581119,451212,-714133,North Somerset UA,-0,NA,5530642,-6415679,-3025373,-714133,-3288294,451212,E06000024,E06000024,6580,1480,1230,1880,1990,"VOA/HMRC Valuation Office, Non-domestic rating: stock of properties, 31 March 2025 edition"
2023,2023-24,E4503,58938743,711858,-4372,North Tyneside,-0,NA,7640334,-3302981,-3458502,-4372,-2751016,711858,E08000022,E08000022,6290,1760,1370,1770,1400,"VOA/HMRC Valuation Office, Non-domestic rating: stock of properties, 31 March 2025 edition"
2023,2023-24,E3731,70645038,509150,-698102,North Warwickshire,-0,NA,2558626,-1190816,-1379137,-698102,-1568089,509150,E07000218,E07000218,2440,410,380,960,680,"VOA/HMRC Valuation Office, Non-domestic rating: stock of properties, 31 March 2025 edition"
2023,2023-24,E2437,96778622,126823,-1741949,North West Leicestershire,-0,NA,3789239,-1876241,-590959,-1741949,-2206085,126823,E07000134,E07000134,3590,690,830,1170,900,"VOA/HMRC Valuation Office, Non-domestic rating: stock of properties, 31 March 2025 edition"
2023,2023-24,E2702,192830755,477330,-1872169,North Yorkshire,-0,NA,13475283,-7923648,-5789229,-1872169,-7184068,477330,E06000065,E06000065,33750,6070,4420,8170,15080,"VOA/HMRC Valuation Office, Non-domestic rating: stock of properties, 31 March 2025 edition"
2023,2023-24,E2901,80722309,-0,-1091047,Northumberland UA,-1735,NA,7317605,-3114157,-3539297,-1091047,-4630344,0,E06000057,E06000057,14440,2720,1610,3390,6740,"VOA/HMRC Valuation Office, Non-domestic rating: stock of properties, 31 March 2025 edition"
2023,2023-24,E2636,58685581,714034,587269,Norwich,-0,NA,3895018,-1206504,-4118334,587269,-2817031,714034,E07000148,E07000148,6960,1700,1810,1380,2070,"VOA/HMRC Valuation Office, Non-domestic rating: stock of properties, 31 March 2025 edition"
2023,2023-24,E3001,113790233,3555844,2904845,Nottingham UA,-131462,NA,36183657,-7901080,-27822850,2904845,-21362161,3555844,E06000018,E06000018,11710,3010,2520,3010,3170,"VOA/HMRC Valuation Office, Non-domestic rating: stock of properties, 31 March 2025 edition"
2023,2023-24,E3732,36645813,297262,-97770,Nuneaton and Bedworth,-0,NA,2102026,-621956,-1400106,-97770,-1200614,297262,E07000219,E07000219,3240,920,350,1200,770,"VOA/HMRC Valuation Office, Non-domestic rating: stock of properties, 31 March 2025 edition"
2023,2023-24,E2438,11460006,57189,-102886,Oadby and Wigston,-0,NA,1389150,-455635,-148383,-102886,-194080,57189,E07000135,E07000135,1420,420,180,540,280,"VOA/HMRC Valuation Office, Non-domestic rating: stock of properties, 31 March 2025 edition"
2023,2023-24,E4204,50463146,49559,-817838,Oldham,-0,NA,9633340,-3638058,-6445248,-817838,-7213527,49559,E08000004,E08000004,7970,2170,1330,2690,1790,"VOA/HMRC Valuation Office, Non-domestic rating: stock of properties, 31 March 2025 edition"
2023,2023-24,E3132,81299356,900374,-1613105,Oxford,-0,NA,6857117,-5919171,-2758271,-1613105,-3471002,900374,E07000178,E07000178,4640,1280,1230,550,1580,"VOA/HMRC Valuation Office, Non-domestic rating: stock of properties, 31 March 2025 edition"
2023,2023-24,E2338,17419070,-0,-170000,Pendle,290864,NA,1132792,-172281,-1320000,-170000,-1490000,0,E07000122,E07000122,3910,1120,590,1380,820,"VOA/HMRC Valuation Office, Non-domestic rating: stock of properties, 31 March 2025 edition"
2023,2023-24,E0501,102049854,1541442,-1240021,Peterborough UA,-0,NA,6314030,-2479050,-4984255,-1240021,-4682834,1541442,E06000031,E06000031,6310,1420,1500,1870,1520,"VOA/HMRC Valuation Office, Non-domestic rating: stock of properties, 31 March 2025 edition"
2023,2023-24,E1101,81011499,132831,-346001,Plymouth UA,-0,NA,2422502,-975525,-962288,-346001,-1175458,132831,E06000026,E06000026,7950,1970,1480,2070,2420,"VOA/HMRC Valuation Office, Non-domestic rating: stock of properties, 31 March 2025 edition"
2023,2023-24,E1701,75708776,1091349,-1074813,Portsmouth UA,-0,NA,7335880,-5540300,-5010794,-1074813,-4994258,1091349,E06000044,E06000044,7110,2050,920,1470,2670,"VOA/HMRC Valuation Office, Non-domestic rating: stock of properties, 31 March 2025 edition"
2023,2023-24,E2339,46918472,3275802,-535243,Preston,-0,NA,8026703,-909190,-10546892,-535243,-7806333,3275802,E07000123,E07000123,6380,1640,1290,2100,1350,"VOA/HMRC Valuation Office, Non-domestic rating: stock of properties, 31 March 2025 edition"
2023,2023-24,E0303,130808236,300117,-373117,Reading UA,-0,NA,12458958,-13583046,-8854000,-373117,-8927000,300117,E06000038,E06000038,5690,1490,1740,940,1520,"VOA/HMRC Valuation Office, Non-domestic rating: stock of properties, 31 March 2025 edition"
2023,2023-24,E5046,50561052,23874,-2462381,Redbridge,-674,NA,17649878,-7249135,-11338919,-2462381,-13777426,23874,E09000026,E09000026,6630,2660,1380,830,1760,"VOA/HMRC Valuation Office, Non-domestic rating: stock of properties, 31 March 2025 edition"
2023,2023-24,E0703,39821476,18045,2021,Redcar and Cleveland UA,-0,NA,2679854,-2593598,-1383798,2021,-1363732,18045,E06000003,E06000003,4400,1200,680,1240,1280,"VOA/HMRC Valuation Office, Non-domestic rating: stock of properties, 31 March 2025 edition"
2023,2023-24,E1835,32389508,172211,-163238,Redditch,-3121,NA,2959159,-1381941,-1683190,-163238,-1674217,172211,E07000236,E07000236,2610,500,540,1060,520,"VOA/HMRC Valuation Office, Non-domestic rating: stock of properties, 31 March 2025 edition"
2023,2023-24,E3635,50343779,162095,-374361,Reigate and Banstead,5486,NA,1094414,-520693,-624121,-374361,-836387,162095,E07000211,E07000211,3680,1060,860,780,980,"VOA/HMRC Valuation Office, Non-domestic rating: stock of properties, 31 March 2025 edition"
2023,2023-24,E2340,13928157,35630,-86630,Ribble Valley,-0,NA,623771,-212690,-323000,-86630,-374000,35630,E07000124,E07000124,2750,560,460,820,910,"VOA/HMRC Valuation Office, Non-domestic rating: stock of properties, 31 March 2025 edition"
2023,2023-24,E5047,71555787,-0,-613000,Richmond upon Thames,-76462,NA,15075541,-11204013,-6094000,-613000,-6707000,0,E09000027,E09000027,5710,2050,1540,520,1600,"VOA/HMRC Valuation Office, Non-domestic rating: stock of properties, 31 March 2025 edition"
2023,2023-24,E4205,70076743,418208,-1292904,Rochdale,-0,NA,5719951,-1909053,-2479976,-1292904,-3354672,418208,E08000005,E08000005,8910,2050,1190,4000,1660,"VOA/HMRC Valuation Office, Non-domestic rating: stock of properties, 31 March 2025 edition"
2023,2023-24,E1540,16575228,36418,-65511,Rochford,-0,NA,340550,-261814,-267597,-65511,-296690,36418,E07000075,E07000075,2830,510,410,1310,610,"VOA/HMRC Valuation Office, Non-domestic rating: stock of properties, 31 March 2025 edition"
2023,2023-24,E2341,12618127,155734,-9521,Rossendale,-0,NA,1366058,-262822,-1427469,-9521,-1281256,155734,E07000125,E07000125,2810,670,450,1110,590,"VOA/HMRC Valuation Office, Non-domestic rating: stock of properties, 31 March 2025 edition"
2023,2023-24,E1436,16615898,40591,-345049,Rother,-0,NA,1815231,-238585,-1322128,-345049,-1626586,40591,E07000064,E07000064,4310,990,390,1070,1860,"VOA/HMRC Valuation Office, Non-domestic rating: stock of properties, 31 March 2025 edition"
2023,2023-24,E4403,74612137,574788,-546634,Rotherham,-0,NA,5689185,-1279620,-2031853,-546634,-2003699,574788,E08000018,E08000018,7770,2190,1140,2800,1630,"VOA/HMRC Valuation Office, Non-domestic rating: stock of properties, 31 March 2025 edition"
2023,2023-24,E3733,56538681,218637,-105216,Rugby,-109093,NA,3344041,-2124839,-217030,-105216,-103609,218637,E07000220,E07000220,3050,680,500,950,910,"VOA/HMRC Valuation Office, Non-domestic rating: stock of properties, 31 March 2025 edition"
2023,2023-24,E3636,50618775,-0,74900,Runnymede,68888,NA,911547,-1536199,-686576,74900,-611676,0,E07000212,E07000212,2820,510,780,710,820,"VOA/HMRC Valuation Office, Non-domestic rating: stock of properties, 31 March 2025 edition"
2023,2023-24,E3038,25422324,1810,-20677,Rushcliffe,-0,NA,997789,-582778,-662533,-20677,-681400,1810,E07000176,E07000176,3060,670,620,770,1010,"VOA/HMRC Valuation Office, Non-domestic rating: stock of properties, 31 March 2025 edition"
2023,2023-24,E1740,51352983,457811,-186997,Rushmoor,-53535,NA,1597162,-1050171,-1295509,-186997,-1024695,457811,E07000092,E07000092,2650,740,790,520,600,"VOA/HMRC Valuation Office, Non-domestic rating: stock of properties, 31 March 2025 edition"
2023,2023-24,E2402,10803369,54603,-40910,Rutland UA,-0,NA,199732,-59272,-101312,-40910,-87619,54603,E06000017,E06000017,1750,310,330,510,600,"VOA/HMRC Valuation Office, Non-domestic rating: stock of properties, 31 March 2025 edition"
2023,2023-24,E4206,96190880,3133672,-2495088,Salford,-0,NA,21646975,-6728324,-16301885,-2495088,-15663301,3133672,E08000006,E08000006,11850,2110,2290,2520,4930,"VOA/HMRC Valuation Office, Non-domestic rating: stock of properties, 31 March 2025 edition"
2023,2023-24,E4604,102514529,1521523,-82111,Sandwell,-0,NA,7810169,-754018,-4842569,-82111,-3403157,1521523,E08000028,E08000028,10950,2960,1000,4500,2490,"VOA/HMRC Valuation Office, Non-domestic rating: stock of properties, 31 March 2025 edition"
2023,2023-24,E4304,59644414,1694015,-1698015,Sefton,-0,NA,8277814,-2884668,-5719000,-1698015,-5723000,1694015,E08000014,E08000014,7970,3080,1050,1850,1990,"VOA/HMRC Valuation Office, Non-domestic rating: stock of properties, 31 March 2025 edition"
2023,2023-24,E2239,35500217,84246,-475846,Sevenoaks,-0,NA,5072254,-1549261,-1543000,-475846,-1934600,84246,E07000111,E07000111,4230,830,880,1400,1110,"VOA/HMRC Valuation Office, Non-domestic rating: stock of properties, 31 March 2025 edition"
2023,2023-24,E4404,185662688,1004821,-3352044,Sheffield,-0,NA,20743138,-8986447,-14393351,-3352044,-16740574,1004821,E08000019,E08000019,19010,5170,3740,5370,4730,"VOA/HMRC Valuation Office, Non-domestic rating: stock of properties, 31 March 2025 edition"
2023,2023-24,E3202,70287551,-0,87342,Shropshire UA,-91,NA,6706603,-5085193,-5141936,87342,-5054594,0,E06000051,E06000051,12800,2860,1800,3900,4230,"VOA/HMRC Valuation Office, Non-domestic rating: stock of properties, 31 March 2025 edition"
2023,2023-24,E0304,101928265,766947,-2862524,Slough UA,-0,NA,10082761,-3125404,-5685389,-2862524,-7780966,766947,E06000039,E06000039,3790,1020,990,940,840,"VOA/HMRC Valuation Office, Non-domestic rating: stock of properties, 31 March 2025 edition"
2023,2023-24,E4605,106181165,429800,-850900,Solihull,-0,NA,6294243,-11500421,-1989800,-850900,-2410900,429800,E08000029,E08000029,5460,1500,1730,720,1510,"VOA/HMRC Valuation Office, Non-domestic rating: stock of properties, 31 March 2025 edition"
2023,2023-24,E3301,159805185,1067115,92840,Somerset,-0,NA,16595226,-6908897,-8288499,92840,-7128544,1067115,E06000066,E06000066,22820,4450,3010,7790,7570,"VOA/HMRC Valuation Office, Non-domestic rating: stock of properties, 31 March 2025 edition"
2023,2023-24,E0536,104176073,182443,870325,South Cambridgeshire,171137,NA,1761019,-2707193,-2214912,870325,-1162144,182443,E07000012,E07000012,5540,490,2070,1570,1420,"VOA/HMRC Valuation Office, Non-domestic rating: stock of properties, 31 March 2025 edition"
2023,2023-24,E1039,27309610,16673,-757,South Derbyshire,-0,NA,2389552,-658201,-1857927,-757,-1842011,16673,E07000039,E07000039,2480,490,310,920,760,"VOA/HMRC Valuation Office, Non-domestic rating: stock of properties, 31 March 2025 edition"
2023,2023-24,E0103,146893373,930888,-1658611,South Gloucestershire UA,-0,NA,5331143,-5308971,-832276,-1658611,-1559999,930888,E06000025,E06000025,7910,1560,1680,2530,2130,"VOA/HMRC Valuation Office, Non-domestic rating: stock of properties, 31 March 2025 edition"
2023,2023-24,E1136,25176354,100761,-588541,South Hams,-0,NA,2565296,-578311,-1272879,-588541,-1760659,100761,E07000044,E07000044,6470,920,690,1570,3290,"VOA/HMRC Valuation Office, Non-domestic rating: stock of properties, 31 March 2025 edition"
2023,2023-24,E2535,23979736,1214331,-96331,South Holland,-0,NA,3283246,-578640,-1756000,-96331,-638000,1214331,E07000140,E07000140,2940,710,420,910,890,"VOA/HMRC Valuation Office, Non-domestic rating: stock of properties, 31 March 2025 edition"
2023,2023-24,E2536,38180888,-0,-148000,South Kesteven,295496,NA,1606919,-818109,-386000,-148000,-534000,0,E07000141,E07000141,4710,1200,820,1390,1300,"VOA/HMRC Valuation Office, Non-domestic rating: stock of properties, 31 March 2025 edition"
2023,2023-24,E2637,31301176,36315,9878,South Norfolk,-0,NA,863680,-94137,-451392,9878,-405199,36315,E07000149,E07000149,5020,750,820,1650,1800,"VOA/HMRC Valuation Office, Non-domestic rating: stock of properties, 31 March 2025 edition"
2023,2023-24,E3133,48642364,-0,-1301270,South Oxfordshire,-0,NA,11675179,-4689236,-5258490,-1301270,-6559760,0,E07000179,E07000179,4500,900,1100,1250,1250,"VOA/HMRC Valuation Office, Non-domestic rating: stock of properties, 31 March 2025 edition"
2023,2023-24,E2342,36524787,266914,59830,South Ribble,-0,NA,2903546,-1249803,-2603682,59830,-2276938,266914,E07000126,E07000126,3350,860,540,1190,770,"VOA/HMRC Valuation Office, Non-domestic rating: stock of properties, 31 March 2025 edition"
2023,2023-24,E3435,29081144,34684,-181907,South Staffordshire,-0,NA,932916,-560161,-356458,-181907,-503681,34684,E07000196,E07000196,2830,580,530,870,860,"VOA/HMRC Valuation Office, Non-domestic rating: stock of properties, 31 March 2025 edition"
2023,2023-24,E4504,27088050,116464,-133011,South Tyneside,-0,NA,2990786,-1796823,-1949038,-133011,-1965585,116464,E08000023,E08000023,3890,1310,650,1010,920,"VOA/HMRC Valuation Office, Non-domestic rating: stock of properties, 31 March 2025 edition"
2023,2023-24,E1702,93434532,2498672,-1401022,Southampton UA,-0,NA,4569287,-7452575,-5206876,-1401022,-4109226,2498672,E06000045,E06000045,6830,2030,1440,1410,1960,"VOA/HMRC Valuation Office, Non-domestic rating: stock of properties, 31 March 2025 edition"
2023,2023-24,E1501,35849156,541321,-478135,Southend-on-Sea UA,30103,NA,1489833,-804176,-815225,-478135,-752039,541321,E06000033,E06000033,5800,2200,830,1130,1640,"VOA/HMRC Valuation Office, Non-domestic rating: stock of properties, 31 March 2025 edition"
2023,2023-24,E5019,282881718,-0,118573,Southwark,1987120,NA,35087139,-44193341,-20823333,118573,-20704760,0,E09000028,E09000028,12920,3060,4930,2380,2540,"VOA/HMRC Valuation Office, Non-domestic rating: stock of properties, 31 March 2025 edition"
2023,2023-24,E3637,43972785,-0,-1425883,Spelthorne,-7121,NA,4067255,-2938153,-2641372,-1425883,-4067255,0,E07000213,E07000213,2460,790,460,600,620,"VOA/HMRC Valuation Office, Non-domestic rating: stock of properties, 31 March 2025 edition"
2023,2023-24,E1936,49249892,24435,-622435,St Albans,-36535,NA,3954828,-2803222,-3021000,-622435,-3619000,24435,E07000240,E07000240,4040,990,1140,720,1190,"VOA/HMRC Valuation Office, Non-domestic rating: stock of properties, 31 March 2025 edition"
2023,2023-24,E4303,50796557,287414,-709511,St. Helens,-0,NA,9714004,-1520032,-7963466,-709511,-8385563,287414,E08000013,E08000013,4770,1610,740,1390,1040,"VOA/HMRC Valuation Office, Non-domestic rating: stock of properties, 31 March 2025 edition"
2023,2023-24,E3436,47326775,526361,302430,Stafford,-0,NA,3821508,-1574008,-2375061,302430,-1546270,526361,E07000197,E07000197,4400,1050,830,1300,1220,"VOA/HMRC Valuation Office, Non-domestic rating: stock of properties, 31 March 2025 edition"
2023,2023-24,E3437,17291918,137780,47725,Staffordshire Moorlands,-0,NA,305046,-556356,-438337,47725,-252832,137780,E07000198,E07000198,3200,740,250,1010,1190,"VOA/HMRC Valuation Office, Non-domestic rating: stock of properties, 31 March 2025 edition"
2023,2023-24,E1937,44482604,133378,113780,Stevenage,24525,NA,851446,-3895382,-979442,113780,-732284,133378,E07000243,E07000243,2280,540,620,520,600,"VOA/HMRC Valuation Office, Non-domestic rating: stock of properties, 31 March 2025 edition"
2023,2023-24,E4207,80505595,1843588,-158033,Stockport,-0,NA,7646737,-2747219,-7751328,-158033,-6065773,1843588,E08000007,E08000007,11400,2760,2560,2840,3240,"VOA/HMRC Valuation Office, Non-domestic rating: stock of properties, 31 March 2025 edition"
2023,2023-24,E0704,77719708,315004,24996,Stockton-on-Tees UA,-0,NA,2182581,-1189406,-2440000,24996,-2100000,315004,E06000004,E06000004,5750,1480,1300,1410,1560,"VOA/HMRC Valuation Office, Non-domestic rating: stock of properties, 31 March 2025 edition"
2023,2023-24,E3401,79297865,505570,-157987,Stoke-on-Trent UA,-0,NA,10116667,-2697789,-6695517,-157987,-6347934,505570,E06000021,E06000021,9400,2680,1430,3460,1830,"VOA/HMRC Valuation Office, Non-domestic rating: stock of properties, 31 March 2025 edition"
2023,2023-24,E3734,54270285,236851,-1636848,Stratford-on-Avon,-0,NA,7084340,-1462533,-2342836,-1636848,-3742833,236851,E07000221,E07000221,6140,980,1190,1660,2320,"VOA/HMRC Valuation Office, Non-domestic rating: stock of properties, 31 March 2025 edition"
2023,2023-24,E1635,34179243,101663,37655,Stroud,-0,NA,2705080,-1145088,-1004259,37655,-864941,101663,E07000082,E07000082,4330,800,770,1630,1130,"VOA/HMRC Valuation Office, Non-domestic rating: stock of properties, 31 March 2025 edition"
2023,2023-24,E4505,81227742,1041027,-1118233,Sunderland,-0,NA,9009593,-4252903,-5473222,-1118233,-5550428,1041027,E08000024,E08000024,8540,2450,1590,2500,2000,"VOA/HMRC Valuation Office, Non-domestic rating: stock of properties, 31 March 2025 edition"
2023,2023-24,E3638,30822543,185496,-249739,Surrey Heath,17917,NA,5962047,-4893873,-340844,-249739,-405087,185496,E07000214,E07000214,2960,610,780,670,900,"VOA/HMRC Valuation Office, Non-domestic rating: stock of properties, 31 March 2025 edition"
2023,2023-24,E5048,55613029,388752,289599,Sutton,-0,NA,3477941,-1810315,-1729924,289599,-1051573,388752,E09000029,E09000029,3990,1740,600,690,960,"VOA/HMRC Valuation Office, Non-domestic rating: stock of properties, 31 March 2025 edition"
2023,2023-24,E2241,52612510,96370,-818489,Swale,-0,NA,3826442,-1104028,-2041085,-818489,-2763204,96370,E07000113,E07000113,4850,990,780,1650,1440,"VOA/HMRC Valuation Office, Non-domestic rating: stock of properties, 31 March 2025 edition"
2023,2023-24,E3901,101919173,17,-1005448,Swindon UA,-0,NA,6947586,-7570408,-2812346,-1005448,-3817777,17,E06000030,E06000030,5870,1360,1460,1640,1410,"VOA/HMRC Valuation Office, Non-domestic rating: stock of properties, 31 March 2025 edition"
2023,2023-24,E4208,50840332,78983,-771404,Tameside,-0,NA,6011551,-2214785,-3350000,-771404,-4042421,78983,E08000008,E08000008,7850,2240,1020,2890,1690,"VOA/HMRC Valuation Office, Non-domestic rating: stock of properties, 31 March 2025 edition"
2023,2023-24,E3439,31149916,26177,-25480,Tamworth,-0,NA,962417,-1949848,-852210,-25480,-851513,26177,E07000199,E07000199,2110,530,420,720,450,"VOA/HMRC Valuation Office, Non-domestic rating: stock of properties, 31 March 2025 edition"
2023,2023-24,E3639,16848688,121797,19522,Tandridge,-25234,NA,756615,-450193,-262429,19522,-121110,121797,E07000215,E07000215,2910,610,480,1030,800,"VOA/HMRC Valuation Office, Non-domestic rating: stock of properties, 31 March 2025 edition"
2023,2023-24,E1137,26613734,33774,41226,Teignbridge,-0,NA,457295,-205716,-415000,41226,-340000,33774,E07000045,E07000045,5670,1050,740,1770,2100,"VOA/HMRC Valuation Office, Non-domestic rating: stock of properties, 31 March 2025 edition"
2023,2023-24,E3201,71262663,1309742,-862742,Telford and Wrekin UA,-0,NA,3856418,-2134481,-1726000,-862742,-1279000,1309742,E06000020,E06000020,5380,1240,910,1840,1390,"VOA/HMRC Valuation Office, Non-domestic rating: stock of properties, 31 March 2025 edition"
2023,2023-24,E1542,26879771,179997,-234075,Tendring,-0,NA,2233577,-974738,-951032,-234075,-1005110,179997,E07000076,E07000076,8590,1270,650,1810,4870,"VOA/HMRC Valuation Office, Non-domestic rating: stock of properties, 31 March 2025 edition"
2023,2023-24,E1742,59758229,175995,-598467,Test Valley,-0,NA,2681459,-865389,-1732211,-598467,-2154683,175995,E07000093,E07000093,4710,680,800,2120,1100,"VOA/HMRC Valuation Office, Non-domestic rating: stock of properties, 31 March 2025 edition"
2023,2023-24,E1636,39295938,77858,-38259,Tewkesbury,-0,NA,1794205,-615857,-664362,-38259,-624763,77858,E07000083,E07000083,3080,440,610,1220,810,"VOA/HMRC Valuation Office, Non-domestic rating: stock of properties, 31 March 2025 edition"
2023,2023-24,E2242,32218193,239051,-48825,Thanet,-0,NA,4566806,-1435315,-2530672,-48825,-2340446,239051,E07000114,E07000114,5640,1550,640,1420,2030,"VOA/HMRC Valuation Office, Non-domestic rating: stock of properties, 31 March 2025 edition"
2023,2023-24,E1938,34428194,-0,-1508955,Three Rivers,-21519,NA,3682367,-722507,-932558,-1508955,-2441513,0,E07000102,E07000102,2120,400,670,480,580,"VOA/HMRC Valuation Office, Non-domestic rating: stock of properties, 31 March 2025 edition"
2023,2023-24,E1502,131454614,13702,-955546,Thurrock UA,-0,NA,11170068,-278520,-2270854,-955546,-3212698,13702,E06000034,E06000034,4400,1200,480,1660,1050,"VOA/HMRC Valuation Office, Non-domestic rating: stock of properties, 31 March 2025 edition"
2023,2023-24,E2243,62544746,165729,-536715,Tonbridge and Malling,-0,NA,2617901,-1339549,-629014,-536715,-1000000,165729,E07000115,E07000115,3730,650,990,1040,1050,"VOA/HMRC Valuation Office, Non-domestic rating: stock of properties, 31 March 2025 edition"
2023,2023-24,E1102,26589514,70645,-585758,Torbay UA,-0,NA,6242843,-2062887,-2662452,-585758,-3177565,70645,E06000027,E06000027,5710,1780,540,960,2430,"VOA/HMRC Valuation Office, Non-domestic rating: stock of properties, 31 March 2025 edition"
2023,2023-24,E1139,11026990,36329,-44089,Torridge,-0,NA,358436,-192028,-138752,-44089,-146512,36329,E07000046,E07000046,4220,620,250,900,2450,"VOA/HMRC Valuation Office, Non-domestic rating: stock of properties, 31 March 2025 edition"
2023,2023-24,E5020,348538104,2416964,-1420465,Tower Hamlets,-0,NA,39158096,-45904981,-16573753,-1420465,-15577254,2416964,E09000030,E09000030,18330,3330,6520,3790,4690,"VOA/HMRC Valuation Office, Non-domestic rating: stock of properties, 31 March 2025 edition"
2023,2023-24,E4209,136304987,5434041,500000,Trafford,-0,NA,10447834,-10023390,-14962114,500000,-9028073,5434041,E08000009,E08000009,10990,2210,2200,3010,3580,"VOA/HMRC Valuation Office, Non-domestic rating: stock of properties, 31 March 2025 edition"
2023,2023-24,E2244,46484109,138126,-471848,Tunbridge Wells,-0,NA,3834834,-1579647,-2833781,-471848,-3167503,138126,E07000116,E07000116,4150,1130,910,940,1180,"VOA/HMRC Valuation Office, Non-domestic rating: stock of properties, 31 March 2025 edition"
2023,2023-24,E1544,49760857,85113,-492263,Uttlesford,-0,NA,4250568,-1778445,-3022620,-492263,-3429770,85113,E07000077,E07000077,3530,500,920,1120,990,"VOA/HMRC Valuation Office, Non-domestic rating: stock of properties, 31 March 2025 edition"
2023,2023-24,E3134,73837166,-0,278302,Vale of White Horse,-0,NA,7903725,-6156987,-5166042,278302,-4887740,0,E07000180,E07000180,3980,640,1260,990,1090,"VOA/HMRC Valuation Office, Non-domestic rating: stock of properties, 31 March 2025 edition"
2023,2023-24,E4705,135778362,1380016,-1473886,Wakefield,-0,NA,5736929,-2075503,-3309234,-1473886,-3403104,1380016,E08000036,E08000036,11840,3290,2010,3940,2590,"VOA/HMRC Valuation Office, Non-domestic rating: stock of properties, 31 March 2025 edition"
2023,2023-24,E4606,64530651,-0,144282,Walsall,27768,NA,12468712,-2146171,-5016902,144282,-4872620,0,E08000030,E08000030,8560,2490,1100,3100,1870,"VOA/HMRC Valuation Office, Non-domestic rating: stock of properties, 31 March 2025 edition"
2023,2023-24,E5049,56009482,644114,-1588760,Waltham Forest,-0,NA,13124778,-4328807,-9465515,-1588760,-10410161,644114,E09000031,E09000031,6750,2960,920,1490,1380,"VOA/HMRC Valuation Office, Non-domestic rating: stock of properties, 31 March 2025 edition"
2023,2023-24,E5021,110045393,-0,-1499000,Wandsworth,-107197,NA,25146868,-13003191,-10720000,-1499000,-12219000,0,E09000032,E09000032,8660,2990,1930,1620,2120,"VOA/HMRC Valuation Office, Non-domestic rating: stock of properties, 31 March 2025 edition"
2023,2023-24,E0602,99706318,-0,-2008876,Warrington UA,-351691,NA,22889105,-6247460,-3924769,-2008876,-5933645,0,E06000007,E06000007,7010,1580,2000,1930,1490,"VOA/HMRC Valuation Office, Non-domestic rating: stock of properties, 31 March 2025 edition"
2023,2023-24,E3735,69720527,284296,-637496,Warwick,-0,NA,1801341,-896955,-1348800,-637496,-1702000,284296,E07000222,E07000222,5370,1300,1400,1060,1610,"VOA/HMRC Valuation Office, Non-domestic rating: stock of properties, 31 March 2025 edition"
2023,2023-24,E1939,50325769,-0,701579,Watford,-16878,NA,4525855,-2205708,-4255278,701579,-3553699,0,E07000103,E07000103,2940,930,590,650,760,"VOA/HMRC Valuation Office, Non-domestic rating: stock of properties, 31 March 2025 edition"
2023,2023-24,E3640,31234774,568708,-482708,Waverley,-0,NA,2886385,-1291032,-2710000,-482708,-2624000,568708,E07000216,E07000216,3990,970,940,910,1170,"VOA/HMRC Valuation Office, Non-domestic rating: stock of properties, 31 March 2025 edition"
2023,2023-24,E1437,31376172,165235,-214312,Wealden,-0,NA,3000983,-784006,-1457522,-214312,-1506599,165235,E07000065,E07000065,6700,1100,960,2740,1890,"VOA/HMRC Valuation Office, Non-domestic rating: stock of properties, 31 March 2025 edition"
2023,2023-24,E1940,64408635,168326,-234729,Welwyn Hatfield,-0,NA,2706126,-1594037,-905986,-234729,-972389,168326,E07000241,E07000241,2990,670,800,790,730,"VOA/HMRC Valuation Office, Non-domestic rating: stock of properties, 31 March 2025 edition"
2023,2023-24,E0302,82597054,-0,0,West Berkshire UA,-0,NA,4903837,-2637002,-630000,0,-630000,0,E06000037,E06000037,5960,960,1540,1760,1700,"VOA/HMRC Valuation Office, Non-domestic rating: stock of properties, 31 March 2025 edition"
2023,2023-24,E1140,8722021,52485,-50945,West Devon,-0,NA,1175813,-162135,-791745,-50945,-790205,52485,E07000047,E07000047,2460,500,290,610,1060,"VOA/HMRC Valuation Office, Non-domestic rating: stock of properties, 31 March 2025 edition"
2023,2023-24,E2343,31904418,97156,-52122,West Lancashire,-0,NA,7341630,-1366749,-4027857,-52122,-3982823,97156,E07000127,E07000127,3450,760,610,1170,920,"VOA/HMRC Valuation Office, Non-domestic rating: stock of properties, 31 March 2025 edition"
2023,2023-24,E2537,17266224,245807,-492279,West Lindsey,-0,NA,2143594,-1162831,-1235072,-492279,-1481544,245807,E07000142,E07000142,3050,630,390,1010,1020,"VOA/HMRC Valuation Office, Non-domestic rating: stock of properties, 31 March 2025 edition"
2023,2023-24,E2802,197611151,41151,-1321890,West Northamptonshire,-0,NA,9454603,-7702410,-6729994,-1321890,-8010733,41151,E06000062,E06000062,12210,2340,2670,4060,3130,"VOA/HMRC Valuation Office, Non-domestic rating: stock of properties, 31 March 2025 edition"
2023,2023-24,E3135,37059452,263518,-145357,West Oxfordshire,-0,NA,2448436,-900092,-792983,-145357,-674822,263518,E07000181,E07000181,4320,740,960,1340,1290,"VOA/HMRC Valuation Office, Non-domestic rating: stock of properties, 31 March 2025 edition"
2023,2023-24,E3539,74492522,219885,-798825,West Suffolk,-0,NA,4066023,-1888211,-1332588,-798825,-1911528,219885,E07000245,E07000245,6420,1360,1100,2080,1880,"VOA/HMRC Valuation Office, Non-domestic rating: stock of properties, 31 March 2025 edition"
2023,2023-24,E5022,1808096815,43122276,-23970452,Westminster,-0,NA,129065201,-229105912,-94661337,-23970452,-75509513,43122276,E09000033,E09000033,37270,6470,21700,1210,7910,"VOA/HMRC Valuation Office, Non-domestic rating: stock of properties, 31 March 2025 edition"
2023,2023-24,E0902,79890722,71560,-147696,Westmorland and Furness,-887,NA,16640001,-2664355,-3582577,-147696,-3658713,71560,E06000064,E06000064,15480,2780,1540,3050,8110,"VOA/HMRC Valuation Office, Non-domestic rating: stock of properties, 31 March 2025 edition"
2023,2023-24,E4210,74244634,208890,-725970,Wigan,-0,NA,8143624,-1166547,-1764560,-725970,-2281640,208890,E08000010,E08000010,9870,2960,1420,2880,2620,"VOA/HMRC Valuation Office, Non-domestic rating: stock of properties, 31 March 2025 edition"
2023,2023-24,E3902,153582288,217482,-649268,Wiltshire UA,-3857,NA,9031218,-1675907,-862300,-649268,-1294086,217482,E06000054,E06000054,16520,3230,3060,5620,4600,"VOA/HMRC Valuation Office, Non-domestic rating: stock of properties, 31 March 2025 edition"
2023,2023-24,E1743,58058874,-0,-116043,Winchester,141037,NA,4538191,-2443024,-2753198,-116043,-2869241,0,E07000094,E07000094,5160,780,1370,1490,1520,"VOA/HMRC Valuation Office, Non-domestic rating: stock of properties, 31 March 2025 edition"
2023,2023-24,E0305,67662885,864038,-2865777,Windsor and Maidenhead UA,-0,NA,8756176,-8010941,-4257716,-2865777,-6259455,864038,E06000040,E06000040,4790,1270,1340,830,1360,"VOA/HMRC Valuation Office, Non-domestic rating: stock of properties, 31 March 2025 edition"
2023,2023-24,E4305,58913448,661856,1525953,Wirral,-0,NA,6236583,-2307904,-3098049,1525953,-910240,661856,E08000015,E08000015,8550,3330,1170,2050,2010,"VOA/HMRC Valuation Office, Non-domestic rating: stock of properties, 31 March 2025 edition"
2023,2023-24,E3641,46040117,494000,1080979,Woking,8014,NA,5524418,-4166280,-3355055,1080979,-1780076,494000,E07000217,E07000217,2780,770,750,480,770,"VOA/HMRC Valuation Office, Non-domestic rating: stock of properties, 31 March 2025 edition"
2023,2023-24,E0306,63396112,25507,-791000,Wokingham UA,-0,NA,6411462,-5688694,-3433764,-791000,-4199257,25507,E06000041,E06000041,4390,580,1390,1320,1100,"VOA/HMRC Valuation Office, Non-domestic rating: stock of properties, 31 March 2025 edition"
2023,2023-24,E4607,69003786,2066116,-2172686,Wolverhampton,-0,NA,10240733,-5080839,-9184022,-2172686,-9290592,2066116,E08000031,E08000031,8970,2430,1770,2970,1800,"VOA/HMRC Valuation Office, Non-domestic rating: stock of properties, 31 March 2025 edition"
2023,2023-24,E1837,33655348,252196,-478696,Worcester,39563,NA,3892723,-1796566,-1726624,-478696,-1953124,252196,E07000237,E07000237,3180,1040,660,710,780,"VOA/HMRC Valuation Office, Non-domestic rating: stock of properties, 31 March 2025 edition"
2023,2023-24,E3837,24556854,-0,-252999,Worthing,-1441,NA,492795,-481943,-708470,-252999,-961469,0,E07000229,E07000229,3320,1290,460,480,1090,"VOA/HMRC Valuation Office, Non-domestic rating: stock of properties, 31 March 2025 edition"
2023,2023-24,E1838,45599418,290353,122247,Wychavon,-0,NA,2116951,-926583,-787600,122247,-375000,290353,E07000238,E07000238,5150,930,900,1760,1570,"VOA/HMRC Valuation Office, Non-domestic rating: stock of properties, 31 March 2025 edition"
2023,2023-24,E2344,22868934,106032,-156105,Wyre,11977,NA,1133907,-683022,-359710,-156105,-409783,106032,E07000128,E07000128,4220,1200,420,1250,1350,"VOA/HMRC Valuation Office, Non-domestic rating: stock of properties, 31 March 2025 edition"
2023,2023-24,E1839,24805319,133086,-638140,Wyre Forest,95271,NA,2360429,-1330960,-1113079,-638140,-1618133,133086,E07000239,E07000239,3590,750,700,1090,1060,"VOA/HMRC Valuation Office, Non-domestic rating: stock of properties, 31 March 2025 edition"
2023,2023-24,E2701,78822054,1818625,-1055365,York UA,-0,NA,3833138,-2130338,-2655245,-1055365,-1891985,1818625,E06000014,E06000014,7250,1830,1570,1240,2610,"VOA/HMRC Valuation Office, Non-domestic rating: stock of properties, 31 March 2025 edition"
2024,2024-25,E3831,18844101,-0,49679,Adur,-48,NA,629155,-1932868,-340419,49679,-290740,0,E07000223,E07000223,2310,470,340,620,880,"VOA/HMRC Valuation Office, Non-domestic rating: stock of properties, 31 March 2025 edition"
2024,2024-25,E1031,33824009,174931,-362031,Amber Valley,-0,NA,734737,-2066333,-547600,-362031,-734700,174931,E07000032,E07000032,4010,1050,580,1270,1110,"VOA/HMRC Valuation Office, Non-domestic rating: stock of properties, 31 March 2025 edition"
2024,2024-25,E3832,38672307,138190,-976670,Arun,-0,NA,3400980,-1039110,-1680000,-976670,-2518480,138190,E07000224,E07000224,4920,1320,480,1410,1710,"VOA/HMRC Valuation Office, Non-domestic rating: stock of properties, 31 March 2025 edition"
2024,2024-25,E3031,47225460,245924,206198,Ashfield,-0,NA,1691521,-155167,-1408399,206198,-956277,245924,E07000170,E07000170,4020,990,560,1710,760,"VOA/HMRC Valuation Office, Non-domestic rating: stock of properties, 31 March 2025 edition"
2024,2024-25,E2231,53317847,167583,-629438,Ashford,-0,NA,4145412,-2786201,-770136,-629438,-1231991,167583,E07000105,E07000105,5420,970,1160,1690,1610,"VOA/HMRC Valuation Office, Non-domestic rating: stock of properties, 31 March 2025 edition"
2024,2024-25,E3531,25751288,50061,-280616,Babergh,-0,NA,1037709,-681137,-789580,-280616,-1020135,50061,E07000200,E07000200,3710,600,630,1330,1150,"VOA/HMRC Valuation Office, Non-domestic rating: stock of properties, 31 March 2025 edition"
2024,2024-25,E5030,74340295,1084789,-9586,Barking and Dagenham,-0,NA,8489255,-3446088,-5685000,-9586,-4609797,1084789,E09000002,E09000002,4460,1450,800,1260,950,"VOA/HMRC Valuation Office, Non-domestic rating: stock of properties, 31 March 2025 edition"
2024,2024-25,E5031,98119395,1562193,-2205580,Barnet,-0,NA,18123652,-11004120,-9957457,-2205580,-10600844,1562193,E09000003,E09000003,8140,3490,1960,730,1960,"VOA/HMRC Valuation Office, Non-domestic rating: stock of properties, 31 March 2025 edition"
2024,2024-25,E4401,62443469,609227,-814236,Barnsley,-0,NA,1680779,-782837,-1475770,-814236,-1680779,609227,E08000016,E08000016,9040,2030,1130,4210,1680,"VOA/HMRC Valuation Office, Non-domestic rating: stock of properties, 31 March 2025 edition"
2024,2024-25,E1531,84821908,371106,-681106,Basildon,-0,NA,3368389,-2508340,-1483250,-681106,-1793250,371106,E07000066,E07000066,4980,1030,910,1990,1050,"VOA/HMRC Valuation Office, Non-domestic rating: stock of properties, 31 March 2025 edition"
2024,2024-25,E1731,82674844,339380,-1213379,Basingstoke and Deane,-0,NA,3343742,-2862821,-1550001,-1213379,-2424000,339380,E07000084,E07000084,4530,740,1290,1190,1310,"VOA/HMRC Valuation Office, Non-domestic rating: stock of properties, 31 March 2025 edition"
2024,2024-25,E3032,52037326,389323,-289323,Bassetlaw,-0,NA,978075,-949061,-500000,-289323,-400000,389323,E07000171,E07000171,4530,970,740,1530,1290,"VOA/HMRC Valuation Office, Non-domestic rating: stock of properties, 31 March 2025 edition"
2024,2024-25,E0101,63919566,241450,-171016,Bath and North East Somerset UA,-0,NA,3471205,-3885760,-1044107,-171016,-973673,241450,E06000022,E06000022,6690,1670,1340,1650,2030,"VOA/HMRC Valuation Office, Non-domestic rating: stock of properties, 31 March 2025 edition"
2024,2024-25,E0202,88607551,501643,206357,Bedford UA,-0,NA,4489113,-1209042,-3913000,206357,-3205000,501643,E06000055,E06000055,5630,1200,1070,1750,1610,"VOA/HMRC Valuation Office, Non-domestic rating: stock of properties, 31 March 2025 edition"
2024,2024-25,E5032,93296808,-0,0,Bexley,1116737,NA,9164408,-4413851,-2144568,0,-2144568,0,E09000004,E09000004,5360,1830,490,1480,1550,"VOA/HMRC Valuation Office, Non-domestic rating: stock of properties, 31 March 2025 edition"
2024,2024-25,E4601,414679579,12480634,-5943908,Birmingham,-7408708,NA,127998671,-29206810,-93396287,-5943908,-86859561,12480634,E08000025,E08000025,47240,11450,8910,10030,16840,"VOA/HMRC Valuation Office, Non-domestic rating: stock of properties, 31 March 2025 edition"
2024,2024-25,E2431,53917116,-0,179758,Blaby,-19895,NA,1212670,-2248755,-465070,179758,-285312,0,E07000129,E07000129,2450,450,620,750,630,"VOA/HMRC Valuation Office, Non-domestic rating: stock of properties, 31 March 2025 edition"
2024,2024-25,E2301,42665667,370540,726460,Blackburn with Darwen UA,-0,NA,2483033,-936217,-3197000,726460,-2100000,370540,E06000008,E06000008,8260,1810,1430,3700,1330,"VOA/HMRC Valuation Office, Non-domestic rating: stock of properties, 31 March 2025 edition"
2024,2024-25,E2302,38385464,2766026,-1716325,Blackpool UA,-0,NA,8354115,-387688,-5490818,-1716325,-4441117,2766026,E06000009,E06000009,6590,2240,780,1190,2380,"VOA/HMRC Valuation Office, Non-domestic rating: stock of properties, 31 March 2025 edition"
2024,2024-25,E1032,35371268,-0,-363722,Bolsover,153265,NA,1293336,-657689,-888561,-363722,-1252283,0,E07000033,E07000033,2430,550,370,930,580,"VOA/HMRC Valuation Office, Non-domestic rating: stock of properties, 31 March 2025 edition"
2024,2024-25,E4201,90831551,1476888,-1812361,Bolton,-0,NA,10289865,-4116908,-7079446,-1812361,-7414919,1476888,E08000001,E08000001,10730,2990,1720,3090,2930,"VOA/HMRC Valuation Office, Non-domestic rating: stock of properties, 31 March 2025 edition"
2024,2024-25,E2531,19968651,292479,-407479,Boston,-0,NA,3560781,-764790,-1387000,-407479,-1502000,292479,E07000136,E07000136,2520,600,410,820,690,"VOA/HMRC Valuation Office, Non-domestic rating: stock of properties, 31 March 2025 edition"
2024,2024-25,E1204,139507202,1962445,-3148373,"Bournemouth, Christchurch & Poole",-0,NA,11340330,-2738473,-6157348,-3148373,-7343276,1962445,E06000058,E06000058,15990,4170,2150,2710,6960,"VOA/HMRC Valuation Office, Non-domestic rating: stock of properties, 31 March 2025 edition"
2024,2024-25,E0301,58786661,1073355,-1128655,Bracknell Forest UA,247593,NA,7094316,-9580850,-4531801,-1128655,-4587101,1073355,E06000036,E06000036,2630,560,890,440,740,"VOA/HMRC Valuation Office, Non-domestic rating: stock of properties, 31 March 2025 edition"
2024,2024-25,E4701,122792593,2311593,-2964552,Bradford,-637388,NA,10359513,-2583294,-6554931,-2964552,-7207890,2311593,E08000032,E08000032,19680,6010,3740,6130,3790,"VOA/HMRC Valuation Office, Non-domestic rating: stock of properties, 31 March 2025 edition"
2024,2024-25,E1532,53983550,-0,-68000,Braintree,259502,NA,1083461,-849619,-464175,-68000,-532175,0,E07000067,E07000067,5100,1020,880,1950,1250,"VOA/HMRC Valuation Office, Non-domestic rating: stock of properties, 31 March 2025 edition"
2024,2024-25,E2631,37811922,456156,-588141,Breckland,-0,NA,2483243,-1581072,-357462,-588141,-489447,456156,E07000143,E07000143,4680,900,520,1800,1460,"VOA/HMRC Valuation Office, Non-domestic rating: stock of properties, 31 March 2025 edition"
2024,2024-25,E5033,133905741,154633,-3583078,Brent,-0,NA,40176960,-18602298,-13754310,-3583078,-17182755,154633,E09000005,E09000005,9100,3280,1670,2530,1620,"VOA/HMRC Valuation Office, Non-domestic rating: stock of properties, 31 March 2025 edition"
2024,2024-25,E1533,25157150,-0,356141,Brentwood,561410,NA,1451056,-1291333,-1156275,356141,-800134,0,E07000068,E07000068,2550,590,640,650,670,"VOA/HMRC Valuation Office, Non-domestic rating: stock of properties, 31 March 2025 edition"
2024,2024-25,E1401,107180232,769634,-468242,Brighton and Hove UA,292921,NA,7526645,-5767088,-5098564,-468242,-4797172,769634,E06000043,E06000043,11470,3190,2620,1360,4290,"VOA/HMRC Valuation Office, Non-domestic rating: stock of properties, 31 March 2025 edition"
2024,2024-25,E0102,234375274,2944183,-1196024,Bristol UA,-0,NA,10788498,-9535129,-8641549,-1196024,-6893390,2944183,E06000023,E06000023,16570,4520,4290,3800,3960,"VOA/HMRC Valuation Office, Non-domestic rating: stock of properties, 31 March 2025 edition"
2024,2024-25,E2632,31279281,105662,-21046,Broadland,-0,NA,1431197,-191625,-802112,-21046,-717496,105662,E07000144,E07000144,3910,620,460,1360,1460,"VOA/HMRC Valuation Office, Non-domestic rating: stock of properties, 31 March 2025 edition"
2024,2024-25,E5034,85648248,818338,-959450,Bromley,-0,NA,5644511,-6909011,-3014800,-959450,-3085800,818338,E09000006,E09000006,7410,2830,1390,1120,2080,"VOA/HMRC Valuation Office, Non-domestic rating: stock of properties, 31 March 2025 edition"
2024,2024-25,E1831,28628937,255245,-118765,Bromsgrove,-21153,NA,1817826,-1040520,-1205600,-118765,-1069120,255245,E07000234,E07000234,3450,620,780,1060,990,"VOA/HMRC Valuation Office, Non-domestic rating: stock of properties, 31 March 2025 edition"
2024,2024-25,E1931,38287627,139908,93646,Broxbourne,-0,NA,3859629,-1127118,-3196277,93646,-2962723,139908,E07000095,E07000095,2340,730,350,760,500,"VOA/HMRC Valuation Office, Non-domestic rating: stock of properties, 31 March 2025 edition"
2024,2024-25,E3033,28881709,124102,-84102,Broxtowe,-0,NA,1055032,-1707763,-455000,-84102,-415000,124102,E07000172,E07000172,2680,890,420,700,670,"VOA/HMRC Valuation Office, Non-domestic rating: stock of properties, 31 March 2025 edition"
2024,2024-25,E0402,193781632,451111,129080,Buckinghamshire,-0,NA,2261161,-4813094,-2123516,129080,-1543325,451111,E06000060,E06000060,15370,3340,3590,4540,3900,"VOA/HMRC Valuation Office, Non-domestic rating: stock of properties, 31 March 2025 edition"
2024,2024-25,E2333,30150196,576871,75756,Burnley,-0,NA,2465330,-1560045,-2514505,75756,-1861878,576871,E07000117,E07000117,5420,1170,780,2610,860,"VOA/HMRC Valuation Office, Non-domestic rating: stock of properties, 31 March 2025 edition"
2024,2024-25,E4202,47221231,54625,25707,Bury,-0,NA,12381438,-4459787,-7677095,25707,-7596763,54625,E08000002,E08000002,6360,1920,1240,1750,1460,"VOA/HMRC Valuation Office, Non-domestic rating: stock of properties, 31 March 2025 edition"
2024,2024-25,E4702,55707820,-0,-509523,Calderdale,-221815,NA,4811706,-2704776,-2537374,-509523,-3046897,0,E08000033,E08000033,9830,2270,1780,3690,2090,"VOA/HMRC Valuation Office, Non-domestic rating: stock of properties, 31 March 2025 edition"
2024,2024-25,E0531,121920471,-0,-340798,Cambridge,30123,NA,4548627,-5246961,-3389209,-340798,-3730007,0,E07000008,E07000008,4370,1120,1370,480,1400,"VOA/HMRC Valuation Office, Non-domestic rating: stock of properties, 31 March 2025 edition"
2024,2024-25,E5011,620912831,5340529,7037843,Camden,1007896,NA,29786802,-34821952,-31536000,7037843,-19157628,5340529,E09000007,E09000007,18350,3780,9060,1130,4370,"VOA/HMRC Valuation Office, Non-domestic rating: stock of properties, 31 March 2025 edition"
2024,2024-25,E3431,36548966,518966,-165586,Cannock Chase,-0,NA,2164309,-665317,-1705037,-165586,-1351657,518966,E07000192,E07000192,3680,1020,600,1290,760,"VOA/HMRC Valuation Office, Non-domestic rating: stock of properties, 31 March 2025 edition"
2024,2024-25,E2232,48192581,-0,837537,Canterbury,1144596,NA,3550925,-3119149,-1380961,837537,-543424,0,E07000106,E07000106,6340,1360,910,1350,2720,"VOA/HMRC Valuation Office, Non-domestic rating: stock of properties, 31 March 2025 edition"
2024,2024-25,E1534,16314468,252980,-321814,Castle Point,-0,NA,1130081,-830317,-957089,-321814,-1033796,252980,E07000069,E07000069,2020,660,200,700,460,"VOA/HMRC Valuation Office, Non-domestic rating: stock of properties, 31 March 2025 edition"
2024,2024-25,E0203,125847247,245861,-297678,Central Bedfordshire UA,-0,NA,4246105,-1190029,-713389,-297678,-765206,245861,E06000056,E06000056,7330,1560,1360,2500,1900,"VOA/HMRC Valuation Office, Non-domestic rating: stock of properties, 31 March 2025 edition"
2024,2024-25,E2432,54158226,349778,-711928,Charnwood,-0,NA,2692786,-1301360,-1158496,-711928,-1520646,349778,E07000130,E07000130,4860,1270,800,1680,1120,"VOA/HMRC Valuation Office, Non-domestic rating: stock of properties, 31 March 2025 edition"
2024,2024-25,E1535,79479090,281091,-606724,Chelmsford,-0,NA,5518319,-2163437,-3039590,-606724,-3365223,281091,E07000070,E07000070,5180,1130,1260,1550,1250,"VOA/HMRC Valuation Office, Non-domestic rating: stock of properties, 31 March 2025 edition"
2024,2024-25,E1631,57509903,316587,-680000,Cheltenham,-0,NA,1973352,-1180131,-463576,-680000,-826989,316587,E07000078,E07000078,4050,1120,1260,780,900,"VOA/HMRC Valuation Office, Non-domestic rating: stock of properties, 31 March 2025 edition"
2024,2024-25,E3131,111357617,332017,-173438,Cherwell,-0,NA,2375292,-7579239,-1484371,-173438,-1325792,332017,E07000177,E07000177,5200,1190,1210,1520,1270,"VOA/HMRC Valuation Office, Non-domestic rating: stock of properties, 31 March 2025 edition"
2024,2024-25,E0603,150075531,1508459,-2069844,Cheshire East UA,-0,NA,7434395,-3144468,-1956821,-2069844,-2518206,1508459,E06000049,E06000049,15340,3380,3870,3430,4660,"VOA/HMRC Valuation Office, Non-domestic rating: stock of properties, 31 March 2025 edition"
2024,2024-25,E0604,160459273,2229358,-473920,Cheshire West and Chester UA,-0,NA,5891009,-4842342,-5900455,-473920,-4145017,2229358,E06000050,E06000050,12350,3110,2520,3400,3330,"VOA/HMRC Valuation Office, Non-domestic rating: stock of properties, 31 March 2025 edition"
2024,2024-25,E1033,41703569,349215,-747731,Chesterfield,20090,NA,2699502,-694815,-481484,-747731,-880000,349215,E07000034,E07000034,4410,1030,890,1640,860,"VOA/HMRC Valuation Office, Non-domestic rating: stock of properties, 31 March 2025 edition"
2024,2024-25,E3833,44609902,344214,-130214,Chichester,-0,NA,1999690,-2924181,-1232000,-130214,-1018000,344214,E07000225,E07000225,5470,1030,900,1630,1910,"VOA/HMRC Valuation Office, Non-domestic rating: stock of properties, 31 March 2025 edition"
2024,2024-25,E2334,27515502,89414,-195749,Chorley,-0,NA,1537286,-1431314,-1234646,-195749,-1340981,89414,E07000118,E07000118,3760,950,700,1150,960,"VOA/HMRC Valuation Office, Non-domestic rating: stock of properties, 31 March 2025 edition"
2024,2024-25,E5010,1293587831,7576666,16224726,City of London,-0,NA,65661755,-170874478,-44555821,16224726,-20754429,7576666,E09000001,E09000001,19530,1180,13430,1770,3160,"VOA/HMRC Valuation Office, Non-domestic rating: stock of properties, 31 March 2025 edition"
2024,2024-25,E1536,63897293,1349416,-432433,Colchester,-0,NA,3788378,-3212499,-3876381,-432433,-2959398,1349416,E07000071,E07000071,6170,1300,1300,1370,2200,"VOA/HMRC Valuation Office, Non-domestic rating: stock of properties, 31 March 2025 edition"
2024,2024-25,E0801,154246174,897485,-1108485,Cornwall UA,-0,NA,9046184,-5079982,-5377000,-1108485,-5588000,897485,E06000052,E06000052,35890,5820,2970,7780,19320,"VOA/HMRC Valuation Office, Non-domestic rating: stock of properties, 31 March 2025 edition"
2024,2024-25,E1632,31332923,146197,-113077,Cotswold,-0,NA,1945217,-845653,-586201,-113077,-553081,146197,E07000079,E07000079,5400,910,910,1480,2090,"VOA/HMRC Valuation Office, Non-domestic rating: stock of properties, 31 March 2025 edition"
2024,2024-25,E4602,125507177,2946305,-3082648,Coventry,-0,NA,12438518,-6126855,-5662743,-3082648,-5799086,2946305,E08000026,E08000026,8830,2630,1670,2250,2290,"VOA/HMRC Valuation Office, Non-domestic rating: stock of properties, 31 March 2025 edition"
2024,2024-25,E3834,142588964,190732,-601007,Crawley,-0,NA,4324026,-2663446,-2131655,-601007,-2541930,190732,E07000226,E07000226,3700,580,1170,820,1130,"VOA/HMRC Valuation Office, Non-domestic rating: stock of properties, 31 March 2025 edition"
2024,2024-25,E5035,114210330,332696,1613702,Croydon,-607,NA,22387812,-14123037,-16958686,1613702,-15012288,332696,E09000008,E09000008,8760,3420,1880,1230,2220,"VOA/HMRC Valuation Office, Non-domestic rating: stock of properties, 31 March 2025 edition"
2024,2024-25,E0901,109484136,1708165,-1559535,Cumberland,-53013,NA,6162453,-2887748,-2486807,-1559535,-2338177,1708165,E06000063,E06000063,12800,2620,1660,3200,5330,"VOA/HMRC Valuation Office, Non-domestic rating: stock of properties, 31 March 2025 edition"
2024,2024-25,E1932,75400645,1132860,0,Dacorum,-0,NA,6279901,-1786092,-4241798,0,-3108938,1132860,E07000096,E07000096,4390,940,1220,990,1250,"VOA/HMRC Valuation Office, Non-domestic rating: stock of properties, 31 March 2025 edition"
2024,2024-25,E1301,33418485,318346,-36783,Darlington UA,-0,NA,1691017,-932761,-571712,-36783,-423000,318346,E06000005,E06000005,3950,1080,840,1160,870,"VOA/HMRC Valuation Office, Non-domestic rating: stock of properties, 31 March 2025 edition"
2024,2024-25,E2233,93553224,591117,-280900,Dartford,-0,NA,6220940,-4167464,-4535634,-280900,-4225417,591117,E07000107,E07000107,3380,900,730,820,930,"VOA/HMRC Valuation Office, Non-domestic rating: stock of properties, 31 March 2025 edition"
2024,2024-25,E1001,96086775,2453441,1926975,Derby UA,-0,NA,6599744,-1785218,-7800349,1926975,-3419933,2453441,E06000015,E06000015,8640,2270,1920,2660,1790,"VOA/HMRC Valuation Office, Non-domestic rating: stock of properties, 31 March 2025 edition"
2024,2024-25,E1035,17344088,140677,-352799,Derbyshire Dales,-0,NA,672065,-399935,-50920,-352799,-263042,140677,E07000035,E07000035,4700,860,470,1060,2310,"VOA/HMRC Valuation Office, Non-domestic rating: stock of properties, 31 March 2025 edition"
2024,2024-25,E4402,114065188,451755,-772185,Doncaster,169979,NA,8840886,-3545385,-3953519,-772185,-4273949,451755,E08000017,E08000017,9870,3010,1640,3010,2210,"VOA/HMRC Valuation Office, Non-domestic rating: stock of properties, 31 March 2025 edition"
2024,2024-25,E1203,98554818,205145,-1665942,Dorset Council,-0,NA,12919109,-2201090,-7534602,-1665942,-8995399,205145,E06000059,E06000059,18160,3250,2000,5430,7470,"VOA/HMRC Valuation Office, Non-domestic rating: stock of properties, 31 March 2025 edition"
2024,2024-25,E2234,52111483,400373,-370251,Dover,-0,NA,4758993,-1645721,-1725678,-370251,-1695556,400373,E07000108,E07000108,4180,890,830,940,1520,"VOA/HMRC Valuation Office, Non-domestic rating: stock of properties, 31 March 2025 edition"
2024,2024-25,E4603,85057696,600293,-240354,Dudley,-0,NA,7700507,-469058,-5776037,-240354,-5416098,600293,E08000027,E08000027,10510,2760,1670,3780,2300,"VOA/HMRC Valuation Office, Non-domestic rating: stock of properties, 31 March 2025 edition"
2024,2024-25,E1302,122474435,881277,149784,Durham UA,-0,NA,5010447,-2510097,-4750158,149784,-3719097,881277,E06000047,E06000047,16160,4240,2460,4450,5010,"VOA/HMRC Valuation Office, Non-domestic rating: stock of properties, 31 March 2025 edition"
2024,2024-25,E5036,161085557,6398093,-2805376,Ealing,-0,NA,19858042,-12027406,-20183439,-2805376,-16590722,6398093,E09000009,E09000009,10850,3620,2080,3030,2130,"VOA/HMRC Valuation Office, Non-domestic rating: stock of properties, 31 March 2025 edition"
2024,2024-25,E0532,26497077,281797,-121125,East Cambridgeshire,-0,NA,2124281,-739951,-727057,-121125,-566385,281797,E07000009,E07000009,2620,400,430,900,880,"VOA/HMRC Valuation Office, Non-domestic rating: stock of properties, 31 March 2025 edition"
2024,2024-25,E1131,38295423,22602,-29262,East Devon,12879,NA,829952,-1002695,-451751,-29262,-458411,22602,E07000040,E07000040,7600,1310,720,2160,3410,"VOA/HMRC Valuation Office, Non-domestic rating: stock of properties, 31 March 2025 edition"
2024,2024-25,E1732,32525531,387005,-271177,East Hampshire,-0,NA,1219980,-872986,-464050,-271177,-348222,387005,E07000085,E07000085,4150,850,770,1550,980,"VOA/HMRC Valuation Office, Non-domestic rating: stock of properties, 31 March 2025 edition"
2024,2024-25,E1933,47028410,362878,-231251,East Hertfordshire,-0,NA,2055741,-1691826,-1593596,-231251,-1461969,362878,E07000242,E07000242,4890,990,1000,1520,1380,"VOA/HMRC Valuation Office, Non-domestic rating: stock of properties, 31 March 2025 edition"
2024,2024-25,E2532,41996844,527353,-394353,East Lindsey,-0,NA,5256636,-1053259,-1751000,-394353,-1618000,527353,E07000137,E07000137,7340,1680,520,1800,3330,"VOA/HMRC Valuation Office, Non-domestic rating: stock of properties, 31 March 2025 edition"
2024,2024-25,E2001,117824544,562911,-162848,East Riding of Yorkshire UA,-0,NA,6239517,-2938366,-4756650,-162848,-4356587,562911,E06000011,E06000011,12390,2900,1650,3300,4550,"VOA/HMRC Valuation Office, Non-domestic rating: stock of properties, 31 March 2025 edition"
2024,2024-25,E3432,64266772,-0,-924000,East Staffordshire,18271,NA,5827159,-4106845,-2515000,-924000,-3439000,0,E07000193,E07000193,4180,1130,680,1320,1050,"VOA/HMRC Valuation Office, Non-domestic rating: stock of properties, 31 March 2025 edition"
2024,2024-25,E3538,101305734,377863,514765,East Suffolk,-0,NA,6112047,-3588211,-5043238,514765,-4150610,377863,E07000244,E07000244,12970,2230,1520,2410,6810,"VOA/HMRC Valuation Office, Non-domestic rating: stock of properties, 31 March 2025 edition"
2024,2024-25,E1432,30551728,-0,-409625,Eastbourne,-182146,NA,4950713,-2162988,-1428222,-409625,-1837847,0,E07000061,E07000061,3110,1090,500,530,990,"VOA/HMRC Valuation Office, Non-domestic rating: stock of properties, 31 March 2025 edition"
2024,2024-25,E1733,63615626,709548,-534044,Eastleigh,-0,NA,2269409,-2394234,-1018433,-534044,-842929,709548,E07000086,E07000086,3150,710,680,970,790,"VOA/HMRC Valuation Office, Non-domestic rating: stock of properties, 31 March 2025 edition"
2024,2024-25,E3631,60804589,325069,282204,Elmbridge,-19307,NA,2632496,-3484011,-2427273,282204,-1820000,325069,E07000207,E07000207,3870,1160,950,640,1120,"VOA/HMRC Valuation Office, Non-domestic rating: stock of properties, 31 March 2025 edition"
2024,2024-25,E5037,126445112,2356346,-3528376,Enfield,-0,NA,17536092,-6979343,-14566745,-3528376,-15738775,2356346,E09000010,E09000010,7040,2560,1080,1680,1730,"VOA/HMRC Valuation Office, Non-domestic rating: stock of properties, 31 March 2025 edition"
2024,2024-25,E1537,36429474,52688,-206839,Epping Forest,280,NA,4681862,-2093723,-3540254,-206839,-3694405,52688,E07000072,E07000072,4540,950,990,1600,1010,"VOA/HMRC Valuation Office, Non-domestic rating: stock of properties, 31 March 2025 edition"
2024,2024-25,E3632,22541484,101032,-43799,Epsom and Ewell,-0,NA,328510,-808737,-126329,-43799,-69096,101032,E07000208,E07000208,1760,600,370,230,560,"VOA/HMRC Valuation Office, Non-domestic rating: stock of properties, 31 March 2025 edition"
2024,2024-25,E1036,24928208,448510,-74033,Erewash,-0,NA,2179765,-583343,-1215914,-74033,-841437,448510,E07000036,E07000036,3700,940,510,1510,740,"VOA/HMRC Valuation Office, Non-domestic rating: stock of properties, 31 March 2025 edition"
2024,2024-25,E1132,75684575,-0,-180000,Exeter,-5829,NA,1435395,-2142676,-1000000,-180000,-1180000,0,E07000041,E07000041,5150,1200,1490,970,1500,"VOA/HMRC Valuation Office, Non-domestic rating: stock of properties, 31 March 2025 edition"
2024,2024-25,E1734,43143240,331250,-140013,Fareham,-0,NA,1460331,-1366126,-897813,-140013,-706576,331250,E07000087,E07000087,3340,670,750,1030,880,"VOA/HMRC Valuation Office, Non-domestic rating: stock of properties, 31 March 2025 edition"
2024,2024-25,E0533,29763358,236482,196067,Fenland,-0,NA,5236796,-1426769,-2438356,196067,-2005807,236482,E07000010,E07000010,3130,800,410,1110,810,"VOA/HMRC Valuation Office, Non-domestic rating: stock of properties, 31 March 2025 edition"
2024,2024-25,E2240,28841119,197968,-139420,Folkestone & Hythe,10995,NA,730113,-1242798,-565117,-139420,-506569,197968,E07000112,E07000112,4170,1050,620,1080,1420,"VOA/HMRC Valuation Office, Non-domestic rating: stock of properties, 31 March 2025 edition"
2024,2024-25,E1633,15036576,138334,-204714,Forest of Dean,-0,NA,597414,-421226,-201300,-204714,-267680,138334,E07000080,E07000080,3430,550,350,1430,1100,"VOA/HMRC Valuation Office, Non-domestic rating: stock of properties, 31 March 2025 edition"
2024,2024-25,E2335,23887352,595839,-150950,Fylde,-0,NA,1575600,-696809,-1217271,-150950,-772382,595839,E07000119,E07000119,3100,840,520,800,940,"VOA/HMRC Valuation Office, Non-domestic rating: stock of properties, 31 March 2025 edition"
2024,2024-25,E4501,81032441,1034280,-726280,Gateshead,-0,NA,8677328,-2438411,-4021000,-726280,-3713000,1034280,E08000037,E08000037,6990,1750,1540,2450,1250,"VOA/HMRC Valuation Office, Non-domestic rating: stock of properties, 31 March 2025 edition"
2024,2024-25,E3034,26274980,238963,-178386,Gedling,-0,NA,1400780,-728106,-688587,-178386,-628010,238963,E07000173,E07000173,2640,800,330,830,690,"VOA/HMRC Valuation Office, Non-domestic rating: stock of properties, 31 March 2025 edition"
2024,2024-25,E1634,54470900,48100,-10133,Gloucester,-0,NA,2176536,-1305678,-1116860,-10133,-1078893,48100,E07000081,E07000081,4160,1080,1080,1100,900,"VOA/HMRC Valuation Office, Non-domestic rating: stock of properties, 31 March 2025 edition"
2024,2024-25,E1735,19164488,15812,-354812,Gosport,-0,NA,2956909,-555578,-1331000,-354812,-1670000,15812,E07000088,E07000088,2030,610,210,710,490,"VOA/HMRC Valuation Office, Non-domestic rating: stock of properties, 31 March 2025 edition"
2024,2024-25,E2236,27405378,69037,-421475,Gravesham,-0,NA,2769586,-1289499,-1736458,-421475,-2088896,69037,E07000109,E07000109,2310,770,320,570,650,"VOA/HMRC Valuation Office, Non-domestic rating: stock of properties, 31 March 2025 edition"
2024,2024-25,E2633,26537644,250332,-151079,Great Yarmouth,-0,NA,2354050,-2841361,-691875,-151079,-592622,250332,E07000145,E07000145,4970,1050,470,1250,2210,"VOA/HMRC Valuation Office, Non-domestic rating: stock of properties, 31 March 2025 edition"
2024,2024-25,E5012,96629906,798200,3282277,Greenwich,-0,NA,10084627,-2903918,-10229851,3282277,-6149374,798200,E09000011,E09000011,6210,2130,990,1680,1410,"VOA/HMRC Valuation Office, Non-domestic rating: stock of properties, 31 March 2025 edition"
2024,2024-25,E3633,81586570,-0,210000,Guildford,-0,NA,6850652,-3796936,-5500000,210000,-5290000,0,E07000209,E07000209,4480,870,1310,880,1410,"VOA/HMRC Valuation Office, Non-domestic rating: stock of properties, 31 March 2025 edition"
2024,2024-25,E5013,172281703,4117599,850357,Hackney,-0,NA,77513584,-25697222,-53626024,850357,-48658068,4117599,E09000012,E09000012,12230,2940,4520,2830,1950,"VOA/HMRC Valuation Office, Non-domestic rating: stock of properties, 31 March 2025 edition"
2024,2024-25,E0601,64824678,611004,677539,Halton UA,-4401,NA,6576378,-407661,-6858715,677539,-5570172,611004,E06000006,E06000006,3780,940,730,1260,850,"VOA/HMRC Valuation Office, Non-domestic rating: stock of properties, 31 March 2025 edition"
2024,2024-25,E5014,236259855,7245038,8973110,Hammersmith and Fulham,-0,NA,62484770,-48157666,-63080295,8973110,-46862147,7245038,E09000013,E09000013,10110,2840,3710,890,2680,"VOA/HMRC Valuation Office, Non-domestic rating: stock of properties, 31 March 2025 edition"
2024,2024-25,E2433,62715924,109340,-92648,Harborough,96840,NA,940565,-1848298,-109340,-92648,-92648,109340,E07000131,E07000131,3300,600,740,970,1000,"VOA/HMRC Valuation Office, Non-domestic rating: stock of properties, 31 March 2025 edition"
2024,2024-25,E5038,70160326,477858,-4275541,Haringey,28,NA,19482219,-9710753,-13775025,-4275541,-17572708,477858,E09000014,E09000014,7260,2900,1030,1960,1370,"VOA/HMRC Valuation Office, Non-domestic rating: stock of properties, 31 March 2025 edition"
2024,2024-25,E1538,50263585,222254,-373641,Harlow,-6027,NA,5208676,-2284233,-2257375,-373641,-2408762,222254,E07000073,E07000073,2390,510,460,850,570,"VOA/HMRC Valuation Office, Non-domestic rating: stock of properties, 31 March 2025 edition"
2024,2024-25,E5039,46446320,634882,-1409142,Harrow,-157707,NA,11270873,-3673209,-6864200,-1409142,-7638460,634882,E09000015,E09000015,5550,2030,1640,610,1270,"VOA/HMRC Valuation Office, Non-domestic rating: stock of properties, 31 March 2025 edition"
2024,2024-25,E1736,33698327,235717,-205530,Hart,-0,NA,3427244,-2109897,-2319272,-205530,-2289085,235717,E07000089,E07000089,2370,510,560,640,650,"VOA/HMRC Valuation Office, Non-domestic rating: stock of properties, 31 March 2025 edition"
2024,2024-25,E0701,32434748,220862,-587111,Hartlepool UA,-0,NA,5016622,-1561946,-3524508,-587111,-3890757,220862,E06000001,E06000001,2970,930,510,810,730,"VOA/HMRC Valuation Office, Non-domestic rating: stock of properties, 31 March 2025 edition"
2024,2024-25,E1433,20695085,615461,60140,Hastings,-0,NA,2932669,-822268,-2732340,60140,-2056739,615461,E07000062,E07000062,3610,1050,460,900,1200,"VOA/HMRC Valuation Office, Non-domestic rating: stock of properties, 31 March 2025 edition"
2024,2024-25,E1737,35076967,459464,-448164,Havant,104600,NA,2007648,-3251047,-923040,-448164,-911740,459464,E07000090,E07000090,3370,950,540,760,1120,"VOA/HMRC Valuation Office, Non-domestic rating: stock of properties, 31 March 2025 edition"
2024,2024-25,E5040,77900849,823307,-538116,Havering,-0,NA,3310977,-4309324,-1895512,-538116,-1610321,823307,E09000016,E09000016,6010,2220,860,1530,1410,"VOA/HMRC Valuation Office, Non-domestic rating: stock of properties, 31 March 2025 edition"
2024,2024-25,E1801,49164301,254328,-835543,Herefordshire UA,-0,NA,5568124,-2450846,-3097620,-835543,-3678835,254328,E06000019,E06000019,8460,1620,1340,2660,2850,"VOA/HMRC Valuation Office, Non-domestic rating: stock of properties, 31 March 2025 edition"
2024,2024-25,E1934,63368042,218335,784863,Hertsmere,-0,NA,6734978,-2877519,-4906180,784863,-3902982,218335,E07000098,E07000098,3210,700,960,750,800,"VOA/HMRC Valuation Office, Non-domestic rating: stock of properties, 31 March 2025 edition"
2024,2024-25,E1037,30312866,35976,-102517,High Peak,-0,NA,1099333,-585807,-802949,-102517,-869490,35976,E07000037,E07000037,3860,930,480,1150,1310,"VOA/HMRC Valuation Office, Non-domestic rating: stock of properties, 31 March 2025 edition"
2024,2024-25,E5041,387652954,-0,-2179023,Hillingdon,4253000,NA,24704347,-23795261,-6970109,-2179023,-9149132,0,E09000017,E09000017,8930,2530,2530,1820,2050,"VOA/HMRC Valuation Office, Non-domestic rating: stock of properties, 31 March 2025 edition"
2024,2024-25,E2434,44193928,52234,-391582,Hinckley and Bosworth,-0,NA,2312899,-739159,-611378,-391582,-950726,52234,E07000132,E07000132,3350,740,490,1290,830,"VOA/HMRC Valuation Office, Non-domestic rating: stock of properties, 31 March 2025 edition"
2024,2024-25,E3835,47009537,312753,-554860,Horsham,-0,NA,2748384,-1233663,-1428188,-554860,-1670295,312753,E07000227,E07000227,4970,850,890,1870,1360,"VOA/HMRC Valuation Office, Non-domestic rating: stock of properties, 31 March 2025 edition"
2024,2024-25,E5042,211955265,674164,-4074164,Hounslow,-0,NA,28491759,-20409144,-13800000,-4074164,-17200000,674164,E09000018,E09000018,7700,2070,2030,1570,2040,"VOA/HMRC Valuation Office, Non-domestic rating: stock of properties, 31 March 2025 edition"
2024,2024-25,E0551,71737118,103500,-199105,Huntingdonshire,-0,NA,1002093,-534949,-476677,-199105,-572282,103500,E07000011,E07000011,5740,1020,1060,1990,1660,"VOA/HMRC Valuation Office, Non-domestic rating: stock of properties, 31 March 2025 edition"
2024,2024-25,E2336,24587022,663866,-410532,Hyndburn,26998,NA,1822891,-1446906,-1889975,-410532,-1636641,663866,E07000120,E07000120,3450,1100,360,1280,710,"VOA/HMRC Valuation Office, Non-domestic rating: stock of properties, 31 March 2025 edition"
2024,2024-25,E3533,56335609,1685883,-574459,Ipswich,-0,NA,2523404,-2104760,-1977039,-574459,-865615,1685883,E07000202,E07000202,4700,1240,1230,940,1300,"VOA/HMRC Valuation Office, Non-domestic rating: stock of properties, 31 March 2025 edition"
2024,2024-25,E2101,32657299,-0,1390138,Isle of Wight UA,142201,NA,4583272,-2327428,-2872963,1390138,-1482825,0,E06000046,E06000046,7520,1590,650,1860,3440,"VOA/HMRC Valuation Office, Non-domestic rating: stock of properties, 31 March 2025 edition"
2024,2024-25,E4001,1021922,-0,3716,Isles of Scilly UA,-53,NA,104231,-8715,-79495,3716,-75779,0,E06000053,E06000053,530,50,20,90,380,"VOA/HMRC Valuation Office, Non-domestic rating: stock of properties, 31 March 2025 edition"
2024,2024-25,E5015,282561480,4164209,-2247428,Islington,365415,NA,21297503,-38126011,-20273970,-2247428,-18357189,4164209,E09000019,E09000019,12050,3010,5220,1410,2410,"VOA/HMRC Valuation Office, Non-domestic rating: stock of properties, 31 March 2025 edition"
2024,2024-25,E5016,250108534,569552,2922830,Kensington and Chelsea,-0,NA,50185518,-22148836,-37645678,2922830,-34153296,569552,E09000020,E09000020,8810,3010,2840,800,2160,"VOA/HMRC Valuation Office, Non-domestic rating: stock of properties, 31 March 2025 edition"
2024,2024-25,E2634,48153093,244767,-182034,Kings Lynn and West Norfolk,-0,NA,1245470,-540377,-653196,-182034,-590463,244767,E07000146,E07000146,6680,1200,600,1680,3200,"VOA/HMRC Valuation Office, Non-domestic rating: stock of properties, 31 March 2025 edition"
2024,2024-25,E2002,88150894,28905,-772861,Kingston upon Hull UA,-2163,NA,9951882,-866164,-3108580,-772861,-3852536,28905,E06000010,E06000010,9260,2850,1730,2690,2000,"VOA/HMRC Valuation Office, Non-domestic rating: stock of properties, 31 March 2025 edition"
2024,2024-25,E5043,77591266,2997289,-875326,Kingston upon Thames,-0,NA,6074009,-3238766,-3897048,-875326,-2535327,2997289,E09000021,E09000021,4560,1460,1250,720,1120,"VOA/HMRC Valuation Office, Non-domestic rating: stock of properties, 31 March 2025 edition"
2024,2024-25,E4703,96641453,1122039,-830225,Kirklees,-0,NA,9104758,-2919344,-7083080,-830225,-6791266,1122039,E08000034,E08000034,16490,4360,2830,5830,3480,"VOA/HMRC Valuation Office, Non-domestic rating: stock of properties, 31 March 2025 edition"
2024,2024-25,E4301,59198212,-0,0,Knowsley,-0,NA,7411497,-3054087,-3615400,0,-3615400,0,E08000011,E08000011,3250,890,450,1150,750,"VOA/HMRC Valuation Office, Non-domestic rating: stock of properties, 31 March 2025 edition"
2024,2024-25,E5017,181092067,1315106,-12290300,Lambeth,-44406,NA,25055860,-16075454,-1315106,-12290300,-12290300,1315106,E09000022,E09000022,9010,3030,2020,1930,2030,"VOA/HMRC Valuation Office, Non-domestic rating: stock of properties, 31 March 2025 edition"
2024,2024-25,E2337,69994333,478726,-116906,Lancaster,-0,NA,1606364,-1185792,-556374,-116906,-194554,478726,E07000121,E07000121,5330,1470,780,1370,1700,"VOA/HMRC Valuation Office, Non-domestic rating: stock of properties, 31 March 2025 edition"
2024,2024-25,E4704,374080786,3146765,-1625256,Leeds,-0,NA,21899157,-15884123,-13108955,-1625256,-11587446,3146765,E08000035,E08000035,31600,7050,8260,7940,8350,"VOA/HMRC Valuation Office, Non-domestic rating: stock of properties, 31 March 2025 edition"
2024,2024-25,E2401,101858815,2118914,-3345878,Leicester UA,-0,NA,14617053,-2585125,-5922836,-3345878,-7149800,2118914,E06000016,E06000016,12660,3830,2100,4460,2270,"VOA/HMRC Valuation Office, Non-domestic rating: stock of properties, 31 March 2025 edition"
2024,2024-25,E1435,26332740,-0,43133,Lewes,223197,NA,3928501,-1745311,-1265969,43133,-1222836,0,E07000063,E07000063,3700,740,670,1290,1000,"VOA/HMRC Valuation Office, Non-domestic rating: stock of properties, 31 March 2025 edition"
2024,2024-25,E5018,56085272,985406,-690006,Lewisham,-0,NA,6810577,-7411330,-6404369,-690006,-6108969,985406,E09000023,E09000023,6270,2700,770,1390,1420,"VOA/HMRC Valuation Office, Non-domestic rating: stock of properties, 31 March 2025 edition"
2024,2024-25,E3433,39459063,9848,-614949,Lichfield,-0,NA,1548062,-3077189,-942961,-614949,-1548062,9848,E07000194,E07000194,3050,680,620,930,820,"VOA/HMRC Valuation Office, Non-domestic rating: stock of properties, 31 March 2025 edition"
2024,2024-25,E2533,39121723,86958,-246794,Lincoln,-0,NA,1258730,-2763766,-498643,-246794,-658479,86958,E07000138,E07000138,3540,1090,840,710,910,"VOA/HMRC Valuation Office, Non-domestic rating: stock of properties, 31 March 2025 edition"
2024,2024-25,E4302,192382067,3426097,140115,Liverpool,-0,NA,40636873,-15109185,-32654062,140115,-29087850,3426097,E08000012,E08000012,20240,5750,4690,4250,5560,"VOA/HMRC Valuation Office, Non-domestic rating: stock of properties, 31 March 2025 edition"
2024,2024-25,E0201,70947515,114922,-2027230,Luton UA,-0,NA,28639826,-7885352,-19157216,-2027230,-14563732,114922,E06000032,E06000032,5730,1750,1220,1430,1340,"VOA/HMRC Valuation Office, Non-domestic rating: stock of properties, 31 March 2025 edition"
2024,2024-25,E2237,61575403,86164,-514770,Maidstone,1251,NA,4467110,-1483775,-2858061,-514770,-3286667,86164,E07000110,E07000110,5320,1040,1300,1460,1520,"VOA/HMRC Valuation Office, Non-domestic rating: stock of properties, 31 March 2025 edition"
2024,2024-25,E1539,15765941,88069,-44021,Maldon,2509,NA,497249,-224179,-331222,-44021,-287174,88069,E07000074,E07000074,2550,450,360,1020,710,"VOA/HMRC Valuation Office, Non-domestic rating: stock of properties, 31 March 2025 edition"
2024,2024-25,E1851,15158533,121636,-34832,Malvern Hills,-0,NA,691635,-148799,-342267,-34832,-266608,121636,E07000235,E07000235,3030,540,470,970,1040,"VOA/HMRC Valuation Office, Non-domestic rating: stock of properties, 31 March 2025 edition"
2024,2024-25,E4203,386200084,9983004,-7140118,Manchester,-0,NA,56395943,-28135177,-46765028,-7140118,-43922142,9983004,E08000003,E08000003,26930,6000,8280,4410,8240,"VOA/HMRC Valuation Office, Non-domestic rating: stock of properties, 31 March 2025 edition"
2024,2024-25,E3035,28194889,199433,-480818,Mansfield,-0,NA,2547726,-1518435,-1671287,-480818,-1952672,199433,E07000174,E07000174,3400,920,720,1020,740,"VOA/HMRC Valuation Office, Non-domestic rating: stock of properties, 31 March 2025 edition"
2024,2024-25,E2201,99491634,736167,-24658,Medway UA,-0,NA,10585233,-4261378,-4296730,-24658,-3585221,736167,E06000035,E06000035,6460,1860,1070,1950,1580,"VOA/HMRC Valuation Office, Non-domestic rating: stock of properties, 31 March 2025 edition"
2024,2024-25,E2436,13912321,195407,-30763,Melton,-0,NA,840660,-1242802,-246304,-30763,-81660,195407,E07000133,E07000133,1690,350,170,630,530,"VOA/HMRC Valuation Office, Non-domestic rating: stock of properties, 31 March 2025 edition"
2024,2024-25,E5044,96571515,508855,439248,Merton,-0,NA,5581387,-6091564,-4387233,439248,-3439130,508855,E09000024,E09000024,5320,1640,1220,1020,1460,"VOA/HMRC Valuation Office, Non-domestic rating: stock of properties, 31 March 2025 edition"
2024,2024-25,E1133,17319903,56523,-75091,Mid Devon,-2661,NA,1245627,-935382,-836186,-75091,-854754,56523,E07000042,E07000042,3560,550,290,1310,1410,"VOA/HMRC Valuation Office, Non-domestic rating: stock of properties, 31 March 2025 edition"
2024,2024-25,E3534,35204326,9283,-33344,Mid Suffolk,-0,NA,818162,-828653,-342280,-33344,-366341,9283,E07000203,E07000203,3570,510,510,1310,1250,"VOA/HMRC Valuation Office, Non-domestic rating: stock of properties, 31 March 2025 edition"
2024,2024-25,E3836,54236972,338570,-439116,Mid Sussex,-0,NA,4128042,-2682550,-2964074,-439116,-3064620,338570,E07000228,E07000228,4600,1020,980,1220,1380,"VOA/HMRC Valuation Office, Non-domestic rating: stock of properties, 31 March 2025 edition"
2024,2024-25,E0702,34101227,89547,-416031,Middlesbrough UA,-0,NA,14306938,-2014351,-9751484,-416031,-7127597,89547,E06000002,E06000002,4620,1400,950,1110,1160,"VOA/HMRC Valuation Office, Non-domestic rating: stock of properties, 31 March 2025 edition"
2024,2024-25,E0401,210071920,984158,-981236,Milton Keynes UA,-0,NA,3451524,-8585587,-1620000,-981236,-1617078,984158,E06000042,E06000042,8550,1620,2680,2250,2000,"VOA/HMRC Valuation Office, Non-domestic rating: stock of properties, 31 March 2025 edition"
2024,2024-25,E3634,38901555,2297904,-462659,Mole Valley,16551,NA,3259999,-2498384,-4087087,-462659,-2251842,2297904,E07000210,E07000210,3190,680,830,810,870,"VOA/HMRC Valuation Office, Non-domestic rating: stock of properties, 31 March 2025 edition"
2024,2024-25,E1738,75017375,449398,-389808,New Forest,-0,NA,1350176,-1900508,-411440,-389808,-351850,449398,E07000091,E07000091,7320,1560,900,1940,2920,"VOA/HMRC Valuation Office, Non-domestic rating: stock of properties, 31 March 2025 edition"
2024,2024-25,E3036,45884548,231038,-392163,Newark and Sherwood,-0,NA,1596123,-804505,-703522,-392163,-864647,231038,E07000175,E07000175,4510,940,780,1510,1280,"VOA/HMRC Valuation Office, Non-domestic rating: stock of properties, 31 March 2025 edition"
2024,2024-25,E4502,114529498,2079508,-1045106,Newcastle upon Tyne,-0,NA,8299883,-3128181,-9299211,-1045106,-8264809,2079508,E08000021,E08000021,11950,2900,3930,1970,3140,"VOA/HMRC Valuation Office, Non-domestic rating: stock of properties, 31 March 2025 edition"
2024,2024-25,E3434,37750289,218263,-68685,Newcastle-under-Lyme,-0,NA,3049283,-1975082,-703581,-68685,-554003,218263,E07000195,E07000195,3660,960,700,1050,950,"VOA/HMRC Valuation Office, Non-domestic rating: stock of properties, 31 March 2025 edition"
2024,2024-25,E5045,165038192,-0,1432646,Newham,-349984,NA,6426576,-13771363,-4029977,1432646,-2597331,0,E09000025,E09000025,7880,3690,1410,1350,1440,"VOA/HMRC Valuation Office, Non-domestic rating: stock of properties, 31 March 2025 edition"
2024,2024-25,E1134,29405369,307410,-324908,North Devon,-0,NA,1576629,-950156,-934716,-324908,-952214,307410,E07000043,E07000043,6480,1130,530,1400,3430,"VOA/HMRC Valuation Office, Non-domestic rating: stock of properties, 31 March 2025 edition"
2024,2024-25,E1038,17895030,65181,-213537,North East Derbyshire,-0,NA,1689854,-748097,-557536,-213537,-705892,65181,E07000038,E07000038,2970,580,410,970,1010,"VOA/HMRC Valuation Office, Non-domestic rating: stock of properties, 31 March 2025 edition"
2024,2024-25,E2003,59610774,234606,-930958,North East Lincolnshire UA,-0,NA,9627054,-2720352,-2479177,-930958,-3175529,234606,E06000012,E06000012,5590,1660,730,1780,1420,"VOA/HMRC Valuation Office, Non-domestic rating: stock of properties, 31 March 2025 edition"
2024,2024-25,E1935,40529713,171100,-166416,North Hertfordshire,-0,NA,3490623,-949984,-1502214,-166416,-1497530,171100,E07000099,E07000099,4670,960,1000,1590,1120,"VOA/HMRC Valuation Office, Non-domestic rating: stock of properties, 31 March 2025 edition"
2024,2024-25,E2534,34008046,133915,-120515,North Kesteven,-437,NA,1089872,-1241360,-265400,-120515,-252000,133915,E07000139,E07000139,3460,570,560,1330,990,"VOA/HMRC Valuation Office, Non-domestic rating: stock of properties, 31 March 2025 edition"
2024,2024-25,E2004,98471888,319201,-205201,North Lincolnshire UA,-0,NA,5594176,-2326558,-1947000,-205201,-1833000,319201,E06000013,E06000013,5700,1450,550,2080,1620,"VOA/HMRC Valuation Office, Non-domestic rating: stock of properties, 31 March 2025 edition"
2024,2024-25,E2635,25130726,90488,106997,North Norfolk,-0,NA,274996,-1622646,-131703,106997,65782,90488,E07000147,E07000147,8020,1190,430,1450,4940,"VOA/HMRC Valuation Office, Non-domestic rating: stock of properties, 31 March 2025 edition"
2024,2024-25,E2801,180798165,668752,-405417,North Northamptonshire,-0,NA,15003243,-6033076,-3435325,-405417,-3171990,668752,E06000061,E06000061,11920,2370,1770,5230,2550,"VOA/HMRC Valuation Office, Non-domestic rating: stock of properties, 31 March 2025 edition"
2024,2024-25,E0104,65850635,180011,-955889,North Somerset UA,-0,NA,6434616,-5372079,-3288294,-955889,-4064172,180011,E06000024,E06000024,6540,1470,1230,1880,1960,"VOA/HMRC Valuation Office, Non-domestic rating: stock of properties, 31 March 2025 edition"
2024,2024-25,E4503,63439386,1178238,-1554343,North Tyneside,-0,NA,7041158,-1749273,-2751016,-1554343,-3127121,1178238,E08000022,E08000022,6330,1740,1350,1840,1400,"VOA/HMRC Valuation Office, Non-domestic rating: stock of properties, 31 March 2025 edition"
2024,2024-25,E3731,75875319,220340,573373,North Warwickshire,-0,NA,1485862,-3264625,-590898,573373,-774376,220340,E07000218,E07000218,2570,410,380,970,800,"VOA/HMRC Valuation Office, Non-domestic rating: stock of properties, 31 March 2025 edition"
2024,2024-25,E2437,117197953,103492,-1031975,North West Leicestershire,-0,NA,6738693,-1386943,-2206085,-1031975,-3134568,103492,E07000134,E07000134,3510,690,740,1180,910,"VOA/HMRC Valuation Office, Non-domestic rating: stock of properties, 31 March 2025 edition"
2024,2024-25,E2702,206193942,1993435,-1090470,North Yorkshire,-0,NA,12412395,-8240789,-7184068,-1090470,-6281103,1993435,E06000065,E06000065,33220,6040,4370,8220,14590,"VOA/HMRC Valuation Office, Non-domestic rating: stock of properties, 31 March 2025 edition"
2024,2024-25,E2901,90014476,257026,-455939,Northumberland UA,-0,NA,8412459,-2531794,-5715107,-455939,-4829256,257026,E06000057,E06000057,14290,2690,1590,3550,6460,"VOA/HMRC Valuation Office, Non-domestic rating: stock of properties, 31 March 2025 edition"
2024,2024-25,E2636,66226531,38907,-604751,Norwich,-0,NA,5996503,-1645357,-2817031,-604751,-3382875,38907,E07000148,E07000148,6820,1700,1780,1360,1980,"VOA/HMRC Valuation Office, Non-domestic rating: stock of properties, 31 March 2025 edition"
2024,2024-25,E3001,122705374,2064100,1815697,Nottingham UA,-632634,NA,28076832,-10415585,-21362161,1815697,-17482364,2064100,E06000018,E06000018,11650,3000,2500,2990,3170,"VOA/HMRC Valuation Office, Non-domestic rating: stock of properties, 31 March 2025 edition"
2024,2024-25,E3732,42943245,327146,-605464,Nuneaton and Bedworth,-0,NA,2580900,-1575157,-1200614,-605464,-1478932,327146,E07000219,E07000219,3240,920,350,1200,770,"VOA/HMRC Valuation Office, Non-domestic rating: stock of properties, 31 March 2025 edition"
2024,2024-25,E2438,11899195,-0,-2790,Oadby and Wigston,-40247,NA,1344566,-304540,-194080,-2790,-203671,0,E07000135,E07000135,1420,420,180,550,280,"VOA/HMRC Valuation Office, Non-domestic rating: stock of properties, 31 March 2025 edition"
2024,2024-25,E4204,55570525,431129,-815577,Oldham,-0,NA,10018475,-3890264,-7213527,-815577,-7597975,431129,E08000004,E08000004,7980,2150,1290,2750,1800,"VOA/HMRC Valuation Office, Non-domestic rating: stock of properties, 31 March 2025 edition"
2024,2024-25,E3132,95134233,597766,-129657,Oxford,-0,NA,8637831,-10683986,-3471002,-129657,-3002893,597766,E07000178,E07000178,4580,1230,1230,550,1570,"VOA/HMRC Valuation Office, Non-domestic rating: stock of properties, 31 March 2025 edition"
2024,2024-25,E2338,19406044,33,296000,Pendle,-0,NA,1292698,-715665,-1490000,296000,-1183967,33,E07000122,E07000122,3900,1130,550,1390,830,"VOA/HMRC Valuation Office, Non-domestic rating: stock of properties, 31 March 2025 edition"
2024,2024-25,E0501,113929419,2817081,230733,Peterborough UA,-0,NA,3455009,-2580129,-4682834,230733,-1635020,2817081,E06000031,E06000031,6210,1420,1460,1870,1460,"VOA/HMRC Valuation Office, Non-domestic rating: stock of properties, 31 March 2025 edition"
2024,2024-25,E1101,82612191,153602,-698483,Plymouth UA,-0,NA,3309759,-2061574,-1175458,-698483,-1720339,153602,E06000026,E06000026,7980,1970,1520,2110,2390,"VOA/HMRC Valuation Office, Non-domestic rating: stock of properties, 31 March 2025 edition"
2024,2024-25,E1701,88025314,949944,-1295921,Portsmouth UA,-0,NA,8436183,-5715589,-4994258,-1295921,-5340235,949944,E06000044,E06000044,6640,2030,920,1460,2230,"VOA/HMRC Valuation Office, Non-domestic rating: stock of properties, 31 March 2025 edition"
2024,2024-25,E2339,52604324,817597,-624352,Preston,-0,NA,7798364,-1122135,-7806333,-624352,-7613088,817597,E07000123,E07000123,6340,1660,1210,2120,1360,"VOA/HMRC Valuation Office, Non-domestic rating: stock of properties, 31 March 2025 edition"
2024,2024-25,E0303,138275732,1404760,-1196760,Reading UA,-0,NA,12899619,-16456877,-8927000,-1196760,-8719000,1404760,E06000038,E06000038,5700,1470,1750,930,1550,"VOA/HMRC Valuation Office, Non-domestic rating: stock of properties, 31 March 2025 edition"
2024,2024-25,E5046,54758534,300149,-2658834,Redbridge,10414,NA,20119527,-7260807,-13777426,-2658834,-16136111,300149,E09000026,E09000026,6610,2660,1350,840,1760,"VOA/HMRC Valuation Office, Non-domestic rating: stock of properties, 31 March 2025 edition"
2024,2024-25,E0703,42121475,76044,135321,Redcar and Cleveland UA,-0,NA,2868692,-3575575,-1363732,135321,-1152367,76044,E06000003,E06000003,4400,1200,680,1260,1250,"VOA/HMRC Valuation Office, Non-domestic rating: stock of properties, 31 March 2025 edition"
2024,2024-25,E1835,36347725,241227,-284417,Redditch,-146764,NA,3243621,-1738952,-1674217,-284417,-1717407,241227,E07000236,E07000236,2620,500,550,1070,510,"VOA/HMRC Valuation Office, Non-domestic rating: stock of properties, 31 March 2025 edition"
2024,2024-25,E3635,54471282,210209,149478,Reigate and Banstead,17024,NA,732465,-1331076,-836387,149478,-476700,210209,E07000211,E07000211,3660,1050,840,770,1000,"VOA/HMRC Valuation Office, Non-domestic rating: stock of properties, 31 March 2025 edition"
2024,2024-25,E2340,15393716,35863,-35863,Ribble Valley,-0,NA,639536,-400423,-374000,-35863,-374000,35863,E07000124,E07000124,2750,570,450,830,910,"VOA/HMRC Valuation Office, Non-domestic rating: stock of properties, 31 March 2025 edition"
2024,2024-25,E5047,77048837,-0,149000,Richmond upon Thames,989268,NA,12334096,-8194088,-6707000,149000,-6558000,0,E09000027,E09000027,5670,2040,1500,520,1600,"VOA/HMRC Valuation Office, Non-domestic rating: stock of properties, 31 March 2025 edition"
2024,2024-25,E4205,81312484,871865,-1054396,Rochdale,-0,NA,5976828,-1688596,-3354672,-1054396,-3537203,871865,E08000005,E08000005,9090,2070,1070,4290,1660,"VOA/HMRC Valuation Office, Non-domestic rating: stock of properties, 31 March 2025 edition"
2024,2024-25,E1540,18470703,654,-48897,Rochford,-1192,NA,527138,-484125,-296690,-48897,-344933,654,E07000075,E07000075,2880,510,420,1360,600,"VOA/HMRC Valuation Office, Non-domestic rating: stock of properties, 31 March 2025 edition"
2024,2024-25,E2341,13814719,332575,-829,Rossendale,-0,NA,1366058,-40922,-1281256,-829,-949510,332575,E07000125,E07000125,2810,690,430,1110,580,"VOA/HMRC Valuation Office, Non-domestic rating: stock of properties, 31 March 2025 edition"
2024,2024-25,E1436,16321268,15010,730099,Rother,-0,NA,2139201,-1633283,-1626586,730099,-881477,15010,E07000064,E07000064,4630,980,400,1420,1830,"VOA/HMRC Valuation Office, Non-domestic rating: stock of properties, 31 March 2025 edition"
2024,2024-25,E4403,82531286,2003699,-1293020,Rotherham,2458413,NA,4646271,-1268056,-2003699,-1293020,-1293020,2003699,E08000018,E08000018,7770,2180,1150,2810,1630,"VOA/HMRC Valuation Office, Non-domestic rating: stock of properties, 31 March 2025 edition"
2024,2024-25,E3733,67857025,297260,-318434,Rugby,-90969,NA,2951088,-2654519,-103609,-318434,-124783,297260,E07000220,E07000220,3040,680,490,960,900,"VOA/HMRC Valuation Office, Non-domestic rating: stock of properties, 31 March 2025 edition"
2024,2024-25,E3636,57307940,75424,74700,Runnymede,-3083,NA,772180,-4371780,-611676,74700,-461552,75424,E07000212,E07000212,2730,510,700,680,830,"VOA/HMRC Valuation Office, Non-domestic rating: stock of properties, 31 March 2025 edition"
2024,2024-25,E3038,31645744,478,-265153,Rushcliffe,-0,NA,1243360,-826743,-681400,-265153,-946075,478,E07000176,E07000176,3100,670,630,770,1030,"VOA/HMRC Valuation Office, Non-domestic rating: stock of properties, 31 March 2025 edition"
2024,2024-25,E1740,59657881,289709,-345093,Rushmoor,-12078,NA,1508137,-1375065,-1024695,-345093,-1080079,289709,E07000092,E07000092,2620,740,770,520,590,"VOA/HMRC Valuation Office, Non-domestic rating: stock of properties, 31 March 2025 edition"
2024,2024-25,E2402,12190171,1004,-66851,Rutland UA,-0,NA,455465,-66458,-87619,-66851,-153466,1004,E06000017,E06000017,1740,300,330,520,600,"VOA/HMRC Valuation Office, Non-domestic rating: stock of properties, 31 March 2025 edition"
2024,2024-25,E4206,110172354,1871746,-1043463,Salford,-2131,NA,20477608,-5782231,-15663301,-1043463,-14835018,1871746,E08000006,E08000006,11920,2230,2250,2490,4960,"VOA/HMRC Valuation Office, Non-domestic rating: stock of properties, 31 March 2025 edition"
2024,2024-25,E4604,115289690,1341213,-2920635,Sandwell,-0,NA,10970723,-1047521,-3403157,-2920635,-4982579,1341213,E08000028,E08000028,10950,2950,990,4530,2480,"VOA/HMRC Valuation Office, Non-domestic rating: stock of properties, 31 March 2025 edition"
2024,2024-25,E4304,66300200,1603472,-993472,Sefton,-0,NA,6797439,-1746417,-5723000,-993472,-5113000,1603472,E08000014,E08000014,7980,3080,1120,1780,2010,"VOA/HMRC Valuation Office, Non-domestic rating: stock of properties, 31 March 2025 edition"
2024,2024-25,E2239,37429402,282093,-454112,Sevenoaks,-0,NA,4486876,-648172,-1934600,-454112,-2106619,282093,E07000111,E07000111,4280,820,890,1450,1120,"VOA/HMRC Valuation Office, Non-domestic rating: stock of properties, 31 March 2025 edition"
2024,2024-25,E4404,201644387,1181595,-1691814,Sheffield,-0,NA,24609424,-5743631,-16740574,-1691814,-17250793,1181595,E08000019,E08000019,19010,5170,3760,5400,4670,"VOA/HMRC Valuation Office, Non-domestic rating: stock of properties, 31 March 2025 edition"
2024,2024-25,E3202,80799843,-0,-272909,Shropshire UA,-2587,NA,6758982,-5423181,-5054594,-272909,-5327503,0,E06000051,E06000051,12860,2870,1820,3950,4230,"VOA/HMRC Valuation Office, Non-domestic rating: stock of properties, 31 March 2025 edition"
2024,2024-25,E0304,114318568,65022,127700,Slough UA,-0,NA,10866654,-8229575,-7780966,127700,-7588244,65022,E06000039,E06000039,3500,980,790,930,810,"VOA/HMRC Valuation Office, Non-domestic rating: stock of properties, 31 March 2025 edition"
2024,2024-25,E4605,125622970,1040534,-934833,Solihull,-0,NA,6790882,-6380197,-2410900,-934833,-2305199,1040534,E08000029,E08000029,5370,1470,1660,720,1530,"VOA/HMRC Valuation Office, Non-domestic rating: stock of properties, 31 March 2025 edition"
2024,2024-25,E3301,173314221,2158315,-855049,Somerset,-0,NA,13913700,-4738942,-7128544,-855049,-5825278,2158315,E06000066,E06000066,22820,4460,3010,7880,7460,"VOA/HMRC Valuation Office, Non-domestic rating: stock of properties, 31 March 2025 edition"
2024,2024-25,E0536,126263688,188846,-278922,South Cambridgeshire,-56595,NA,2057203,-4430979,-1162144,-278922,-1252220,188846,E07000012,E07000012,5550,490,2020,1570,1460,"VOA/HMRC Valuation Office, Non-domestic rating: stock of properties, 31 March 2025 edition"
2024,2024-25,E1039,32320151,53563,-168130,South Derbyshire,-0,NA,2418144,-608294,-1842011,-168130,-1956578,53563,E07000039,E07000039,2480,490,310,910,760,"VOA/HMRC Valuation Office, Non-domestic rating: stock of properties, 31 March 2025 edition"
2024,2024-25,E0103,168769569,544420,-274421,South Gloucestershire UA,-0,NA,5516969,-4320373,-1559999,-274421,-1290000,544420,E06000025,E06000025,7820,1550,1670,2470,2130,"VOA/HMRC Valuation Office, Non-domestic rating: stock of properties, 31 March 2025 edition"
2024,2024-25,E1136,27623261,310828,465188,South Hams,-0,NA,1817672,-541005,-1760659,465188,-984643,310828,E07000044,E07000044,6300,930,690,1580,3100,"VOA/HMRC Valuation Office, Non-domestic rating: stock of properties, 31 March 2025 edition"
2024,2024-25,E2535,25695105,33248,-49248,South Holland,-0,NA,2127942,-506718,-638000,-49248,-654000,33248,E07000140,E07000140,2960,710,420,920,910,"VOA/HMRC Valuation Office, Non-domestic rating: stock of properties, 31 March 2025 edition"
2024,2024-25,E2536,42292237,325473,-321473,South Kesteven,-0,NA,1796433,-1253896,-534000,-321473,-530000,325473,E07000141,E07000141,4710,1200,820,1380,1310,"VOA/HMRC Valuation Office, Non-domestic rating: stock of properties, 31 March 2025 edition"
2024,2024-25,E2637,34068802,61707,-70600,South Norfolk,-0,NA,858308,-44329,-405199,-70600,-414092,61707,E07000149,E07000149,4990,750,810,1640,1780,"VOA/HMRC Valuation Office, Non-domestic rating: stock of properties, 31 March 2025 edition"
2024,2024-25,E3133,54970766,13286,884854,South Oxfordshire,-0,NA,7947115,-4136685,-6559760,884854,-5661620,13286,E07000179,E07000179,4580,890,1110,1300,1270,"VOA/HMRC Valuation Office, Non-domestic rating: stock of properties, 31 March 2025 edition"
2024,2024-25,E2342,41871135,331662,-768694,South Ribble,-0,NA,2821309,-2479784,-2276938,-768694,-2713970,331662,E07000126,E07000126,3380,870,520,1210,770,"VOA/HMRC Valuation Office, Non-domestic rating: stock of properties, 31 March 2025 edition"
2024,2024-25,E3435,34665075,28818,50830,South Staffordshire,-0,NA,766192,-755035,-503681,50830,-424033,28818,E07000196,E07000196,2860,580,530,890,860,"VOA/HMRC Valuation Office, Non-domestic rating: stock of properties, 31 March 2025 edition"
2024,2024-25,E4504,27810731,175862,-192960,South Tyneside,-0,NA,3002412,-1671696,-1965585,-192960,-1982683,175862,E08000023,E08000023,3850,1300,630,1030,890,"VOA/HMRC Valuation Office, Non-domestic rating: stock of properties, 31 March 2025 edition"
2024,2024-25,E1702,106939161,453818,-1451181,Southampton UA,-0,NA,6215426,-7196871,-4109226,-1451181,-5106589,453818,E06000045,E06000045,6720,2000,1440,1400,1880,"VOA/HMRC Valuation Office, Non-domestic rating: stock of properties, 31 March 2025 edition"
2024,2024-25,E1501,37988306,122394,-331233,Southend-on-Sea UA,-0,NA,1810118,-1105005,-752039,-331233,-960878,122394,E06000033,E06000033,5680,2190,750,1120,1610,"VOA/HMRC Valuation Office, Non-domestic rating: stock of properties, 31 March 2025 edition"
2024,2024-25,E5019,314894195,-0,441766,Southwark,-17836,NA,34315307,-45351600,-20704760,441766,-20262994,0,E09000028,E09000028,12930,3050,5010,2330,2540,"VOA/HMRC Valuation Office, Non-domestic rating: stock of properties, 31 March 2025 edition"
2024,2024-25,E3637,51026950,283470,2706540,Spelthorne,-0,NA,3792418,-2739766,-4067255,2706540,-1077245,283470,E07000213,E07000213,2450,790,440,590,630,"VOA/HMRC Valuation Office, Non-domestic rating: stock of properties, 31 March 2025 edition"
2024,2024-25,E1936,62137020,1742332,-805332,St Albans,-97808,NA,3957709,-3164786,-3619000,-805332,-2682000,1742332,E07000240,E07000240,4010,980,1140,700,1190,"VOA/HMRC Valuation Office, Non-domestic rating: stock of properties, 31 March 2025 edition"
2024,2024-25,E4303,57426033,2036311,-546702,St. Helens,-0,NA,8063120,-1532311,-8385563,-546702,-6895954,2036311,E08000013,E08000013,4740,1610,730,1390,1020,"VOA/HMRC Valuation Office, Non-domestic rating: stock of properties, 31 March 2025 edition"
2024,2024-25,E3436,53020265,295101,-518892,Stafford,-0,NA,2909617,-1299495,-1546270,-518892,-1770061,295101,E07000197,E07000197,4420,1040,830,1320,1230,"VOA/HMRC Valuation Office, Non-domestic rating: stock of properties, 31 March 2025 edition"
2024,2024-25,E3437,19639285,48986,777,Staffordshire Moorlands,-0,NA,261021,-479239,-252832,777,-203069,48986,E07000198,E07000198,3190,740,260,1010,1180,"VOA/HMRC Valuation Office, Non-domestic rating: stock of properties, 31 March 2025 edition"
2024,2024-25,E1937,56520409,159507,29129,Stevenage,11891,NA,969802,-737479,-732284,29129,-543648,159507,E07000243,E07000243,2270,540,610,520,600,"VOA/HMRC Valuation Office, Non-domestic rating: stock of properties, 31 March 2025 edition"
2024,2024-25,E4207,87443852,551055,-935715,Stockport,-0,NA,8278884,-2445455,-6065773,-935715,-6450433,551055,E08000007,E08000007,11340,2830,2370,2900,3250,"VOA/HMRC Valuation Office, Non-domestic rating: stock of properties, 31 March 2025 edition"
2024,2024-25,E0704,87429426,273545,-853593,Stockton-on-Tees UA,-0,NA,2785334,-1537496,-2100000,-853593,-2680048,273545,E06000004,E06000004,5690,1470,1280,1420,1520,"VOA/HMRC Valuation Office, Non-domestic rating: stock of properties, 31 March 2025 edition"
2024,2024-25,E3401,87225226,310358,-918847,Stoke-on-Trent UA,-0,NA,11020132,-3708032,-6318167,-918847,-6926656,310358,E06000021,E06000021,9400,2680,1430,3460,1840,"VOA/HMRC Valuation Office, Non-domestic rating: stock of properties, 31 March 2025 edition"
2024,2024-25,E3734,58647245,903558,-226432,Stratford-on-Avon,-0,NA,4934585,-1261987,-3742833,-226432,-3065707,903558,E07000221,E07000221,6110,970,1170,1680,2290,"VOA/HMRC Valuation Office, Non-domestic rating: stock of properties, 31 March 2025 edition"
2024,2024-25,E1635,37672835,438513,-420080,Stroud,-0,NA,2120529,-897195,-864941,-420080,-846508,438513,E07000082,E07000082,4350,810,780,1630,1130,"VOA/HMRC Valuation Office, Non-domestic rating: stock of properties, 31 March 2025 edition"
2024,2024-25,E4505,87451358,510832,-502223,Sunderland,-0,NA,7650553,-3431771,-5550428,-502223,-5541819,510832,E08000024,E08000024,8530,2450,1600,2510,1970,"VOA/HMRC Valuation Office, Non-domestic rating: stock of properties, 31 March 2025 edition"
2024,2024-25,E3638,35113499,246604,-71225,Surrey Heath,5287,NA,3030353,-1499194,-1564243,-71225,-229708,246604,E07000214,E07000214,2970,590,780,700,890,"VOA/HMRC Valuation Office, Non-domestic rating: stock of properties, 31 March 2025 edition"
2024,2024-25,E5048,63902566,403756,-284509,Sutton,-0,NA,2593989,-1589399,-1051573,-284509,-932326,403756,E09000029,E09000029,3990,1740,590,700,960,"VOA/HMRC Valuation Office, Non-domestic rating: stock of properties, 31 March 2025 edition"
2024,2024-25,E2241,64520386,121731,104639,Swale,-0,NA,3533056,-2118580,-2763204,104639,-2536834,121731,E07000113,E07000113,4820,980,760,1650,1440,"VOA/HMRC Valuation Office, Non-domestic rating: stock of properties, 31 March 2025 edition"
2024,2024-25,E3901,119544674,-0,-1639779,Swindon UA,-0,NA,7992483,-3750550,-3817777,-1639779,-5457556,0,E06000030,E06000030,5810,1330,1410,1650,1420,"VOA/HMRC Valuation Office, Non-domestic rating: stock of properties, 31 March 2025 edition"
2024,2024-25,E4208,54714571,1051159,-2710,Tameside,-0,NA,4099870,-3790953,-4042421,-2710,-2993972,1051159,E08000008,E08000008,7800,2240,980,2920,1660,"VOA/HMRC Valuation Office, Non-domestic rating: stock of properties, 31 March 2025 edition"
2024,2024-25,E3439,34418358,190604,-230601,Tamworth,-0,NA,1019395,-2113250,-851513,-230601,-891510,190604,E07000199,E07000199,2100,520,420,720,440,"VOA/HMRC Valuation Office, Non-domestic rating: stock of properties, 31 March 2025 edition"
2024,2024-25,E3639,19179890,119754,-103516,Tandridge,-52555,NA,674918,-519709,-121110,-103516,-104872,119754,E07000215,E07000215,2900,600,480,1030,800,"VOA/HMRC Valuation Office, Non-domestic rating: stock of properties, 31 March 2025 edition"
2024,2024-25,E1137,29926734,86029,-179161,Teignbridge,-0,NA,375836,-424077,-340000,-179161,-433132,86029,E07000045,E07000045,5610,1050,750,1780,2040,"VOA/HMRC Valuation Office, Non-domestic rating: stock of properties, 31 March 2025 edition"
2024,2024-25,E3201,79361947,369606,-533606,Telford and Wrekin UA,-0,NA,3037255,-1102455,-1279000,-533606,-1443000,369606,E06000020,E06000020,5390,1240,910,1840,1410,"VOA/HMRC Valuation Office, Non-domestic rating: stock of properties, 31 March 2025 edition"
2024,2024-25,E1542,30028034,172976,-183866,Tendring,11105,NA,2257806,-1606988,-1005110,-183866,-1016000,172976,E07000076,E07000076,8570,1260,650,1810,4840,"VOA/HMRC Valuation Office, Non-domestic rating: stock of properties, 31 March 2025 edition"
2024,2024-25,E1742,69684079,17686,-389018,Test Valley,-0,NA,3941419,-1383520,-2154683,-389018,-2526015,17686,E07000093,E07000093,4790,680,830,2180,1100,"VOA/HMRC Valuation Office, Non-domestic rating: stock of properties, 31 March 2025 edition"
2024,2024-25,E1636,43470087,143078,-184779,Tewkesbury,-0,NA,0,0,-624763,-184779,-666464,143078,E07000083,E07000083,3080,450,610,1210,810,"VOA/HMRC Valuation Office, Non-domestic rating: stock of properties, 31 March 2025 edition"
2024,2024-25,E2242,35282403,694450,-436828,Thanet,-0,NA,3748346,-1783166,-2340446,-436828,-2082824,694450,E07000114,E07000114,5600,1530,640,1450,1990,"VOA/HMRC Valuation Office, Non-domestic rating: stock of properties, 31 March 2025 edition"
2024,2024-25,E1938,48945422,971,1009603,Three Rivers,-0,NA,2326571,-742537,-2441513,1009603,-1430939,971,E07000102,E07000102,2120,390,670,480,590,"VOA/HMRC Valuation Office, Non-domestic rating: stock of properties, 31 March 2025 edition"
2024,2024-25,E1502,140280026,302830,-501873,Thurrock UA,201,NA,6533742,-2047121,-3212698,-501873,-3411741,302830,E06000034,E06000034,4390,1200,480,1670,1040,"VOA/HMRC Valuation Office, Non-domestic rating: stock of properties, 31 March 2025 edition"
2024,2024-25,E2243,70765226,115888,-115888,Tonbridge and Malling,-0,NA,1844279,-1628655,-1000000,-115888,-1000000,115888,E07000115,E07000115,3760,640,1000,1060,1070,"VOA/HMRC Valuation Office, Non-domestic rating: stock of properties, 31 March 2025 edition"
2024,2024-25,E1102,30597784,501919,-109253,Torbay UA,-0,NA,5406668,-1426364,-3177565,-109253,-2784899,501919,E06000027,E06000027,5590,1780,540,950,2330,"VOA/HMRC Valuation Office, Non-domestic rating: stock of properties, 31 March 2025 edition"
2024,2024-25,E1139,12265586,33475,-2122,Torridge,-0,NA,362679,-181538,-146512,-2122,-115159,33475,E07000046,E07000046,4030,620,260,900,2260,"VOA/HMRC Valuation Office, Non-domestic rating: stock of properties, 31 March 2025 edition"
2024,2024-25,E5020,430283876,5480408,-8545984,Tower Hamlets,-0,NA,40886757,-33451947,-15577254,-8545984,-18642830,5480408,E09000030,E09000030,18100,3350,6270,3790,4690,"VOA/HMRC Valuation Office, Non-domestic rating: stock of properties, 31 March 2025 edition"
2024,2024-25,E4209,151961611,1632198,-2675500,Trafford,-0,NA,11309464,-10802709,-9028073,-2675500,-10071375,1632198,E08000009,E08000009,10890,2240,2020,3040,3600,"VOA/HMRC Valuation Office, Non-domestic rating: stock of properties, 31 March 2025 edition"
2024,2024-25,E2244,50474201,420103,-1352169,Tunbridge Wells,-0,NA,4200108,-1846035,-3167503,-1352169,-4099569,420103,E07000116,E07000116,4080,1120,850,910,1200,"VOA/HMRC Valuation Office, Non-domestic rating: stock of properties, 31 March 2025 edition"
2024,2024-25,E1544,55387706,29243,-59732,Uttlesford,-0,NA,5341416,-3490758,-3429770,-59732,-3460259,29243,E07000077,E07000077,3510,500,910,1120,990,"VOA/HMRC Valuation Office, Non-domestic rating: stock of properties, 31 March 2025 edition"
2024,2024-25,E3134,79604283,110774,52979,Vale of White Horse,-0,NA,7853472,-6609822,-4887740,52979,-4723987,110774,E07000180,E07000180,4010,650,1240,1010,1110,"VOA/HMRC Valuation Office, Non-domestic rating: stock of properties, 31 March 2025 edition"
2024,2024-25,E4705,149283575,784293,-1323454,Wakefield,-0,NA,7116891,-2102670,-3403104,-1323454,-3942265,784293,E08000036,E08000036,11780,3270,2000,3970,2560,"VOA/HMRC Valuation Office, Non-domestic rating: stock of properties, 31 March 2025 edition"
2024,2024-25,E4606,74330168,-0,1039552,Walsall,1401332,NA,11621356,-2485829,-4872620,1039552,-3833068,0,E08000030,E08000030,8450,2470,1070,3100,1810,"VOA/HMRC Valuation Office, Non-domestic rating: stock of properties, 31 March 2025 edition"
2024,2024-25,E5049,61052756,640508,-23441,Waltham Forest,-0,NA,11517027,-4396610,-10410161,-23441,-9793094,640508,E09000031,E09000031,6770,2930,960,1490,1400,"VOA/HMRC Valuation Office, Non-domestic rating: stock of properties, 31 March 2025 edition"
2024,2024-25,E5021,148956026,-0,386000,Wandsworth,-1646357,NA,22790055,-21953004,-12219000,386000,-11833000,0,E09000032,E09000032,8390,3070,1710,1470,2140,"VOA/HMRC Valuation Office, Non-domestic rating: stock of properties, 31 March 2025 edition"
2024,2024-25,E0602,112176295,1062636,1259989,Warrington UA,-0,NA,20392710,-3652700,-5933645,1259989,-3611020,1062636,E06000007,E06000007,6990,1560,1990,1970,1470,"VOA/HMRC Valuation Office, Non-domestic rating: stock of properties, 31 March 2025 edition"
2024,2024-25,E3735,78489269,321533,-149533,Warwick,-0,NA,3369532,-2706822,-1702000,-149533,-1530000,321533,E07000222,E07000222,5330,1300,1380,1100,1550,"VOA/HMRC Valuation Office, Non-domestic rating: stock of properties, 31 March 2025 edition"
2024,2024-25,E1939,62414277,6681,-929927,Watford,-0,NA,6074624,-1984140,-3553699,-929927,-4476945,6681,E07000103,E07000103,2910,930,570,650,760,"VOA/HMRC Valuation Office, Non-domestic rating: stock of properties, 31 March 2025 edition"
2024,2024-25,E3640,34615243,390909,82091,Waverley,-20864,NA,2946466,-1113573,-2624000,82091,-2151000,390909,E07000216,E07000216,3980,960,950,890,1180,"VOA/HMRC Valuation Office, Non-domestic rating: stock of properties, 31 March 2025 edition"
2024,2024-25,E1437,34283844,147727,-124348,Wealden,-0,NA,3109687,-1415041,-1506599,-124348,-1483220,147727,E07000065,E07000065,6710,1080,950,2780,1890,"VOA/HMRC Valuation Office, Non-domestic rating: stock of properties, 31 March 2025 edition"
2024,2024-25,E1940,80160403,-0,-212568,Welwyn Hatfield,-461012,NA,3605438,-979407,-972389,-212568,-1184957,0,E07000241,E07000241,2950,650,790,790,710,"VOA/HMRC Valuation Office, Non-domestic rating: stock of properties, 31 March 2025 edition"
2024,2024-25,E0302,96062010,312907,-324835,West Berkshire UA,-50,NA,4950126,-3553106,-630000,-324835,-641928,312907,E06000037,E06000037,5970,950,1530,1800,1690,"VOA/HMRC Valuation Office, Non-domestic rating: stock of properties, 31 March 2025 edition"
2024,2024-25,E1140,9683298,88267,4476,West Devon,-0,NA,1062423,-211833,-790205,4476,-697462,88267,E07000047,E07000047,2450,490,290,620,1050,"VOA/HMRC Valuation Office, Non-domestic rating: stock of properties, 31 March 2025 edition"
2024,2024-25,E2343,35467367,155666,-308044,West Lancashire,-0,NA,7444115,-1338823,-3982823,-308044,-4135201,155666,E07000127,E07000127,3460,770,590,1180,930,"VOA/HMRC Valuation Office, Non-domestic rating: stock of properties, 31 March 2025 edition"
2024,2024-25,E2537,19544916,114501,-239258,West Lindsey,-0,NA,2030932,-1126244,-1481544,-239258,-1606301,114501,E07000142,E07000142,3040,630,390,1000,1020,"VOA/HMRC Valuation Office, Non-domestic rating: stock of properties, 31 March 2025 edition"
2024,2024-25,E2802,225401567,-0,-1247731,West Northamptonshire,-168057,NA,11871835,-8974729,-8010733,-1247731,-9258464,0,E06000062,E06000062,12170,2330,2640,4060,3140,"VOA/HMRC Valuation Office, Non-domestic rating: stock of properties, 31 March 2025 edition"
2024,2024-25,E3135,44249487,157147,-30227,West Oxfordshire,-0,NA,2305933,-2771526,-674822,-30227,-547902,157147,E07000181,E07000181,4330,740,960,1360,1270,"VOA/HMRC Valuation Office, Non-domestic rating: stock of properties, 31 March 2025 edition"
2024,2024-25,E3539,80011496,859443,-616074,West Suffolk,-0,NA,3676373,-1946848,-1911528,-616074,-1668159,859443,E07000245,E07000245,6390,1350,1080,2070,1880,"VOA/HMRC Valuation Office, Non-domestic rating: stock of properties, 31 March 2025 edition"
2024,2024-25,E5022,2028241063,38524576,-16249412,Westminster,-0,NA,94278474,-218921625,-75509513,-16249412,-53234349,38524576,E09000033,E09000033,36320,6370,20950,1150,7860,"VOA/HMRC Valuation Office, Non-domestic rating: stock of properties, 31 March 2025 edition"
2024,2024-25,E0902,83100768,373500,-1494396,Westmorland and Furness,1037,NA,9585524,-4634279,-3658713,-1494396,-4779609,373500,E06000064,E06000064,15250,2750,1520,3100,7890,"VOA/HMRC Valuation Office, Non-domestic rating: stock of properties, 31 March 2025 edition"
2024,2024-25,E4210,80244477,510851,-948681,Wigan,4586218,NA,5146159,-2057009,-2281640,-948681,-2668355,510851,E08000010,E08000010,9700,2910,1290,2980,2520,"VOA/HMRC Valuation Office, Non-domestic rating: stock of properties, 31 March 2025 edition"
2024,2024-25,E3902,173274429,1024913,-862997,Wiltshire UA,-22013,NA,7893492,-1745600,-1294086,-862997,-1132170,1024913,E06000054,E06000054,16640,3230,3090,5710,4610,"VOA/HMRC Valuation Office, Non-domestic rating: stock of properties, 31 March 2025 edition"
2024,2024-25,E1743,65282857,-0,-111471,Winchester,434056,NA,4416882,-1867431,-2869241,-111471,-2980712,0,E07000094,E07000094,5130,780,1370,1450,1520,"VOA/HMRC Valuation Office, Non-domestic rating: stock of properties, 31 March 2025 edition"
2024,2024-25,E0305,67437725,645143,0,Windsor and Maidenhead UA,-0,NA,10396045,-8046319,-6259455,0,-5614312,645143,E06000040,E06000040,4750,1260,1320,790,1380,"VOA/HMRC Valuation Office, Non-domestic rating: stock of properties, 31 March 2025 edition"
2024,2024-25,E4305,66741999,428826,-1029157,Wirral,-0,NA,8112959,-3416615,-910240,-1029157,-1510571,428826,E08000015,E08000015,8550,3340,1120,2050,2050,"VOA/HMRC Valuation Office, Non-domestic rating: stock of properties, 31 March 2025 edition"
2024,2024-25,E3641,54010959,229938,-130450,Woking,-1409044,NA,5676041,-2672100,-1780076,-130450,-1680588,229938,E07000217,E07000217,2800,740,760,480,820,"VOA/HMRC Valuation Office, Non-domestic rating: stock of properties, 31 March 2025 edition"
2024,2024-25,E0306,75166856,107318,-1713026,Wokingham UA,-0,NA,7241474,-6993418,-4199257,-1713026,-5804965,107318,E06000041,E06000041,4390,580,1410,1300,1100,"VOA/HMRC Valuation Office, Non-domestic rating: stock of properties, 31 March 2025 edition"
2024,2024-25,E4607,78622972,1690464,-1831279,Wolverhampton,-0,NA,10402535,-2628801,-9290592,-1831279,-9431407,1690464,E08000031,E08000031,8920,2410,1740,2960,1800,"VOA/HMRC Valuation Office, Non-domestic rating: stock of properties, 31 March 2025 edition"
2024,2024-25,E1837,38860956,509774,267465,Worcester,-0,NA,2829360,-1658828,-1953124,267465,-1175885,509774,E07000237,E07000237,3130,1010,650,700,770,"VOA/HMRC Valuation Office, Non-domestic rating: stock of properties, 31 March 2025 edition"
2024,2024-25,E3837,27972744,-0,-291859,Worthing,-430,NA,1350579,-1915758,-961469,-291859,-1253328,0,E07000229,E07000229,3290,1280,450,480,1080,"VOA/HMRC Valuation Office, Non-domestic rating: stock of properties, 31 March 2025 edition"
2024,2024-25,E1838,49962711,270908,-207976,Wychavon,-0,NA,2406346,-1547655,-375000,-207976,-312068,270908,E07000238,E07000238,5200,940,890,1800,1580,"VOA/HMRC Valuation Office, Non-domestic rating: stock of properties, 31 March 2025 edition"
2024,2024-25,E2344,24874439,258247,-189787,Wyre,11011,NA,1120720,-690854,-409783,-189787,-341323,258247,E07000128,E07000128,4210,1230,400,1220,1360,"VOA/HMRC Valuation Office, Non-domestic rating: stock of properties, 31 March 2025 edition"
2024,2024-25,E1839,26804219,367077,-87944,Wyre Forest,55200,NA,1883825,-1881695,-1618133,-87944,-1339000,367077,E07000239,E07000239,3560,740,680,1080,1060,"VOA/HMRC Valuation Office, Non-domestic rating: stock of properties, 31 March 2025 edition"
2024,2024-25,E2701,87480854,389917,-741334,York UA,-29125,NA,4078290,-3089477,-1891985,-741334,-2243402,389917,E06000014,E06000014,7200,1820,1550,1250,2570,"VOA/HMRC Valuation Office, Non-domestic rating: stock of properties, 31 March 2025 edition"
2025,2025-26,E3831,21199384,-0,-92640,Adur,-0,NA,1031862,-3628165,-290740,-92640,-383380,0,E07000223,E07000223,2320,470,350,620,880,"VOA/HMRC Valuation Office, Non-domestic rating: stock of properties, 31 March 2025 edition"
2025,2025-26,E1031,35535824,231420,108605,Amber Valley,-0,NA,1114328,-2211250,-734700,108605,-394675,231420,E07000032,E07000032,3990,1050,580,1260,1100,"VOA/HMRC Valuation Office, Non-domestic rating: stock of properties, 31 March 2025 edition"
2025,2025-26,E3832,40923264,692914,-42824,Arun,-0,NA,3641971,-1203665,-2518480,-42824,-1868390,692914,E07000224,E07000224,4940,1310,480,1420,1730,"VOA/HMRC Valuation Office, Non-domestic rating: stock of properties, 31 March 2025 edition"
2025,2025-26,E3031,48556206,149688,-433193,Ashfield,-0,NA,2246413,-421510,-956277,-433193,-1239782,149688,E07000170,E07000170,4000,980,550,1700,770,"VOA/HMRC Valuation Office, Non-domestic rating: stock of properties, 31 March 2025 edition"
2025,2025-26,E2231,57174683,352019,-431556,Ashford,-0,NA,4162276,-2050342,-1231991,-431556,-1311528,352019,E07000105,E07000105,5410,970,1160,1690,1600,"VOA/HMRC Valuation Office, Non-domestic rating: stock of properties, 31 March 2025 edition"
2025,2025-26,E3531,28405248,15497,-246169,Babergh,9726,NA,1685179,-905877,-1020135,-246169,-1250807,15497,E07000200,E07000200,3710,600,630,1330,1150,"VOA/HMRC Valuation Office, Non-domestic rating: stock of properties, 31 March 2025 edition"
2025,2025-26,E5030,81778818,1709886,-1709886,Barking and Dagenham,195547,NA,8813738,-2970390,-4609797,-1709886,-4609797,1709886,E09000002,E09000002,4510,1450,800,1300,960,"VOA/HMRC Valuation Office, Non-domestic rating: stock of properties, 31 March 2025 edition"
2025,2025-26,E5031,113437561,2332842,-2888010,Barnet,-0,NA,19826782,-9118868,-10600844,-2888010,-11156012,2332842,E09000003,E09000003,8130,3470,1950,730,1970,"VOA/HMRC Valuation Office, Non-domestic rating: stock of properties, 31 March 2025 edition"
2025,2025-26,E4401,63760105,975059,-385241,Barnsley,-0,NA,1090961,-89691,-1680779,-385241,-1090961,975059,E08000016,E08000016,9050,2020,1130,4210,1700,"VOA/HMRC Valuation Office, Non-domestic rating: stock of properties, 31 March 2025 edition"
2025,2025-26,E1531,87553470,-0,-1275505,Basildon,-0,NA,4060041,-2835462,-1793250,-1275505,-3068755,0,E07000066,E07000066,4990,1030,900,1990,1070,"VOA/HMRC Valuation Office, Non-domestic rating: stock of properties, 31 March 2025 edition"
2025,2025-26,E1731,84805287,2424000,-1250000,Basingstoke and Deane,31209,NA,1606251,-3186290,-2424000,-1250000,-1250000,2424000,E07000084,E07000084,4540,740,1300,1210,1290,"VOA/HMRC Valuation Office, Non-domestic rating: stock of properties, 31 March 2025 edition"
2025,2025-26,E3032,55116537,258343,-410343,Bassetlaw,-0,NA,2057416,-827876,-400000,-410343,-552000,258343,E07000171,E07000171,4570,970,740,1560,1300,"VOA/HMRC Valuation Office, Non-domestic rating: stock of properties, 31 March 2025 edition"
2025,2025-26,E0101,70036724,363452,-467067,Bath and North East Somerset UA,-0,NA,3986897,-3468785,-973673,-467067,-1077288,363452,E06000022,E06000022,6640,1670,1340,1610,2020,"VOA/HMRC Valuation Office, Non-domestic rating: stock of properties, 31 March 2025 edition"
2025,2025-26,E0202,87788881,465005,358995,Bedford UA,-0,NA,4026896,-2694570,-3205000,358995,-2381000,465005,E06000055,E06000055,5640,1180,1080,1750,1630,"VOA/HMRC Valuation Office, Non-domestic rating: stock of properties, 31 March 2025 edition"
2025,2025-26,E5032,91435101,620136,2171112,Bexley,-0,NA,7424720,-3722694,-2144568,2171112,-2185937,620136,E09000004,E09000004,5420,1830,500,1490,1590,"VOA/HMRC Valuation Office, Non-domestic rating: stock of properties, 31 March 2025 edition"
2025,2025-26,E4601,472435157,36451489,-16446959,Birmingham,-1192,NA,112311045,-15537251,-86859561,-16446959,-66855031,36451489,E08000025,E08000025,46950,11420,8870,10020,16640,"VOA/HMRC Valuation Office, Non-domestic rating: stock of properties, 31 March 2025 edition"
2025,2025-26,E2431,54818399,-0,-29023,Blaby,796026,NA,996769,-1309425,-285312,-29023,-314335,0,E07000129,E07000129,2460,450,630,740,630,"VOA/HMRC Valuation Office, Non-domestic rating: stock of properties, 31 March 2025 edition"
2025,2025-26,E2301,46150783,44111,-234112,Blackburn with Darwen UA,-0,NA,3252126,-611834,-2100000,-234112,-2290001,44111,E06000008,E06000008,8340,1810,1450,3740,1350,"VOA/HMRC Valuation Office, Non-domestic rating: stock of properties, 31 March 2025 edition"
2025,2025-26,E2302,43458367,2100905,-2120619,Blackpool UA,-0,NA,8007782,-313800,-4441117,-2120619,-4460831,2100905,E06000009,E06000009,6550,2230,770,1190,2370,"VOA/HMRC Valuation Office, Non-domestic rating: stock of properties, 31 March 2025 edition"
2025,2025-26,E1032,36754957,-0,251792,Bolsover,52872,NA,1016848,-580868,-1252283,251792,-1000491,0,E07000033,E07000033,2450,550,370,950,580,"VOA/HMRC Valuation Office, Non-domestic rating: stock of properties, 31 March 2025 edition"
2025,2025-26,E4201,97019431,724146,-1776662,Bolton,-0,NA,12045567,-2298931,-7414919,-1776662,-8467435,724146,E08000001,E08000001,10890,2990,1780,3140,2980,"VOA/HMRC Valuation Office, Non-domestic rating: stock of properties, 31 March 2025 edition"
2025,2025-26,E2531,21548758,397436,-717436,Boston,-0,NA,3973340,-749867,-1502000,-717436,-1822000,397436,E07000136,E07000136,2480,590,380,810,700,"VOA/HMRC Valuation Office, Non-domestic rating: stock of properties, 31 March 2025 edition"
2025,2025-26,E1204,148196433,2605257,906846,"Bournemouth, Christchurch & Poole",-0,NA,9748940,-1409035,-7343276,906846,-3831173,2605257,E06000058,E06000058,15940,4160,2160,2710,6910,"VOA/HMRC Valuation Office, Non-domestic rating: stock of properties, 31 March 2025 edition"
2025,2025-26,E0301,61978879,216984,-859084,Bracknell Forest UA,-0,NA,7893020,-7771188,-4587101,-859084,-5229201,216984,E06000036,E06000036,2620,550,890,450,740,"VOA/HMRC Valuation Office, Non-domestic rating: stock of properties, 31 March 2025 edition"
2025,2025-26,E4701,134686940,1562624,-2851852,Bradford,-239244,NA,13608195,-3124052,-7207890,-2851852,-8497118,1562624,E08000032,E08000032,19710,6040,3770,6160,3740,"VOA/HMRC Valuation Office, Non-domestic rating: stock of properties, 31 March 2025 edition"
2025,2025-26,E1532,54624178,-0,-183000,Braintree,193225,NA,2207139,-993879,-532175,-183000,-715175,0,E07000067,E07000067,5160,1020,880,2000,1260,"VOA/HMRC Valuation Office, Non-domestic rating: stock of properties, 31 March 2025 edition"
2025,2025-26,E2631,42425560,144903,-249354,Breckland,-0,NA,3427685,-942461,-489447,-249354,-593898,144903,E07000143,E07000143,4690,900,520,1820,1450,"VOA/HMRC Valuation Office, Non-domestic rating: stock of properties, 31 March 2025 edition"
2025,2025-26,E5033,148389232,1827944,-3200000,Brent,-4502305,NA,43480782,-11950657,-17182755,-3200000,-18554811,1827944,E09000005,E09000005,9160,3320,1700,2520,1620,"VOA/HMRC Valuation Office, Non-domestic rating: stock of properties, 31 March 2025 edition"
2025,2025-26,E1533,29699801,-0,-219576,Brentwood,-86106,NA,2204533,-1185920,-800134,-219576,-958127,0,E07000068,E07000068,2530,580,640,640,670,"VOA/HMRC Valuation Office, Non-domestic rating: stock of properties, 31 March 2025 edition"
2025,2025-26,E1401,127232398,1471997,-2525279,Brighton and Hove UA,291876,NA,16228737,-5222012,-4797172,-2525279,-5850454,1471997,E06000043,E06000043,11410,3190,2600,1360,4270,"VOA/HMRC Valuation Office, Non-domestic rating: stock of properties, 31 March 2025 edition"
2025,2025-26,E0102,248916294,1948964,-3342459,Bristol UA,822404,NA,13395941,-9803489,-6893390,-3342459,-8286885,1948964,E06000023,E06000023,16420,4490,4210,3770,3950,"VOA/HMRC Valuation Office, Non-domestic rating: stock of properties, 31 March 2025 edition"
2025,2025-26,E2632,35422268,123452,-302766,Broadland,-0,NA,2044354,-134285,-717496,-302766,-896810,123452,E07000144,E07000144,3920,620,480,1360,1460,"VOA/HMRC Valuation Office, Non-domestic rating: stock of properties, 31 March 2025 edition"
2025,2025-26,E5034,92217376,1857005,-1039805,Bromley,-0,NA,4758613,-4614667,-3085800,-1039805,-2268600,1857005,E09000006,E09000006,7450,2820,1380,1160,2080,"VOA/HMRC Valuation Office, Non-domestic rating: stock of properties, 31 March 2025 edition"
2025,2025-26,E1831,33073992,295573,-283003,Bromsgrove,-24324,NA,2755473,-1352465,-1069120,-283003,-1056550,295573,E07000234,E07000234,3410,620,740,1060,980,"VOA/HMRC Valuation Office, Non-domestic rating: stock of properties, 31 March 2025 edition"
2025,2025-26,E1931,46863526,517952,-1340530,Broxbourne,-0,NA,5599459,-1221683,-2962723,-1340530,-3785301,517952,E07000095,E07000095,2330,730,340,750,510,"VOA/HMRC Valuation Office, Non-domestic rating: stock of properties, 31 March 2025 edition"
2025,2025-26,E3033,31697559,55035,-178000,Broxtowe,-0,NA,1662095,-1778597,-415000,-178000,-537965,55035,E07000172,E07000172,2720,890,420,720,680,"VOA/HMRC Valuation Office, Non-domestic rating: stock of properties, 31 March 2025 edition"
2025,2025-26,E0402,208257722,180436,-2158216,Buckinghamshire,-0,NA,4846826,-5534463,-1543325,-2158216,-3521105,180436,E06000060,E06000060,15490,3340,3620,4610,3930,"VOA/HMRC Valuation Office, Non-domestic rating: stock of properties, 31 March 2025 edition"
2025,2025-26,E2333,31881891,677481,-337583,Burnley,-0,NA,3103669,-2666835,-1861878,-337583,-1521980,677481,E07000117,E07000117,5400,1170,770,2610,850,"VOA/HMRC Valuation Office, Non-domestic rating: stock of properties, 31 March 2025 edition"
2025,2025-26,E4202,51133945,225966,-656894,Bury,-0,NA,12430638,-4346256,-7596763,-656894,-8027691,225966,E08000002,E08000002,6310,1890,1220,1750,1450,"VOA/HMRC Valuation Office, Non-domestic rating: stock of properties, 31 March 2025 edition"
2025,2025-26,E4702,59707994,11612,-403036,Calderdale,-0,NA,5209896,-2157417,-3046897,-403036,-3438321,11612,E08000033,E08000033,9810,2250,1790,3690,2080,"VOA/HMRC Valuation Office, Non-domestic rating: stock of properties, 31 March 2025 edition"
2025,2025-26,E0531,147547558,-0,-2096443,Cambridge,35162,NA,8171224,-4523352,-3730007,-2096443,-5826450,0,E07000008,E07000008,4290,1120,1380,470,1310,"VOA/HMRC Valuation Office, Non-domestic rating: stock of properties, 31 March 2025 edition"
2025,2025-26,E5011,645991977,3724935,-12055623,Camden,-185496,NA,45128201,-40654069,-19157628,-12055623,-27488316,3724935,E09000007,E09000007,18350,3780,9110,1130,4340,"VOA/HMRC Valuation Office, Non-domestic rating: stock of properties, 31 March 2025 edition"
2025,2025-26,E3431,38934812,550760,-248613,Cannock Chase,-0,NA,2423853,-2048550,-1351657,-248613,-1049510,550760,E07000192,E07000192,3670,1030,600,1290,750,"VOA/HMRC Valuation Office, Non-domestic rating: stock of properties, 31 March 2025 edition"
2025,2025-26,E2232,55848674,-0,-1246156,Canterbury,933629,NA,5347919,-2284204,-543424,-1246156,-1789580,0,E07000106,E07000106,6360,1390,910,1350,2720,"VOA/HMRC Valuation Office, Non-domestic rating: stock of properties, 31 March 2025 edition"
2025,2025-26,E1534,17112122,170616,354223,Castle Point,-0,NA,840976,-975215,-1033796,354223,-508957,170616,E07000069,E07000069,2060,670,230,710,470,"VOA/HMRC Valuation Office, Non-domestic rating: stock of properties, 31 March 2025 edition"
2025,2025-26,E0203,130115800,795769,-969458,Central Bedfordshire UA,-0,NA,5827566,-2105721,-765206,-969458,-938895,795769,E06000056,E06000056,7330,1560,1350,2540,1890,"VOA/HMRC Valuation Office, Non-domestic rating: stock of properties, 31 March 2025 edition"
2025,2025-26,E2432,57761653,201289,182569,Charnwood,263021,NA,3619947,-631634,-1520646,182569,-1136788,201289,E07000130,E07000130,4880,1270,820,1690,1120,"VOA/HMRC Valuation Office, Non-domestic rating: stock of properties, 31 March 2025 edition"
2025,2025-26,E1535,82868604,915205,-1600277,Chelmsford,-0,NA,7431937,-3078445,-3365223,-1600277,-4050295,915205,E07000070,E07000070,5210,1130,1290,1570,1230,"VOA/HMRC Valuation Office, Non-domestic rating: stock of properties, 31 March 2025 edition"
2025,2025-26,E1631,61261422,530996,-500000,Cheltenham,-0,NA,2589505,-672281,-826989,-500000,-795993,530996,E07000078,E07000078,3990,1110,1220,780,890,"VOA/HMRC Valuation Office, Non-domestic rating: stock of properties, 31 March 2025 edition"
2025,2025-26,E3131,126855594,96674,-1307899,Cherwell,-0,NA,4595873,-6124258,-1325792,-1307899,-2537017,96674,E07000177,E07000177,5220,1190,1220,1530,1280,"VOA/HMRC Valuation Office, Non-domestic rating: stock of properties, 31 March 2025 edition"
2025,2025-26,E0603,162858228,2334943,-2440960,Cheshire East UA,-0,NA,7732583,-6060551,-2518206,-2440960,-2624223,2334943,E06000049,E06000049,15450,3360,3870,3450,4760,"VOA/HMRC Valuation Office, Non-domestic rating: stock of properties, 31 March 2025 edition"
2025,2025-26,E0604,170121093,463119,-1502394,Cheshire West and Chester UA,-0,NA,8443378,-5619552,-4145017,-1502394,-5184292,463119,E06000050,E06000050,12380,3100,2520,3430,3340,"VOA/HMRC Valuation Office, Non-domestic rating: stock of properties, 31 March 2025 edition"
2025,2025-26,E1033,43962375,131845,-103845,Chesterfield,-1101,NA,3090849,-1003214,-880000,-103845,-852000,131845,E07000034,E07000034,4380,1020,870,1630,850,"VOA/HMRC Valuation Office, Non-domestic rating: stock of properties, 31 March 2025 edition"
2025,2025-26,E3833,49040309,396038,-887038,Chichester,-0,NA,2676101,-1334330,-1018000,-887038,-1509000,396038,E07000225,E07000225,5500,1030,910,1650,1900,"VOA/HMRC Valuation Office, Non-domestic rating: stock of properties, 31 March 2025 edition"
2025,2025-26,E2334,29656191,199212,-223219,Chorley,-0,NA,1697910,-1238190,-1340981,-223219,-1364988,199212,E07000118,E07000118,3770,950,680,1170,970,"VOA/HMRC Valuation Office, Non-domestic rating: stock of properties, 31 March 2025 edition"
2025,2025-26,E5010,1338209522,5377964,-8359416,City of London,-0,NA,73482277,-130575123,-20754429,-8359416,-23735881,5377964,E09000001,E09000001,19140,1130,13360,1710,2940,"VOA/HMRC Valuation Office, Non-domestic rating: stock of properties, 31 March 2025 edition"
2025,2025-26,E1536,68760193,1185035,-273637,Colchester,-0,NA,3890579,-3557521,-2959398,-273637,-2048000,1185035,E07000071,E07000071,6180,1300,1300,1360,2220,"VOA/HMRC Valuation Office, Non-domestic rating: stock of properties, 31 March 2025 edition"
2025,2025-26,E0801,172902634,329671,-1301671,Cornwall UA,-0,NA,12031313,-3432451,-5588000,-1301671,-6560000,329671,E06000052,E06000052,35450,5820,2990,7800,18840,"VOA/HMRC Valuation Office, Non-domestic rating: stock of properties, 31 March 2025 edition"
2025,2025-26,E1632,35337965,180552,-315365,Cotswold,-0,NA,2509910,-1223571,-553081,-315365,-687894,180552,E07000079,E07000079,5340,910,950,1480,2000,"VOA/HMRC Valuation Office, Non-domestic rating: stock of properties, 31 March 2025 edition"
2025,2025-26,E4602,136334278,2300697,-3000390,Coventry,-0,NA,15348336,-5201632,-5799086,-3000390,-6498779,2300697,E08000026,E08000026,8860,2650,1680,2240,2300,"VOA/HMRC Valuation Office, Non-domestic rating: stock of properties, 31 March 2025 edition"
2025,2025-26,E3834,145407596,832554,-284954,Crawley,-0,NA,4534516,-2867705,-2541930,-284954,-1994330,832554,E07000226,E07000226,3700,580,1170,820,1140,"VOA/HMRC Valuation Office, Non-domestic rating: stock of properties, 31 March 2025 edition"
2025,2025-26,E5035,126331760,115,150560,Croydon,-0,NA,37040565,-13269405,-15012288,150560,-14861613,115,E09000008,E09000008,8580,3420,1860,1230,2070,"VOA/HMRC Valuation Office, Non-domestic rating: stock of properties, 31 March 2025 edition"
2025,2025-26,E0901,118441256,980849,-2024562,Cumberland,-20268,NA,7398075,-2299699,-2338177,-2024562,-3381890,980849,E06000063,E06000063,12640,2580,1610,3190,5250,"VOA/HMRC Valuation Office, Non-domestic rating: stock of properties, 31 March 2025 edition"
2025,2025-26,E1932,78371184,177974,-2460483,Dacorum,-0,NA,8612434,-1504359,-3108938,-2460483,-5391447,177974,E07000096,E07000096,4380,930,1190,1020,1250,"VOA/HMRC Valuation Office, Non-domestic rating: stock of properties, 31 March 2025 edition"
2025,2025-26,E1301,35132318,285450,-166000,Darlington UA,-0,NA,1834771,-765792,-423000,-166000,-303550,285450,E06000005,E06000005,3980,1090,840,1170,890,"VOA/HMRC Valuation Office, Non-domestic rating: stock of properties, 31 March 2025 edition"
2025,2025-26,E2233,99889548,48640,-1725455,Dartford,-0,NA,8169602,-3341354,-4225417,-1725455,-5902232,48640,E07000107,E07000107,3460,880,730,910,940,"VOA/HMRC Valuation Office, Non-domestic rating: stock of properties, 31 March 2025 edition"
2025,2025-26,E1001,100996966,820982,-1560814,Derby UA,-0,NA,7593430,-2349086,-3419933,-1560814,-4159765,820982,E06000015,E06000015,8430,2270,1900,2620,1650,"VOA/HMRC Valuation Office, Non-domestic rating: stock of properties, 31 March 2025 edition"
2025,2025-26,E1035,19172224,211667,-81579,Derbyshire Dales,-0,NA,829507,-357972,-263042,-81579,-132954,211667,E07000035,E07000035,4650,850,480,1060,2270,"VOA/HMRC Valuation Office, Non-domestic rating: stock of properties, 31 March 2025 edition"
2025,2025-26,E4402,119917056,858834,-1256457,Doncaster,88225,NA,9475073,-3481749,-4273949,-1256457,-4671572,858834,E08000017,E08000017,9830,3000,1610,3030,2180,"VOA/HMRC Valuation Office, Non-domestic rating: stock of properties, 31 March 2025 edition"
2025,2025-26,E1203,115520143,7049,47400,Dorset Council,-0,NA,14082461,-1235280,-8995399,47400,-8940950,7049,E06000059,E06000059,18280,3250,2010,5530,7500,"VOA/HMRC Valuation Office, Non-domestic rating: stock of properties, 31 March 2025 edition"
2025,2025-26,E2234,55480086,818272,-647887,Dover,-0,NA,6083687,-1864725,-1695556,-647887,-1525171,818272,E07000108,E07000108,4200,890,860,950,1510,"VOA/HMRC Valuation Office, Non-domestic rating: stock of properties, 31 March 2025 edition"
2025,2025-26,E4603,89926669,461692,-2465319,Dudley,-0,NA,11373916,-398628,-5416098,-2465319,-7419725,461692,E08000027,E08000027,10460,2740,1610,3790,2320,"VOA/HMRC Valuation Office, Non-domestic rating: stock of properties, 31 March 2025 edition"
2025,2025-26,E1302,131546346,1166590,-1197397,Durham UA,-0,NA,6570806,-2149928,-3719097,-1197397,-3749904,1166590,E06000047,E06000047,16080,4250,2380,4490,4970,"VOA/HMRC Valuation Office, Non-domestic rating: stock of properties, 31 March 2025 edition"
2025,2025-26,E5036,179395176,3666962,-3979614,Ealing,-0,NA,26694409,-12073539,-16590722,-3979614,-16903374,3666962,E09000009,E09000009,10900,3650,2060,3030,2160,"VOA/HMRC Valuation Office, Non-domestic rating: stock of properties, 31 March 2025 edition"
2025,2025-26,E0532,29238008,62736,-183020,East Cambridgeshire,-0,NA,2564162,-711666,-566385,-183020,-686669,62736,E07000009,E07000009,2610,400,430,890,880,"VOA/HMRC Valuation Office, Non-domestic rating: stock of properties, 31 March 2025 edition"
2025,2025-26,E1131,42555601,140513,0,East Devon,-0,NA,700064,-417685,-458411,0,-317898,140513,E07000040,E07000040,7500,1310,740,2160,3290,"VOA/HMRC Valuation Office, Non-domestic rating: stock of properties, 31 March 2025 edition"
2025,2025-26,E1732,35936609,119608,-92356,East Hampshire,-0,NA,1302336,-783116,-348222,-92356,-320970,119608,E07000085,E07000085,4160,850,760,1560,980,"VOA/HMRC Valuation Office, Non-domestic rating: stock of properties, 31 March 2025 edition"
2025,2025-26,E1933,52654204,136524,-202499,East Hertfordshire,-0,NA,2884784,-1527527,-1461969,-202499,-1527944,136524,E07000242,E07000242,4960,990,1010,1580,1400,"VOA/HMRC Valuation Office, Non-domestic rating: stock of properties, 31 March 2025 edition"
2025,2025-26,E2532,46254433,156781,-674781,East Lindsey,-0,NA,5604463,-2287152,-1618000,-674781,-2136000,156781,E07000137,E07000137,7290,1670,520,1810,3290,"VOA/HMRC Valuation Office, Non-domestic rating: stock of properties, 31 March 2025 edition"
2025,2025-26,E2001,125099954,664579,-437997,East Riding of Yorkshire UA,-0,NA,6412239,-3852806,-4356587,-437997,-4130005,664579,E06000011,E06000011,12230,2900,1630,3330,4370,"VOA/HMRC Valuation Office, Non-domestic rating: stock of properties, 31 March 2025 edition"
2025,2025-26,E3432,66085385,-0,-378000,East Staffordshire,-6193,NA,6576738,-2384036,-3439000,-378000,-3817000,0,E07000193,E07000193,4200,1130,680,1330,1060,"VOA/HMRC Valuation Office, Non-domestic rating: stock of properties, 31 March 2025 edition"
2025,2025-26,E3538,110372292,1080454,-810818,East Suffolk,-0,NA,8788111,-3449766,-4150610,-810818,-3880974,1080454,E07000244,E07000244,12900,2220,1550,2410,6720,"VOA/HMRC Valuation Office, Non-domestic rating: stock of properties, 31 March 2025 edition"
2025,2025-26,E1432,34368783,-0,-166850,Eastbourne,209841,NA,5653311,-2365785,-1837847,-166850,-2004697,0,E07000061,E07000061,3100,1090,500,520,990,"VOA/HMRC Valuation Office, Non-domestic rating: stock of properties, 31 March 2025 edition"
2025,2025-26,E1733,66124844,214655,-934032,Eastleigh,-0,NA,2821838,-2213732,-842929,-934032,-1562306,214655,E07000086,E07000086,3130,710,680,960,790,"VOA/HMRC Valuation Office, Non-domestic rating: stock of properties, 31 March 2025 edition"
2025,2025-26,E3631,65967088,220512,-370512,Elmbridge,-32842,NA,2903585,-3567692,-1820000,-370512,-1970000,220512,E07000207,E07000207,3890,1160,960,650,1130,"VOA/HMRC Valuation Office, Non-domestic rating: stock of properties, 31 March 2025 edition"
2025,2025-26,E5037,133859166,1592002,1217503,Enfield,-0,NA,15873761,-6797353,-15738775,1217503,-12929270,1592002,E09000010,E09000010,7100,2560,1090,1720,1730,"VOA/HMRC Valuation Office, Non-domestic rating: stock of properties, 31 March 2025 edition"
2025,2025-26,E1537,41590506,-0,-1088717,Epping Forest,-280,NA,6220512,-1293030,-3694405,-1088717,-4783122,0,E07000072,E07000072,4610,940,1030,1630,1010,"VOA/HMRC Valuation Office, Non-domestic rating: stock of properties, 31 March 2025 edition"
2025,2025-26,E3632,24942755,69096,-133680,Epsom and Ewell,48472,NA,475086,-913607,-69096,-133680,-133680,69096,E07000208,E07000208,1770,600,370,230,580,"VOA/HMRC Valuation Office, Non-domestic rating: stock of properties, 31 March 2025 edition"
2025,2025-26,E1036,26837282,206229,-334283,Erewash,-0,NA,2700694,-803988,-841437,-334283,-969491,206229,E07000036,E07000036,3690,930,510,1520,740,"VOA/HMRC Valuation Office, Non-domestic rating: stock of properties, 31 March 2025 edition"
2025,2025-26,E1132,80288796,-0,-485500,Exeter,-3052,NA,2718977,-2443467,-1180000,-485500,-1665500,0,E07000041,E07000041,5070,1210,1420,940,1500,"VOA/HMRC Valuation Office, Non-domestic rating: stock of properties, 31 March 2025 edition"
2025,2025-26,E1734,47166142,234411,-61607,Fareham,-0,NA,1761987,-1180594,-706576,-61607,-533772,234411,E07000087,E07000087,3260,670,720,1030,850,"VOA/HMRC Valuation Office, Non-domestic rating: stock of properties, 31 March 2025 edition"
2025,2025-26,E0533,31191711,33206,0,Fenland,-286466,NA,4865727,-2067146,-2005807,0,-1972601,33206,E07000010,E07000010,3140,790,410,1120,820,"VOA/HMRC Valuation Office, Non-domestic rating: stock of properties, 31 March 2025 edition"
2025,2025-26,E2240,29337376,249046,-421142,Folkestone & Hythe,37506,NA,1465757,-500361,-506569,-421142,-678665,249046,E07000112,E07000112,4190,1040,620,1120,1410,"VOA/HMRC Valuation Office, Non-domestic rating: stock of properties, 31 March 2025 edition"
2025,2025-26,E1633,16772637,120454,-54774,Forest of Dean,-0,NA,1081419,-477752,-267680,-54774,-202000,120454,E07000080,E07000080,3390,550,340,1440,1060,"VOA/HMRC Valuation Office, Non-domestic rating: stock of properties, 31 March 2025 edition"
2025,2025-26,E2335,27509837,151983,-116271,Fylde,-0,NA,1554787,-844573,-772382,-116271,-736670,151983,E07000119,E07000119,3110,830,530,800,950,"VOA/HMRC Valuation Office, Non-domestic rating: stock of properties, 31 March 2025 edition"
2025,2025-26,E4501,87784611,1225730,-2255757,Gateshead,-0,NA,9366445,-2937543,-3713000,-2255757,-4743027,1225730,E08000037,E08000037,7000,1750,1540,2450,1250,"VOA/HMRC Valuation Office, Non-domestic rating: stock of properties, 31 March 2025 edition"
2025,2025-26,E3034,27371189,161838,-315157,Gedling,-0,NA,1612212,-766718,-628010,-315157,-781329,161838,E07000173,E07000173,2690,800,330,870,700,"VOA/HMRC Valuation Office, Non-domestic rating: stock of properties, 31 March 2025 edition"
2025,2025-26,E1634,58553141,303924,-88406,Gloucester,-0,NA,1806827,-334946,-1078893,-88406,-863375,303924,E07000081,E07000081,4170,1080,1090,1090,910,"VOA/HMRC Valuation Office, Non-domestic rating: stock of properties, 31 March 2025 edition"
2025,2025-26,E1735,19017522,-0,-162100,Gosport,-0,NA,2689450,-503710,-1670000,-162100,-1832100,0,E07000088,E07000088,2000,610,200,690,490,"VOA/HMRC Valuation Office, Non-domestic rating: stock of properties, 31 March 2025 edition"
2025,2025-26,E2236,28930789,772478,-89905,Gravesham,-0,NA,2601916,-2484459,-2088896,-89905,-1406323,772478,E07000109,E07000109,2330,780,310,590,650,"VOA/HMRC Valuation Office, Non-domestic rating: stock of properties, 31 March 2025 edition"
2025,2025-26,E2633,30140380,134385,-177068,Great Yarmouth,-0,NA,2631805,-2607386,-592622,-177068,-635305,134385,E07000145,E07000145,5050,1060,470,1250,2270,"VOA/HMRC Valuation Office, Non-domestic rating: stock of properties, 31 March 2025 edition"
2025,2025-26,E5012,100853844,1599004,-2513884,Greenwich,-0,NA,9764521,-4863546,-6149374,-2513884,-7064254,1599004,E09000011,E09000011,6180,2140,970,1680,1390,"VOA/HMRC Valuation Office, Non-domestic rating: stock of properties, 31 March 2025 edition"
2025,2025-26,E3633,89964487,304586,-594586,Guildford,-0,NA,8693324,-4259556,-5290000,-594586,-5580000,304586,E07000209,E07000209,4490,870,1300,900,1420,"VOA/HMRC Valuation Office, Non-domestic rating: stock of properties, 31 March 2025 edition"
2025,2025-26,E5013,183535307,2920803,-1446515,Hackney,-0,NA,72950819,-25103316,-48658068,-1446515,-47183780,2920803,E09000012,E09000012,12380,2920,4670,2800,1990,"VOA/HMRC Valuation Office, Non-domestic rating: stock of properties, 31 March 2025 edition"
2025,2025-26,E0601,70159089,-0,-167035,Halton UA,-35205,NA,8043326,-354370,-5570172,-167035,-5737207,0,E06000006,E06000006,3830,930,750,1280,870,"VOA/HMRC Valuation Office, Non-domestic rating: stock of properties, 31 March 2025 edition"
2025,2025-26,E5014,256407207,12414485,1168254,Hammersmith and Fulham,-5353284,NA,59543103,-35904473,-46862147,1168254,-33279408,12414485,E09000013,E09000013,10040,2820,3700,890,2630,"VOA/HMRC Valuation Office, Non-domestic rating: stock of properties, 31 March 2025 edition"
2025,2025-26,E2433,63294881,-0,-50578,Harborough,-4,NA,1454032,-1123466,-92648,-50578,-143226,0,E07000131,E07000131,3340,600,740,1000,1010,"VOA/HMRC Valuation Office, Non-domestic rating: stock of properties, 31 March 2025 edition"
2025,2025-26,E5038,78273751,-0,-2472966,Haringey,-140326,NA,22280063,-10192298,-17572708,-2472966,-20045674,0,E09000014,E09000014,7270,2900,1050,1950,1380,"VOA/HMRC Valuation Office, Non-domestic rating: stock of properties, 31 March 2025 edition"
2025,2025-26,E1538,52928873,844325,-422386,Harlow,-0,NA,6879106,-2541349,-2408762,-422386,-1986823,844325,E07000073,E07000073,2420,510,470,850,590,"VOA/HMRC Valuation Office, Non-domestic rating: stock of properties, 31 March 2025 edition"
2025,2025-26,E5039,53482368,385135,-2320527,Harrow,-309354,NA,14126629,-3926882,-7638460,-2320527,-9573852,385135,E09000015,E09000015,5580,2040,1630,620,1300,"VOA/HMRC Valuation Office, Non-domestic rating: stock of properties, 31 March 2025 edition"
2025,2025-26,E1736,35586794,665852,-324599,Hart,-0,NA,3381615,-1818109,-2289085,-324599,-1947832,665852,E07000089,E07000089,2370,520,550,640,650,"VOA/HMRC Valuation Office, Non-domestic rating: stock of properties, 31 March 2025 edition"
2025,2025-26,E0701,31856396,374678,379130,Hartlepool UA,-0,NA,4542468,-762486,-3890757,379130,-3136949,374678,E06000001,E06000001,2980,920,520,810,740,"VOA/HMRC Valuation Office, Non-domestic rating: stock of properties, 31 March 2025 edition"
2025,2025-26,E1433,22622547,12366,-835269,Hastings,-0,NA,4283462,-597526,-2056739,-835269,-2879642,12366,E07000062,E07000062,3590,1040,450,900,1200,"VOA/HMRC Valuation Office, Non-domestic rating: stock of properties, 31 March 2025 edition"
2025,2025-26,E1737,36759587,64602,-261252,Havant,-0,NA,2419248,-3529071,-911740,-261252,-1108390,64602,E07000090,E07000090,3340,950,520,750,1120,"VOA/HMRC Valuation Office, Non-domestic rating: stock of properties, 31 March 2025 edition"
2025,2025-26,E5040,83695313,298918,-166573,Havering,-0,NA,3473744,-4993362,-1610321,-166573,-1477976,298918,E09000016,E09000016,6030,2220,850,1540,1430,"VOA/HMRC Valuation Office, Non-domestic rating: stock of properties, 31 March 2025 edition"
2025,2025-26,E1801,53628378,1975472,-564446,Herefordshire UA,-0,NA,3593615,-1030756,-3678835,-564446,-2267809,1975472,E06000019,E06000019,8390,1600,1330,2640,2830,"VOA/HMRC Valuation Office, Non-domestic rating: stock of properties, 31 March 2025 edition"
2025,2025-26,E1934,69956006,891773,342504,Hertsmere,-0,NA,5716477,-5027946,-3902982,342504,-2668705,891773,E07000098,E07000098,3240,700,970,760,800,"VOA/HMRC Valuation Office, Non-domestic rating: stock of properties, 31 March 2025 edition"
2025,2025-26,E1037,31620702,139,-234600,High Peak,-0,NA,1590537,-1006609,-869490,-234600,-1103951,139,E07000037,E07000037,3870,930,480,1160,1310,"VOA/HMRC Valuation Office, Non-domestic rating: stock of properties, 31 March 2025 edition"
2025,2025-26,E5041,406002936,-0,-80215,Hillingdon,3732431,NA,20170806,-10668908,-9149132,-80215,-9229347,0,E09000017,E09000017,8890,2510,2520,1800,2060,"VOA/HMRC Valuation Office, Non-domestic rating: stock of properties, 31 March 2025 edition"
2025,2025-26,E2434,47938687,77122,-307355,Hinckley and Bosworth,-0,NA,4528076,-510395,-950726,-307355,-1180959,77122,E07000132,E07000132,3360,750,500,1290,840,"VOA/HMRC Valuation Office, Non-domestic rating: stock of properties, 31 March 2025 edition"
2025,2025-26,E3835,52593793,510925,-668982,Horsham,-0,NA,3579188,-1666056,-1670295,-668982,-1828352,510925,E07000227,E07000227,4960,850,880,1870,1360,"VOA/HMRC Valuation Office, Non-domestic rating: stock of properties, 31 March 2025 edition"
2025,2025-26,E5042,209524110,2598142,-2498142,Hounslow,-4259920,NA,30582973,-18748243,-17200000,-2498142,-17100000,2598142,E09000018,E09000018,7760,2070,2070,1580,2040,"VOA/HMRC Valuation Office, Non-domestic rating: stock of properties, 31 March 2025 edition"
2025,2025-26,E0551,76585907,846135,-1076296,Huntingdonshire,-0,NA,2293931,-700785,-572282,-1076296,-802443,846135,E07000011,E07000011,5770,1020,1080,2000,1670,"VOA/HMRC Valuation Office, Non-domestic rating: stock of properties, 31 March 2025 edition"
2025,2025-26,E2336,25316291,121028,-322919,Hyndburn,-507691,NA,2306638,-1027468,-1636641,-322919,-1838532,121028,E07000120,E07000120,3400,1090,340,1290,680,"VOA/HMRC Valuation Office, Non-domestic rating: stock of properties, 31 March 2025 edition"
2025,2025-26,E3533,60912127,310335,-438197,Ipswich,-0,NA,3436583,-2059771,-865615,-438197,-993477,310335,E07000202,E07000202,4690,1240,1240,940,1280,"VOA/HMRC Valuation Office, Non-domestic rating: stock of properties, 31 March 2025 edition"
2025,2025-26,E2101,37116566,-0,-665775,Isle of Wight UA,45738,NA,4174488,-5500094,-1482825,-665775,-2112403,0,E06000046,E06000046,7560,1570,670,1930,3400,"VOA/HMRC Valuation Office, Non-domestic rating: stock of properties, 31 March 2025 edition"
2025,2025-26,E4001,1151515,-0,-1670,Isles of Scilly UA,-0,NA,99717,-62659,-75779,-1670,-77449,0,E06000053,E06000053,530,50,20,90,380,"VOA/HMRC Valuation Office, Non-domestic rating: stock of properties, 31 March 2025 edition"
2025,2025-26,E5015,298472156,4117261,1713166,Islington,198208,NA,21598690,-47774656,-18357189,1713166,-12526762,4117261,E09000019,E09000019,12010,3020,5220,1400,2380,"VOA/HMRC Valuation Office, Non-domestic rating: stock of properties, 31 March 2025 edition"
2025,2025-26,E5016,285152408,244220,-2095364,Kensington and Chelsea,-0,NA,55510670,-20441533,-34153296,-2095364,-36004440,244220,E09000020,E09000020,8750,2960,2840,790,2150,"VOA/HMRC Valuation Office, Non-domestic rating: stock of properties, 31 March 2025 edition"
2025,2025-26,E2634,54999880,378338,-509368,King’s Lynn and West Norfolk,-0,NA,1709029,-567748,-590463,-509368,-721493,378338,E07000146,E07000146,6700,1200,600,1690,3210,"VOA/HMRC Valuation Office, Non-domestic rating: stock of properties, 31 March 2025 edition"
2025,2025-26,E2002,95424888,1796072,-1800000,Kingston upon Hull UA,-878,NA,13096145,-708325,-3852536,-1800000,-3856464,1796072,E06000010,E06000010,9280,2850,1720,2700,2010,"VOA/HMRC Valuation Office, Non-domestic rating: stock of properties, 31 March 2025 edition"
2025,2025-26,E5043,83924143,372739,-1841502,Kingston upon Thames,-0,NA,7966117,-3598060,-2535327,-1841502,-4004090,372739,E09000021,E09000021,4550,1460,1250,720,1130,"VOA/HMRC Valuation Office, Non-domestic rating: stock of properties, 31 March 2025 edition"
2025,2025-26,E4703,109268354,2991473,-2604627,Kirklees,-0,NA,8906317,-1789601,-6791266,-2604627,-6404420,2991473,E08000034,E08000034,16310,4210,2820,5760,3510,"VOA/HMRC Valuation Office, Non-domestic rating: stock of properties, 31 March 2025 edition"
2025,2025-26,E4301,59313716,4,-543041,Knowsley,-0,NA,9998608,-3067063,-3615400,-543041,-4158437,4,E08000011,E08000011,3240,900,440,1150,760,"VOA/HMRC Valuation Office, Non-domestic rating: stock of properties, 31 March 2025 edition"
2025,2025-26,E5017,183612295,2629922,-1942003,Lambeth,-0,NA,28529266,-15486284,-12290300,-1942003,-11602381,2629922,E09000022,E09000022,9040,3080,2000,1910,2050,"VOA/HMRC Valuation Office, Non-domestic rating: stock of properties, 31 March 2025 edition"
2025,2025-26,E2337,73125870,194552,-557435,Lancaster,418816,NA,1630533,-616779,-194554,-557435,-557437,194552,E07000121,E07000121,5340,1460,790,1380,1720,"VOA/HMRC Valuation Office, Non-domestic rating: stock of properties, 31 March 2025 edition"
2025,2025-26,E4704,391884972,3530468,-2127375,Leeds,-0,NA,22104313,-13209972,-11587446,-2127375,-10184353,3530468,E08000035,E08000035,31830,7010,8370,7980,8460,"VOA/HMRC Valuation Office, Non-domestic rating: stock of properties, 31 March 2025 edition"
2025,2025-26,E2401,114811002,3158643,-2450182,Leicester UA,-21526,NA,14182667,-2436549,-7149800,-2450182,-6441339,3158643,E06000016,E06000016,12640,3820,2120,4390,2310,"VOA/HMRC Valuation Office, Non-domestic rating: stock of properties, 31 March 2025 edition"
2025,2025-26,E1435,29114158,-0,-425814,Lewes,105677,NA,4570584,-2410950,-1222836,-425814,-1648650,0,E07000063,E07000063,3690,740,670,1300,980,"VOA/HMRC Valuation Office, Non-domestic rating: stock of properties, 31 March 2025 edition"
2025,2025-26,E5018,61329373,1771207,-1000754,Lewisham,-0,NA,5912269,-4546217,-6108969,-1000754,-5338516,1771207,E09000023,E09000023,6230,2690,740,1390,1410,"VOA/HMRC Valuation Office, Non-domestic rating: stock of properties, 31 March 2025 edition"
2025,2025-26,E3433,43117693,132416,291343,Lichfield,-0,NA,1847619,-2337239,-1548062,291343,-1124303,132416,E07000194,E07000194,3070,680,620,940,830,"VOA/HMRC Valuation Office, Non-domestic rating: stock of properties, 31 March 2025 edition"
2025,2025-26,E2533,41821143,442551,-499826,Lincoln,-0,NA,2266444,-2784380,-658479,-499826,-715754,442551,E07000138,E07000138,3530,1060,840,710,920,"VOA/HMRC Valuation Office, Non-domestic rating: stock of properties, 31 March 2025 edition"
2025,2025-26,E4302,215617408,28491,-1924733,Liverpool,-0,NA,49627821,-11788357,-29087850,-1924733,-30984092,28491,E08000012,E08000012,20080,5720,4700,4250,5410,"VOA/HMRC Valuation Office, Non-domestic rating: stock of properties, 31 March 2025 edition"
2025,2025-26,E0201,75433105,479753,-3831618,Luton UA,-0,NA,38258554,-6215073,-14563732,-3831618,-17915597,479753,E06000032,E06000032,5650,1750,1170,1410,1320,"VOA/HMRC Valuation Office, Non-domestic rating: stock of properties, 31 March 2025 edition"
2025,2025-26,E2237,67883345,296749,-1870243,Maidstone,1753,NA,6605743,-1274051,-3286667,-1870243,-4860161,296749,E07000110,E07000110,5300,1030,1270,1460,1530,"VOA/HMRC Valuation Office, Non-domestic rating: stock of properties, 31 March 2025 edition"
2025,2025-26,E1539,16121270,122714,0,Maldon,-4005,NA,917541,-20643,-287174,0,-164460,122714,E07000074,E07000074,2560,450,360,1040,710,"VOA/HMRC Valuation Office, Non-domestic rating: stock of properties, 31 March 2025 edition"
2025,2025-26,E1851,18388055,178419,-51255,Malvern Hills,-0,NA,796080,-221196,-266608,-51255,-139444,178419,E07000235,E07000235,3030,540,470,980,1040,"VOA/HMRC Valuation Office, Non-domestic rating: stock of properties, 31 March 2025 edition"
2025,2025-26,E4203,394911820,7004446,-4516925,Manchester,-0,NA,43720090,-31916812,-43922142,-4516925,-41434621,7004446,E08000003,E08000003,26650,6000,8150,4330,8160,"VOA/HMRC Valuation Office, Non-domestic rating: stock of properties, 31 March 2025 edition"
2025,2025-26,E3035,31563943,394304,-805570,Mansfield,-0,NA,2956457,-676632,-1952672,-805570,-2363938,394304,E07000174,E07000174,3400,910,720,1010,760,"VOA/HMRC Valuation Office, Non-domestic rating: stock of properties, 31 March 2025 edition"
2025,2025-26,E2201,108518778,2047237,-1862924,Medway UA,-0,NA,14146248,-5877045,-3585221,-1862924,-3400908,2047237,E06000035,E06000035,6450,1850,1060,1950,1590,"VOA/HMRC Valuation Office, Non-domestic rating: stock of properties, 31 March 2025 edition"
2025,2025-26,E2436,16205462,78727,-142681,Melton,-0,NA,1363803,-710576,-81660,-142681,-145614,78727,E07000133,E07000133,1680,350,170,630,530,"VOA/HMRC Valuation Office, Non-domestic rating: stock of properties, 31 March 2025 edition"
2025,2025-26,E5044,103615454,277080,372824,Merton,-0,NA,7682826,-7623324,-3439130,372824,-2789226,277080,E09000024,E09000024,5340,1630,1240,1030,1450,"VOA/HMRC Valuation Office, Non-domestic rating: stock of properties, 31 March 2025 edition"
2025,2025-26,E1133,19677443,517710,-378749,Mid Devon,-5837,NA,1094758,-626324,-854754,-378749,-715793,517710,E07000042,E07000042,3590,550,300,1340,1410,"VOA/HMRC Valuation Office, Non-domestic rating: stock of properties, 31 March 2025 edition"
2025,2025-26,E3534,38124386,112826,-20669,Mid Suffolk,25438,NA,1138575,-783314,-366341,-20669,-274184,112826,E07000203,E07000203,3610,510,510,1340,1250,"VOA/HMRC Valuation Office, Non-domestic rating: stock of properties, 31 March 2025 edition"
2025,2025-26,E3836,60311613,512661,-1330835,Mid Sussex,-0,NA,5227772,-2565777,-3064620,-1330835,-3882794,512661,E07000228,E07000228,4610,1020,950,1250,1390,"VOA/HMRC Valuation Office, Non-domestic rating: stock of properties, 31 March 2025 edition"
2025,2025-26,E0702,38623070,243189,-66204,Middlesbrough UA,-0,NA,14922938,-1917299,-7127597,-66204,-6950612,243189,E06000002,E06000002,4650,1400,960,1130,1160,"VOA/HMRC Valuation Office, Non-domestic rating: stock of properties, 31 March 2025 edition"
2025,2025-26,E0401,219045237,522466,-1430363,Milton Keynes UA,-0,NA,6336256,-4541033,-1617078,-1430363,-2524975,522466,E06000042,E06000042,8710,1630,2670,2270,2140,"VOA/HMRC Valuation Office, Non-domestic rating: stock of properties, 31 March 2025 edition"
2025,2025-26,E3634,42420702,132008,-852038,Mole Valley,64925,NA,5025394,-2278752,-2251842,-852038,-2971872,132008,E07000210,E07000210,3130,670,790,790,870,"VOA/HMRC Valuation Office, Non-domestic rating: stock of properties, 31 March 2025 edition"
2025,2025-26,E1738,80722397,343642,-739772,New Forest,-0,NA,2345471,-1119837,-351850,-739772,-747980,343642,E07000091,E07000091,7340,1560,900,2000,2890,"VOA/HMRC Valuation Office, Non-domestic rating: stock of properties, 31 March 2025 edition"
2025,2025-26,E3036,48341727,34771,-106224,Newark and Sherwood,-0,NA,2105999,-691534,-864647,-106224,-936100,34771,E07000175,E07000175,4480,930,790,1490,1270,"VOA/HMRC Valuation Office, Non-domestic rating: stock of properties, 31 March 2025 edition"
2025,2025-26,E4502,122742051,486157,-4227739,Newcastle upon Tyne,-0,NA,12980691,-5296838,-8264809,-4227739,-12006391,486157,E08000021,E08000021,11950,2870,3950,2000,3140,"VOA/HMRC Valuation Office, Non-domestic rating: stock of properties, 31 March 2025 edition"
2025,2025-26,E3434,40438880,235475,-215746,Newcastle-under-Lyme,-0,NA,3190090,-2317180,-554003,-215746,-534274,235475,E07000195,E07000195,3650,940,700,1050,960,"VOA/HMRC Valuation Office, Non-domestic rating: stock of properties, 31 March 2025 edition"
2025,2025-26,E5045,187205093,1194442,-671694,Newham,-0,NA,7835163,-19483596,-2597331,-671694,-2074583,1194442,E09000025,E09000025,8130,3720,1600,1340,1460,"VOA/HMRC Valuation Office, Non-domestic rating: stock of properties, 31 March 2025 edition"
2025,2025-26,E1134,32655808,143864,-198669,North Devon,-0,NA,1820904,-640661,-952214,-198669,-1007019,143864,E07000043,E07000043,6330,1130,530,1430,3240,"VOA/HMRC Valuation Office, Non-domestic rating: stock of properties, 31 March 2025 edition"
2025,2025-26,E1038,20571654,1032084,-1203854,North East Derbyshire,-0,NA,1216613,-568259,-705892,-1203854,-877662,1032084,E07000038,E07000038,2970,580,410,990,990,"VOA/HMRC Valuation Office, Non-domestic rating: stock of properties, 31 March 2025 edition"
2025,2025-26,E2003,63153274,212181,-591403,North East Lincolnshire UA,-0,NA,10097714,-3592579,-3175529,-591403,-3554751,212181,E06000012,E06000012,5630,1660,740,1790,1450,"VOA/HMRC Valuation Office, Non-domestic rating: stock of properties, 31 March 2025 edition"
2025,2025-26,E1935,44509263,194005,-493925,North Hertfordshire,-0,NA,4581369,-1229017,-1497530,-493925,-1797450,194005,E07000099,E07000099,4760,970,1000,1660,1130,"VOA/HMRC Valuation Office, Non-domestic rating: stock of properties, 31 March 2025 edition"
2025,2025-26,E2534,35248862,2809,-154809,North Kesteven,-0,NA,1666742,-1416147,-252000,-154809,-404000,2809,E07000139,E07000139,3520,580,570,1380,1000,"VOA/HMRC Valuation Office, Non-domestic rating: stock of properties, 31 March 2025 edition"
2025,2025-26,E2004,107268716,511962,-1958962,North Lincolnshire UA,-0,NA,8327189,-1185115,-1833000,-1958962,-3280000,511962,E06000013,E06000013,5760,1440,560,2100,1660,"VOA/HMRC Valuation Office, Non-domestic rating: stock of properties, 31 March 2025 edition"
2025,2025-26,E2635,30199833,100411,224873,North Norfolk,-0,NA,518449,-599185,65782,224873,391066,100411,E07000147,E07000147,7880,1180,440,1440,4830,"VOA/HMRC Valuation Office, Non-domestic rating: stock of properties, 31 March 2025 edition"
2025,2025-26,E2801,182547888,688383,-212283,North Northamptonshire,-0,NA,12301822,-6647000,-3171990,-212283,-2698934,688383,E06000061,E06000061,11940,2370,1780,5240,2550,"VOA/HMRC Valuation Office, Non-domestic rating: stock of properties, 31 March 2025 edition"
2025,2025-26,E0104,70447461,99208,-431070,North Somerset UA,-0,NA,7138696,-5303884,-4064172,-431070,-4396034,99208,E06000024,E06000024,6530,1470,1220,1870,1960,"VOA/HMRC Valuation Office, Non-domestic rating: stock of properties, 31 March 2025 edition"
2025,2025-26,E4503,66538818,526716,-708427,North Tyneside,-0,NA,7736364,-2294862,-3127121,-708427,-3308832,526716,E08000022,E08000022,6350,1740,1350,1840,1430,"VOA/HMRC Valuation Office, Non-domestic rating: stock of properties, 31 March 2025 edition"
2025,2025-26,E3731,79080886,135849,-547326,North Warwickshire,-0,NA,2247246,-1607166,-774376,-547326,-1185853,135849,E07000218,E07000218,2560,410,380,960,810,"VOA/HMRC Valuation Office, Non-domestic rating: stock of properties, 31 March 2025 edition"
2025,2025-26,E2437,106880054,-0,-3122698,North West Leicestershire,-0,NA,8923787,-3241788,-3134568,-3122698,-6257266,0,E07000134,E07000134,3520,680,740,1190,910,"VOA/HMRC Valuation Office, Non-domestic rating: stock of properties, 31 March 2025 edition"
2025,2025-26,E2702,231565574,939117,-4680516,North Yorkshire,-0,NA,20877376,-7283451,-6281103,-4680516,-10022502,939117,E06000065,E06000065,33030,6020,4340,8260,14410,"VOA/HMRC Valuation Office, Non-domestic rating: stock of properties, 31 March 2025 edition"
2025,2025-26,E2901,97562456,5670,-996050,Northumberland UA,-0,NA,9789908,-2360078,-4829256,-996050,-5819636,5670,E06000057,E06000057,14170,2650,1600,3550,6370,"VOA/HMRC Valuation Office, Non-domestic rating: stock of properties, 31 March 2025 edition"
2025,2025-26,E2636,73458067,680211,-1247849,Norwich,-0,NA,7664562,-1197971,-3382875,-1247849,-3950513,680211,E07000148,E07000148,6840,1690,1790,1350,2010,"VOA/HMRC Valuation Office, Non-domestic rating: stock of properties, 31 March 2025 edition"
2025,2025-26,E3001,128351855,2324536,-5202532,Nottingham UA,-168480,NA,26866498,-12337314,-17482364,-5202532,-20360360,2324536,E06000018,E06000018,11710,2980,2600,2990,3140,"VOA/HMRC Valuation Office, Non-domestic rating: stock of properties, 31 March 2025 edition"
2025,2025-26,E3732,43205670,587297,-636209,Nuneaton and Bedworth,-0,NA,3000366,-1211851,-1478932,-636209,-1527844,587297,E07000219,E07000219,3260,910,360,1200,790,"VOA/HMRC Valuation Office, Non-domestic rating: stock of properties, 31 March 2025 edition"
2025,2025-26,E2438,13339467,203671,-248156,Oadby and Wigston,89427,NA,1677032,-243681,-203671,-248156,-248156,203671,E07000135,E07000135,1420,420,180,540,280,"VOA/HMRC Valuation Office, Non-domestic rating: stock of properties, 31 March 2025 edition"
2025,2025-26,E4204,60089127,10962,-1597445,Oldham,-0,NA,12712815,-3853596,-7597975,-1597445,-9184458,10962,E08000004,E08000004,8020,2150,1290,2760,1830,"VOA/HMRC Valuation Office, Non-domestic rating: stock of properties, 31 March 2025 edition"
2025,2025-26,E3132,105792368,1082825,-1131234,Oxford,-0,NA,9097399,-11434969,-3002893,-1131234,-3051302,1082825,E07000178,E07000178,4540,1220,1170,540,1610,"VOA/HMRC Valuation Office, Non-domestic rating: stock of properties, 31 March 2025 edition"
2025,2025-26,E2338,22158641,393,-8033,Pendle,-0,NA,1950591,-828675,-1183967,-8033,-1191607,393,E07000122,E07000122,3840,1130,540,1370,790,"VOA/HMRC Valuation Office, Non-domestic rating: stock of properties, 31 March 2025 edition"
2025,2025-26,E0501,121305498,193484,-491784,Peterborough UA,498107,NA,3441730,-2034028,-1635020,-491784,-1933320,193484,E06000031,E06000031,6250,1430,1370,1900,1540,"VOA/HMRC Valuation Office, Non-domestic rating: stock of properties, 31 March 2025 edition"
2025,2025-26,E1101,95544208,475448,-760113,Plymouth UA,-0,NA,5489578,-1203518,-1720339,-760113,-2005004,475448,E06000026,E06000026,7890,1960,1510,2140,2290,"VOA/HMRC Valuation Office, Non-domestic rating: stock of properties, 31 March 2025 edition"
2025,2025-26,E1701,94793678,623305,-1474826,Portsmouth UA,-0,NA,9774362,-4499580,-5340235,-1474826,-6191756,623305,E06000044,E06000044,6640,2030,940,1450,2240,"VOA/HMRC Valuation Office, Non-domestic rating: stock of properties, 31 March 2025 edition"
2025,2025-26,E2339,56400599,344706,-606675,Preston,-0,NA,8959993,-1203463,-7613088,-606675,-7875057,344706,E07000123,E07000123,6390,1650,1230,2130,1370,"VOA/HMRC Valuation Office, Non-domestic rating: stock of properties, 31 March 2025 edition"
2025,2025-26,E0303,147235879,1406618,-1555618,Reading UA,-0,NA,14102734,-13516179,-8719000,-1555618,-8868000,1406618,E06000038,E06000038,5660,1460,1760,930,1520,"VOA/HMRC Valuation Office, Non-domestic rating: stock of properties, 31 March 2025 edition"
2025,2025-26,E5046,61725243,127152,-1926974,Redbridge,12187,NA,23554490,-8833604,-16136111,-1926974,-17935933,127152,E09000026,E09000026,6680,2670,1380,830,1800,"VOA/HMRC Valuation Office, Non-domestic rating: stock of properties, 31 March 2025 edition"
2025,2025-26,E0703,43676568,84250,-168198,Redcar and Cleveland UA,-0,NA,3947387,-5396664,-1152367,-168198,-1236315,84250,E06000003,E06000003,4340,1190,650,1270,1230,"VOA/HMRC Valuation Office, Non-domestic rating: stock of properties, 31 March 2025 edition"
2025,2025-26,E1835,39314272,452823,-1003164,Redditch,-27276,NA,5066239,-1611583,-1717407,-1003164,-2267748,452823,E07000236,E07000236,2610,490,540,1070,500,"VOA/HMRC Valuation Office, Non-domestic rating: stock of properties, 31 March 2025 edition"
2025,2025-26,E3635,56808638,143742,-85406,Reigate and Banstead,-1301,NA,1588366,-2215511,-476700,-85406,-418364,143742,E07000211,E07000211,3670,1040,850,760,1020,"VOA/HMRC Valuation Office, Non-domestic rating: stock of properties, 31 March 2025 edition"
2025,2025-26,E2340,17482156,10580,-20580,Ribble Valley,-0,NA,694649,-308439,-374000,-20580,-384000,10580,E07000124,E07000124,2740,570,440,840,890,"VOA/HMRC Valuation Office, Non-domestic rating: stock of properties, 31 March 2025 edition"
2025,2025-26,E5047,87484631,173394,-835394,Richmond upon Thames,-0,NA,13047113,-8173721,-6558000,-835394,-7220000,173394,E09000027,E09000027,5700,2040,1530,510,1620,"VOA/HMRC Valuation Office, Non-domestic rating: stock of properties, 31 March 2025 edition"
2025,2025-26,E4205,82369093,387960,-1629871,Rochdale,-0,NA,8066140,-4035854,-3537203,-1629871,-4779114,387960,E08000005,E08000005,9160,2060,1080,4350,1670,"VOA/HMRC Valuation Office, Non-domestic rating: stock of properties, 31 March 2025 edition"
2025,2025-26,E1540,21010757,142591,-270533,Rochford,-0,NA,657780,-478931,-344933,-270533,-472875,142591,E07000075,E07000075,2960,500,420,1440,600,"VOA/HMRC Valuation Office, Non-domestic rating: stock of properties, 31 March 2025 edition"
2025,2025-26,E2341,14713080,54396,53304,Rossendale,-13068,NA,1322444,-160022,-949510,53304,-841810,54396,E07000125,E07000125,2830,690,430,1140,580,"VOA/HMRC Valuation Office, Non-domestic rating: stock of properties, 31 March 2025 edition"
2025,2025-26,E1436,19833438,68356,-950635,Rother,-0,NA,3186877,-403826,-881477,-950635,-1763756,68356,E07000064,E07000064,4590,980,400,1440,1770,"VOA/HMRC Valuation Office, Non-domestic rating: stock of properties, 31 March 2025 edition"
2025,2025-26,E4403,91845753,1293020,-2025655,Rotherham,1022213,NA,4487269,-1411304,-1293020,-2025655,-2025655,1293020,E08000018,E08000018,7830,2170,1160,2860,1640,"VOA/HMRC Valuation Office, Non-domestic rating: stock of properties, 31 March 2025 edition"
2025,2025-26,E3733,70149221,124783,-434735,Rugby,-103184,NA,3044563,-3552690,-124783,-434735,-434735,124783,E07000220,E07000220,3050,680,490,970,910,"VOA/HMRC Valuation Office, Non-domestic rating: stock of properties, 31 March 2025 edition"
2025,2025-26,E3636,65439660,75670,-138670,Runnymede,-90610,NA,4723988,-3025844,-461552,-138670,-524552,75670,E07000212,E07000212,2720,510,700,680,830,"VOA/HMRC Valuation Office, Non-domestic rating: stock of properties, 31 March 2025 edition"
2025,2025-26,E3038,31678318,-0,31487,Rushcliffe,-129454,NA,1123246,-740779,-946075,31487,-914588,0,E07000176,E07000176,3130,670,660,780,1030,"VOA/HMRC Valuation Office, Non-domestic rating: stock of properties, 31 March 2025 edition"
2025,2025-26,E1740,65083297,516917,-623859,Rushmoor,72839,NA,1959386,-1481922,-1080079,-623859,-1187021,516917,E07000092,E07000092,2650,740,810,520,580,"VOA/HMRC Valuation Office, Non-domestic rating: stock of properties, 31 March 2025 edition"
2025,2025-26,E2402,14264150,21212,-86823,Rutland UA,-0,NA,530693,-130680,-153466,-86823,-219077,21212,E06000017,E06000017,1730,300,320,520,590,"VOA/HMRC Valuation Office, Non-domestic rating: stock of properties, 31 March 2025 edition"
2025,2025-26,E4206,119817637,3210741,-1646820,Salford,-0,NA,18796821,-5989701,-14835018,-1646820,-13271097,3210741,E08000006,E08000006,11940,2230,2270,2480,4970,"VOA/HMRC Valuation Office, Non-domestic rating: stock of properties, 31 March 2025 edition"
2025,2025-26,E4604,123897453,2085301,-1335933,Sandwell,-0,NA,11685550,-424506,-4982579,-1335933,-4233211,2085301,E08000028,E08000028,10930,2930,1000,4540,2460,"VOA/HMRC Valuation Office, Non-domestic rating: stock of properties, 31 March 2025 edition"
2025,2025-26,E4304,72018405,1670835,176165,Sefton,-0,NA,6425703,-1397793,-5113000,176165,-3266000,1670835,E08000014,E08000014,8000,3060,1130,1790,2010,"VOA/HMRC Valuation Office, Non-domestic rating: stock of properties, 31 March 2025 edition"
2025,2025-26,E2239,43752955,108086,-567853,Sevenoaks,2269,NA,5118000,-1653514,-2106619,-567853,-2566386,108086,E07000111,E07000111,4330,820,900,1500,1130,"VOA/HMRC Valuation Office, Non-domestic rating: stock of properties, 31 March 2025 edition"
2025,2025-26,E4404,219452827,3804939,-7855327,Sheffield,-0,NA,29462610,-7812663,-17250793,-7855327,-21301181,3804939,E08000019,E08000019,18970,5180,3740,5390,4660,"VOA/HMRC Valuation Office, Non-domestic rating: stock of properties, 31 March 2025 edition"
2025,2025-26,E3202,89913608,-0,-191760,Shropshire UA,-3248,NA,7730024,-5626742,-5327503,-191760,-5519263,0,E06000051,E06000051,12810,2840,1800,4010,4160,"VOA/HMRC Valuation Office, Non-domestic rating: stock of properties, 31 March 2025 edition"
2025,2025-26,E0304,147017338,-0,-323991,Slough UA,-0,NA,20718128,-8955961,-7588244,-323991,-7912235,0,E06000039,E06000039,3440,980,740,930,800,"VOA/HMRC Valuation Office, Non-domestic rating: stock of properties, 31 March 2025 edition"
2025,2025-26,E4605,128982379,1123499,-1575599,Solihull,-0,NA,6326313,-4917325,-2305199,-1575599,-2757299,1123499,E08000029,E08000029,5300,1460,1600,720,1530,"VOA/HMRC Valuation Office, Non-domestic rating: stock of properties, 31 March 2025 edition"
2025,2025-26,E3301,196644811,1485108,-1485236,Somerset,-0,NA,14434624,-1364294,-5825278,-1485236,-5825406,1485108,E06000066,E06000066,22790,4440,3000,7960,7380,"VOA/HMRC Valuation Office, Non-domestic rating: stock of properties, 31 March 2025 edition"
2025,2025-26,E0536,122023728,150484,-283664,South Cambridgeshire,-19494,NA,2144125,-4583818,-1252220,-283664,-1385400,150484,E07000012,E07000012,5570,490,2010,1580,1490,"VOA/HMRC Valuation Office, Non-domestic rating: stock of properties, 31 March 2025 edition"
2025,2025-26,E1039,35282984,206397,-449273,South Derbyshire,-0,NA,2763935,-1036493,-1956578,-449273,-2199454,206397,E07000039,E07000039,2510,500,310,920,780,"VOA/HMRC Valuation Office, Non-domestic rating: stock of properties, 31 March 2025 edition"
2025,2025-26,E0103,176474059,727951,-527951,South Gloucestershire UA,-0,NA,5570182,-5760468,-1290000,-527951,-1090000,727951,E06000025,E06000025,7750,1550,1570,2450,2190,"VOA/HMRC Valuation Office, Non-domestic rating: stock of properties, 31 March 2025 edition"
2025,2025-26,E1136,31873584,207115,-39397,South Hams,-0,NA,1553506,-926985,-984643,-39397,-816925,207115,E07000044,E07000044,6240,940,730,1580,2990,"VOA/HMRC Valuation Office, Non-domestic rating: stock of properties, 31 March 2025 edition"
2025,2025-26,E2535,27721544,32311,-260311,South Holland,-0,NA,2647587,-334372,-654000,-260311,-882000,32311,E07000140,E07000140,2980,710,430,910,930,"VOA/HMRC Valuation Office, Non-domestic rating: stock of properties, 31 March 2025 edition"
2025,2025-26,E2536,45415766,98834,-147834,South Kesteven,-0,NA,2236624,-1101897,-530000,-147834,-579000,98834,E07000141,E07000141,4740,1190,840,1390,1330,"VOA/HMRC Valuation Office, Non-domestic rating: stock of properties, 31 March 2025 edition"
2025,2025-26,E2637,37792158,140606,-74854,South Norfolk,-0,NA,939493,-129982,-414092,-74854,-348340,140606,E07000149,E07000149,4980,750,810,1650,1770,"VOA/HMRC Valuation Office, Non-domestic rating: stock of properties, 31 March 2025 edition"
2025,2025-26,E3133,60404467,102643,-723318,South Oxfordshire,-0,NA,9274357,-5117789,-5661620,-723318,-6282295,102643,E07000179,E07000179,4610,890,1110,1300,1310,"VOA/HMRC Valuation Office, Non-domestic rating: stock of properties, 31 March 2025 edition"
2025,2025-26,E2342,42791571,144194,958629,South Ribble,-0,NA,1879693,-848708,-2713970,958629,-1611147,144194,E07000126,E07000126,3390,870,530,1210,780,"VOA/HMRC Valuation Office, Non-domestic rating: stock of properties, 31 March 2025 edition"
2025,2025-26,E3435,36822899,38849,-181030,South Staffordshire,-0,NA,996194,-665293,-424033,-181030,-566214,38849,E07000196,E07000196,2860,580,550,890,850,"VOA/HMRC Valuation Office, Non-domestic rating: stock of properties, 31 March 2025 edition"
2025,2025-26,E4504,31173475,421621,-293117,South Tyneside,-0,NA,3065395,-1332333,-1982683,-293117,-1854179,421621,E08000023,E08000023,3850,1290,630,1030,900,"VOA/HMRC Valuation Office, Non-domestic rating: stock of properties, 31 March 2025 edition"
2025,2025-26,E1702,102288628,1900518,-1767067,Southampton UA,-0,NA,5501165,-10567908,-5106589,-1767067,-4973138,1900518,E06000045,E06000045,6700,2000,1410,1400,1880,"VOA/HMRC Valuation Office, Non-domestic rating: stock of properties, 31 March 2025 edition"
2025,2025-26,E1501,41754586,454982,-477273,Southend-on-Sea UA,-0,NA,2028697,-1517875,-960878,-477273,-983169,454982,E06000033,E06000033,5660,2180,750,1120,1610,"VOA/HMRC Valuation Office, Non-domestic rating: stock of properties, 31 March 2025 edition"
2025,2025-26,E5019,345563141,2480301,-4339754,Southwark,-0,NA,40357666,-39580018,-20262994,-4339754,-22122447,2480301,E09000028,E09000028,13100,3080,5150,2310,2560,"VOA/HMRC Valuation Office, Non-domestic rating: stock of properties, 31 March 2025 edition"
2025,2025-26,E3637,54307364,838576,-423735,Spelthorne,-0,NA,3617748,-2978108,-1077245,-423735,-662404,838576,E07000213,E07000213,2440,780,440,590,640,"VOA/HMRC Valuation Office, Non-domestic rating: stock of properties, 31 March 2025 edition"
2025,2025-26,E1936,68786769,165000,-96000,St Albans,-0,NA,3521081,-1742300,-2682000,-96000,-2613000,165000,E07000240,E07000240,4010,980,1130,720,1190,"VOA/HMRC Valuation Office, Non-domestic rating: stock of properties, 31 March 2025 edition"
2025,2025-26,E4303,66038554,473790,-464821,St. Helens,-0,NA,10298117,-1451709,-6895954,-464821,-6886985,473790,E08000013,E08000013,4820,1600,730,1430,1060,"VOA/HMRC Valuation Office, Non-domestic rating: stock of properties, 31 March 2025 edition"
2025,2025-26,E3436,57952591,638835,-102687,Stafford,-0,NA,2615774,-1485338,-1770061,-102687,-1233913,638835,E07000197,E07000197,4470,1040,870,1330,1240,"VOA/HMRC Valuation Office, Non-domestic rating: stock of properties, 31 March 2025 edition"
2025,2025-26,E3437,20985070,-0,-133062,Staffordshire Moorlands,-0,NA,549330,-478096,-203069,-133062,-336131,0,E07000198,E07000198,3160,740,250,1020,1150,"VOA/HMRC Valuation Office, Non-domestic rating: stock of properties, 31 March 2025 edition"
2025,2025-26,E1937,55213225,107382,-555718,Stevenage,245138,NA,1206961,-1114591,-543648,-555718,-991984,107382,E07000243,E07000243,2280,530,630,520,600,"VOA/HMRC Valuation Office, Non-domestic rating: stock of properties, 31 March 2025 edition"
2025,2025-26,E4207,95248576,858555,-793427,Stockport,-0,NA,8378810,-2660194,-6450433,-793427,-6385305,858555,E08000007,E08000007,11350,2810,2370,2900,3270,"VOA/HMRC Valuation Office, Non-domestic rating: stock of properties, 31 March 2025 edition"
2025,2025-26,E0704,88299576,884150,-525224,Stockton-on-Tees UA,-0,NA,3095600,-2095134,-2680048,-525224,-2321122,884150,E06000004,E06000004,5700,1470,1270,1440,1520,"VOA/HMRC Valuation Office, Non-domestic rating: stock of properties, 31 March 2025 edition"
2025,2025-26,E3401,93784542,1543007,-1385974,Stoke-on-Trent UA,-0,NA,11965461,-3937968,-6926656,-1385974,-6799389,1543007,E06000021,E06000021,9400,2670,1420,3470,1840,"VOA/HMRC Valuation Office, Non-domestic rating: stock of properties, 31 March 2025 edition"
2025,2025-26,E3734,65073361,845612,-325569,Stratford-on-Avon,-0,NA,4242747,-453112,-3065707,-325569,-2545664,845612,E07000221,E07000221,6080,970,1170,1700,2240,"VOA/HMRC Valuation Office, Non-domestic rating: stock of properties, 31 March 2025 edition"
2025,2025-26,E1635,41057848,225157,-395246,Stroud,-0,NA,2578206,-1431098,-846508,-395246,-1016597,225157,E07000082,E07000082,4360,820,770,1630,1140,"VOA/HMRC Valuation Office, Non-domestic rating: stock of properties, 31 March 2025 edition"
2025,2025-26,E4505,92623351,1140004,-1584248,Sunderland,-0,NA,9682893,-5237494,-5541819,-1584248,-5986063,1140004,E08000024,E08000024,8370,2430,1540,2520,1880,"VOA/HMRC Valuation Office, Non-domestic rating: stock of properties, 31 March 2025 edition"
2025,2025-26,E3638,37666591,47955,71209,Surrey Heath,145977,NA,1458317,-2126125,-229708,71209,-110544,47955,E07000214,E07000214,2930,590,770,680,890,"VOA/HMRC Valuation Office, Non-domestic rating: stock of properties, 31 March 2025 edition"
2025,2025-26,E5048,66682223,590192,-195843,Sutton,-0,NA,3433061,-1927945,-932326,-195843,-537977,590192,E09000029,E09000029,3950,1740,560,700,960,"VOA/HMRC Valuation Office, Non-domestic rating: stock of properties, 31 March 2025 edition"
2025,2025-26,E2241,67438728,-590,-483199,Swale,-0,NA,4683211,-2742075,-2536834,-483199,-3020623,-590,E07000113,E07000113,4870,980,730,1710,1440,"VOA/HMRC Valuation Office, Non-domestic rating: stock of properties, 31 March 2025 edition"
2025,2025-26,E3901,119458076,-0,-688576,Swindon UA,-0,NA,10890130,-4797517,-5457556,-688576,-6146132,0,E06000030,E06000030,5750,1330,1380,1650,1400,"VOA/HMRC Valuation Office, Non-domestic rating: stock of properties, 31 March 2025 edition"
2025,2025-26,E4208,57856604,944975,-482434,Tameside,-0,NA,4704075,-3172849,-2993972,-482434,-2531431,944975,E08000008,E08000008,7770,2230,970,2910,1660,"VOA/HMRC Valuation Office, Non-domestic rating: stock of properties, 31 March 2025 edition"
2025,2025-26,E3439,36989796,447886,-723271,Tamworth,-0,NA,1496163,-1647783,-891510,-723271,-1166895,447886,E07000199,E07000199,2120,530,430,720,450,"VOA/HMRC Valuation Office, Non-domestic rating: stock of properties, 31 March 2025 edition"
2025,2025-26,E3639,23490743,104872,-129989,Tandridge,44959,NA,1567545,-575359,-104872,-129989,-129989,104872,E07000215,E07000215,2910,600,470,1030,810,"VOA/HMRC Valuation Office, Non-domestic rating: stock of properties, 31 March 2025 edition"
2025,2025-26,E1137,33263704,165195,-80089,Teignbridge,-0,NA,453602,-210231,-433132,-80089,-348026,165195,E07000045,E07000045,5590,1050,750,1800,1990,"VOA/HMRC Valuation Office, Non-domestic rating: stock of properties, 31 March 2025 edition"
2025,2025-26,E3201,79617631,605001,-948000,Telford and Wrekin UA,-0,NA,4716133,-3376848,-1443000,-948000,-1785999,605001,E06000020,E06000020,5440,1240,920,1850,1430,"VOA/HMRC Valuation Office, Non-domestic rating: stock of properties, 31 March 2025 edition"
2025,2025-26,E1542,33428528,131842,-535842,Tendring,3065,NA,3156195,-1478449,-1016000,-535842,-1420000,131842,E07000076,E07000076,8630,1270,690,1820,4850,"VOA/HMRC Valuation Office, Non-domestic rating: stock of properties, 31 March 2025 edition"
2025,2025-26,E1742,73158042,1664790,-784582,Test Valley,-0,NA,3282490,-1386159,-2526015,-784582,-1645807,1664790,E07000093,E07000093,4860,680,860,2210,1110,"VOA/HMRC Valuation Office, Non-domestic rating: stock of properties, 31 March 2025 edition"
2025,2025-26,E1636,45997487,17743,-612565,Tewkesbury,-129231,NA,3912861,-1441258,-666464,-612565,-1261286,17743,E07000083,E07000083,3070,450,610,1220,800,"VOA/HMRC Valuation Office, Non-domestic rating: stock of properties, 31 March 2025 edition"
2025,2025-26,E2242,38520909,1110142,-1572170,Thanet,-0,NA,4955082,-1421466,-2082824,-1572170,-2544852,1110142,E07000114,E07000114,5610,1520,640,1460,1990,"VOA/HMRC Valuation Office, Non-domestic rating: stock of properties, 31 March 2025 edition"
2025,2025-26,E1938,46966027,2818,-246005,Three Rivers,-0,NA,4124821,-1142643,-1430939,-246005,-1674126,2818,E07000102,E07000102,2110,390,670,470,580,"VOA/HMRC Valuation Office, Non-domestic rating: stock of properties, 31 March 2025 edition"
2025,2025-26,E1502,144314532,31915,-1620617,Thurrock UA,-0,NA,8233580,-2416899,-3411741,-1620617,-5000443,31915,E06000034,E06000034,4400,1200,470,1690,1040,"VOA/HMRC Valuation Office, Non-domestic rating: stock of properties, 31 March 2025 edition"
2025,2025-26,E2243,74583064,277801,-277801,Tonbridge and Malling,-0,NA,2844726,-1767105,-1000000,-277801,-1000000,277801,E07000115,E07000115,3760,630,1000,1060,1070,"VOA/HMRC Valuation Office, Non-domestic rating: stock of properties, 31 March 2025 edition"
2025,2025-26,E1102,33658952,1503631,-1281729,Torbay UA,-0,NA,3510918,-1055059,-2784899,-1281729,-2562997,1503631,E06000027,E06000027,5530,1740,540,960,2300,"VOA/HMRC Valuation Office, Non-domestic rating: stock of properties, 31 March 2025 edition"
2025,2025-26,E1139,13726985,6904,-107412,Torridge,-0,NA,781076,-366924,-115159,-107412,-215667,6904,E07000046,E07000046,3930,620,260,900,2160,"VOA/HMRC Valuation Office, Non-domestic rating: stock of properties, 31 March 2025 edition"
2025,2025-26,E5020,436807879,4569079,-8600991,Tower Hamlets,-0,NA,42775604,-27757854,-18642830,-8600991,-22674742,4569079,E09000030,E09000030,18100,3370,6300,3770,4660,"VOA/HMRC Valuation Office, Non-domestic rating: stock of properties, 31 March 2025 edition"
2025,2025-26,E4209,156134326,943456,0,Trafford,-0,NA,11552930,-14588992,-10071375,0,-9127919,943456,E08000009,E08000009,10860,2220,2010,3050,3580,"VOA/HMRC Valuation Office, Non-domestic rating: stock of properties, 31 March 2025 edition"
2025,2025-26,E2244,57067799,440971,-1092004,Tunbridge Wells,-0,NA,5017204,-1522858,-4099569,-1092004,-4750602,440971,E07000116,E07000116,4050,1110,840,920,1170,"VOA/HMRC Valuation Office, Non-domestic rating: stock of properties, 31 March 2025 edition"
2025,2025-26,E1544,57456608,40475,-679181,Uttlesford,-0,NA,6314299,-3861254,-3460259,-679181,-4098965,40475,E07000077,E07000077,3530,510,890,1130,1010,"VOA/HMRC Valuation Office, Non-domestic rating: stock of properties, 31 March 2025 edition"
2025,2025-26,E3134,88282737,644573,-865176,Vale of White Horse,-0,NA,8352597,-7319846,-4723987,-865176,-4944590,644573,E07000180,E07000180,4010,650,1220,1020,1130,"VOA/HMRC Valuation Office, Non-domestic rating: stock of properties, 31 March 2025 edition"
2025,2025-26,E4705,162732145,1112966,-1749552,Wakefield,-0,NA,10488342,-2336755,-3942265,-1749552,-4578851,1112966,E08000036,E08000036,11810,3270,1960,4010,2580,"VOA/HMRC Valuation Office, Non-domestic rating: stock of properties, 31 March 2025 edition"
2025,2025-26,E4606,79428719,-0,-568910,Walsall,1009771,NA,13363027,-3319805,-3833068,-568910,-4401978,0,E08000030,E08000030,8470,2470,1090,3100,1820,"VOA/HMRC Valuation Office, Non-domestic rating: stock of properties, 31 March 2025 edition"
2025,2025-26,E5049,68476552,114771,-841267,Waltham Forest,-0,NA,13267158,-3445374,-9793094,-841267,-10519590,114771,E09000031,E09000031,6840,2940,1020,1480,1400,"VOA/HMRC Valuation Office, Non-domestic rating: stock of properties, 31 March 2025 edition"
2025,2025-26,E5021,147632324,1319650,-1617650,Wandsworth,-0,NA,24873101,-22178186,-11833000,-1617650,-12131000,1319650,E09000032,E09000032,8450,3070,1770,1460,2160,"VOA/HMRC Valuation Office, Non-domestic rating: stock of properties, 31 March 2025 edition"
2025,2025-26,E0602,120938527,-0,-1630784,Warrington UA,494518,NA,25193114,4235836,-3611020,-1630784,-5241804,0,E06000007,E06000007,6960,1570,1980,1940,1470,"VOA/HMRC Valuation Office, Non-domestic rating: stock of properties, 31 March 2025 edition"
2025,2025-26,E3735,86772321,217240,-647240,Warwick,-0,NA,4806156,-3651755,-1530000,-647240,-1960000,217240,E07000222,E07000222,5360,1290,1400,1120,1550,"VOA/HMRC Valuation Office, Non-domestic rating: stock of properties, 31 March 2025 edition"
2025,2025-26,E1939,67462749,-0,-189547,Watford,-4267,NA,7105812,-1550668,-4476945,-189547,-4666492,0,E07000103,E07000103,2930,920,580,660,760,"VOA/HMRC Valuation Office, Non-domestic rating: stock of properties, 31 March 2025 edition"
2025,2025-26,E3640,39360581,487017,-500017,Waverley,-49,NA,4256732,-2195462,-2151000,-500017,-2164000,487017,E07000216,E07000216,4010,960,960,900,1190,"VOA/HMRC Valuation Office, Non-domestic rating: stock of properties, 31 March 2025 edition"
2025,2025-26,E1437,39076797,312141,-355861,Wealden,-0,NA,3979398,-2363364,-1483220,-355861,-1526940,312141,E07000065,E07000065,6730,1090,960,2820,1870,"VOA/HMRC Valuation Office, Non-domestic rating: stock of properties, 31 March 2025 edition"
2025,2025-26,E1940,75655232,463,-618995,Welwyn Hatfield,-0,NA,6259072,-7186650,-1184957,-618995,-1803489,463,E07000241,E07000241,3050,650,850,800,740,"VOA/HMRC Valuation Office, Non-domestic rating: stock of properties, 31 March 2025 edition"
2025,2025-26,E0302,106338493,410473,-482870,West Berkshire UA,223257,NA,5540710,-2322793,-641928,-482870,-714325,410473,E06000037,E06000037,6010,950,1540,1830,1690,"VOA/HMRC Valuation Office, Non-domestic rating: stock of properties, 31 March 2025 edition"
2025,2025-26,E1140,12367554,104278,-140797,West Devon,-0,NA,1138152,-282720,-697462,-140797,-733981,104278,E07000047,E07000047,2460,500,300,620,1040,"VOA/HMRC Valuation Office, Non-domestic rating: stock of properties, 31 March 2025 edition"
2025,2025-26,E2343,38019015,118058,33176,West Lancashire,-0,NA,8104455,-2106756,-4135201,33176,-3983967,118058,E07000127,E07000127,3480,760,600,1180,930,"VOA/HMRC Valuation Office, Non-domestic rating: stock of properties, 31 March 2025 edition"
2025,2025-26,E2537,20752258,191548,-645088,West Lindsey,-0,NA,2732874,-1287465,-1606301,-645088,-2059841,191548,E07000142,E07000142,3050,620,400,1010,1020,"VOA/HMRC Valuation Office, Non-domestic rating: stock of properties, 31 March 2025 edition"
2025,2025-26,E2802,237190974,-0,178961,West Northamptonshire,-13000,NA,11888406,-5561643,-9258464,178961,-9079503,0,E06000062,E06000062,12270,2340,2630,4100,3200,"VOA/HMRC Valuation Office, Non-domestic rating: stock of properties, 31 March 2025 edition"
2025,2025-26,E3135,46392289,409888,-387081,West Oxfordshire,-0,NA,2735844,-2090796,-547902,-387081,-525095,409888,E07000181,E07000181,4350,730,970,1390,1250,"VOA/HMRC Valuation Office, Non-domestic rating: stock of properties, 31 March 2025 edition"
2025,2025-26,E3539,86939389,608180,-515590,West Suffolk,-0,NA,4079162,-3062609,-1668159,-515590,-1575569,608180,E07000245,E07000245,6420,1350,1080,2080,1910,"VOA/HMRC Valuation Office, Non-domestic rating: stock of properties, 31 March 2025 edition"
2025,2025-26,E5022,2052724259,26891648,-11654616,Westminster,-0,NA,73841517,-190021991,-53234349,-11654616,-37997317,26891648,E09000033,E09000033,36270,6340,21060,1070,7790,"VOA/HMRC Valuation Office, Non-domestic rating: stock of properties, 31 March 2025 edition"
2025,2025-26,E0902,91741127,310041,-1408169,Westmorland and Furness,29387,NA,13668850,-5861499,-4779609,-1408169,-5877737,310041,E06000064,E06000064,15000,2730,1490,3100,7680,"VOA/HMRC Valuation Office, Non-domestic rating: stock of properties, 31 March 2025 edition"
2025,2025-26,E4210,86827079,1571559,-1567713,Wigan,-0,NA,6324833,-1860915,-2668355,-1567713,-2664509,1571559,E08000010,E08000010,9770,2910,1350,2990,2530,"VOA/HMRC Valuation Office, Non-domestic rating: stock of properties, 31 March 2025 edition"
2025,2025-26,E3902,182503193,495456,-511471,Wiltshire UA,-52945,NA,8005148,-2570826,-1132170,-511471,-1148185,495456,E06000054,E06000054,16720,3220,3150,5770,4570,"VOA/HMRC Valuation Office, Non-domestic rating: stock of properties, 31 March 2025 edition"
2025,2025-26,E1743,71807100,-0,470107,Winchester,1207871,NA,3821095,-2366097,-2980712,470107,-2510605,0,E07000094,E07000094,5120,770,1380,1460,1510,"VOA/HMRC Valuation Office, Non-domestic rating: stock of properties, 31 March 2025 edition"
2025,2025-26,E0305,82522969,908491,0,Windsor and Maidenhead UA,-0,NA,12504477,-5831744,-5614312,0,-4705821,908491,E06000040,E06000040,4750,1250,1340,780,1390,"VOA/HMRC Valuation Office, Non-domestic rating: stock of properties, 31 March 2025 edition"
2025,2025-26,E4305,78522635,226339,-1731268,Wirral,-0,NA,13126790,-2501011,-1510571,-1731268,-3015500,226339,E08000015,E08000015,8570,3330,1110,2060,2070,"VOA/HMRC Valuation Office, Non-domestic rating: stock of properties, 31 March 2025 edition"
2025,2025-26,E3641,51970777,1091385,-2157793,Woking,86,NA,8292009,-5482260,-1680588,-2157793,-2746996,1091385,E07000217,E07000217,2780,730,740,490,820,"VOA/HMRC Valuation Office, Non-domestic rating: stock of properties, 31 March 2025 edition"
2025,2025-26,E0306,81966960,2344680,-2798239,Wokingham UA,-0,NA,9092640,-5479985,-5804965,-2798239,-6258524,2344680,E06000041,E06000041,4350,580,1370,1290,1100,"VOA/HMRC Valuation Office, Non-domestic rating: stock of properties, 31 March 2025 edition"
2025,2025-26,E4607,83370440,920898,-1968441,Wolverhampton,-0,NA,11734442,-3454478,-9431407,-1968441,-10478950,920898,E08000031,E08000031,8970,2410,1760,2970,1830,"VOA/HMRC Valuation Office, Non-domestic rating: stock of properties, 31 March 2025 edition"
2025,2025-26,E1837,36918298,1121576,-686292,Worcester,-0,NA,2026545,-1372245,-1175885,-686292,-740601,1121576,E07000237,E07000237,3130,1020,650,690,780,"VOA/HMRC Valuation Office, Non-domestic rating: stock of properties, 31 March 2025 edition"
2025,2025-26,E3837,29680955,-0,-248012,Worthing,-148,NA,2451904,-2380350,-1253328,-248012,-1501340,0,E07000229,E07000229,3290,1270,450,480,1090,"VOA/HMRC Valuation Office, Non-domestic rating: stock of properties, 31 March 2025 edition"
2025,2025-26,E1838,55224017,309972,-399204,Wychavon,240961,NA,2784363,-1183063,-312068,-399204,-401300,309972,E07000238,E07000238,5210,930,880,1810,1590,"VOA/HMRC Valuation Office, Non-domestic rating: stock of properties, 31 March 2025 edition"
2025,2025-26,E2344,28567979,172453,-235710,Wyre,69484,NA,1862086,-1334880,-341323,-235710,-404580,172453,E07000128,E07000128,4240,1220,400,1250,1380,"VOA/HMRC Valuation Office, Non-domestic rating: stock of properties, 31 March 2025 edition"
2025,2025-26,E1839,30660553,434684,-266145,Wyre Forest,11360,NA,2496340,-1031995,-1339000,-266145,-1170461,434684,E07000239,E07000239,3540,740,680,1080,1040,"VOA/HMRC Valuation Office, Non-domestic rating: stock of properties, 31 March 2025 edition"
2025,2025-26,E2701,91674047,143414,-350157,York UA,-0,NA,5016152,-3237360,-2243402,-350157,-2450145,143414,E06000014,E06000014,7130,1810,1540,1230,2550,"VOA/HMRC Valuation Office, Non-domestic rating: stock of properties, 31 March 2025 edition"
