academic_year,la_id,new_la_code,new_la_code_current,old_la_code,la_name,region_name,ehcplans,pop_0_25,rate_per_1000,pop_estimated,requests_received_in_year,requests_decided_to_assess,requests_decided_not_to_assess,gate1_approval_rate,assess_in_year,assess_issued,assess_not_issued,assess_withdrawn,post_assess_approval,end_to_end_approval,refusal_mediation_rate,refusal_tribunal_rate,content_mediation_rate,content_tribunal_rate,mediation_rate,tribunal_rate,mediation_to_tribunal_pc
2018/19,301,E09000002,E09000002,301,Barking and Dagenham,London,1548,85559,18.092778082960294,FALSE,NA,NA,NA,NA,NA,NA,NA,NA,NA,NA,NA,NA,NA,NA,NA,NA,NA
2019/20,301,E09000002,E09000002,301,Barking and Dagenham,London,1655,86048,19.233451097062105,FALSE,294,NA,84,NA,NA,228,13,NA,NA,77.55102040816327,NA,NA,NA,NA,NA,NA,NA
2020/21,301,E09000002,E09000002,301,Barking and Dagenham,London,1733,85663,20.23043787866407,FALSE,322,NA,112,NA,NA,264,9,NA,NA,81.98757763975155,NA,NA,NA,NA,NA,NA,NA
2021/22,301,E09000002,E09000002,301,Barking and Dagenham,London,1874,85128,22.01390846724932,FALSE,262,NA,37,NA,NA,236,7,NA,NA,90.07633587786259,NA,NA,NA,NA,NA,NA,NA
2022/23,301,E09000002,E09000002,301,Barking and Dagenham,London,2122,86139,24.634602212702724,FALSE,526,NA,40,NA,306,259,47,0,84.640522875817,49.239543726235745,0.19011406844106463,0.19011406844106463,0,0.7604562737642585,NA,NA,NA
2023/24,301,E09000002,E09000002,301,Barking and Dagenham,London,2675,88045,30.382190925095124,FALSE,533,382,75,71.66979362101313,553,532,18,3,96.20253164556962,99.81238273921201,0,0.37523452157598497,0.5628517823639775,2.0637898686679175,0.9380863039399625,3.377110694183865,100
2024/25,301,E09000002,E09000002,301,Barking and Dagenham,London,3063,90053,34.01330327695912,FALSE,639,427,95,66.82316118935837,529,502,24,3,94.89603024574669,78.56025039123631,0.9389671361502347,0.7824726134585289,1.5649452269170578,0.7824726134585289,3.4428794992175273,1.2519561815336464,9.090909090909092
2025/26,301,E09000002,E09000002,301,Barking and Dagenham,London,3297,87359,37.740816630226995,TRUE,636,383,89,60.22012578616352,348,298,42,8,85.63218390804597,46.855345911949684,0.6289308176100629,1.729559748427673,0.6289308176100629,0.15723270440251572,5.031446540880503,2.830188679245283,21.875
2018/19,302,E09000003,E09000003,302,Barnet,London,2372,126679,18.724492615192734,FALSE,NA,NA,NA,NA,NA,NA,NA,NA,NA,NA,NA,NA,NA,NA,NA,NA,NA
2019/20,302,E09000003,E09000003,302,Barnet,London,2682,126844,21.14408249503327,FALSE,493,NA,156,NA,NA,301,2,NA,NA,61.054766734279916,NA,NA,NA,NA,NA,NA,NA
2020/21,302,E09000003,E09000003,302,Barnet,London,2899,125909,23.02456536069701,FALSE,523,NA,134,NA,NA,365,7,NA,NA,69.78967495219885,NA,NA,NA,NA,NA,NA,NA
2021/22,302,E09000003,E09000003,302,Barnet,London,3211,124448,25.801941373103627,FALSE,617,NA,175,NA,NA,364,1,NA,NA,58.99513776337115,NA,NA,NA,NA,NA,NA,NA
2022/23,302,E09000003,E09000003,302,Barnet,London,3459,124507,27.781570514107642,FALSE,780,NA,208,NA,518,518,0,0,100,66.41025641025641,0,0,0,0,NA,NA,NA
2023/24,302,E09000003,E09000003,302,Barnet,London,3809,126848,30.02806508577195,FALSE,985,696,221,70.65989847715736,651,645,6,0,99.07834101382488,65.48223350253807,0,0,0,0,0,6.598984771573604,NA
2024/25,302,E09000003,E09000003,302,Barnet,London,4320,127867,33.78510483549313,FALSE,1026,745,214,72.61208576998051,803,793,10,0,98.7546699875467,77.29044834307992,0,0,0,0,0,4.8732943469785575,NA
2025/26,302,E09000003,E09000003,302,Barnet,London,4840,129037,37.508621558157735,TRUE,990,639,297,64.54545454545455,705,692,9,4,98.15602836879432,69.8989898989899,0,0,0,0,0,6.666666666666667,NA
2018/19,370,E08000016,E08000016,370,Barnsley,Yorkshire and The Humber,2133,70881,30.09269056587802,FALSE,NA,NA,NA,NA,NA,NA,NA,NA,NA,NA,NA,NA,NA,NA,NA,NA,NA
2019/20,370,E08000016,E08000016,370,Barnsley,Yorkshire and The Humber,2311,70418,32.818313499389355,FALSE,433,NA,131,NA,NA,202,21,NA,NA,46.65127020785219,NA,NA,NA,NA,NA,NA,NA
2020/21,370,E08000016,E08000016,370,Barnsley,Yorkshire and The Humber,2220,70078,31.67898627243928,FALSE,425,NA,124,NA,NA,302,33,NA,NA,71.05882352941177,NA,NA,NA,NA,NA,NA,NA
2021/22,370,E08000016,E08000016,370,Barnsley,Yorkshire and The Humber,2313,69894,33.092969353592586,FALSE,463,NA,182,NA,NA,294,71,NA,NA,63.49892008639309,NA,NA,NA,NA,NA,NA,NA
2022/23,370,E08000016,E08000016,370,Barnsley,Yorkshire and The Humber,2443,70080,34.8601598173516,FALSE,553,NA,151,NA,361,321,40,0,88.9196675900277,58.047016274864376,5.244122965641953,0.5424954792043399,1.4466546112115732,0,NA,NA,NA
2023/24,370,E08000016,E08000016,370,Barnsley,Yorkshire and The Humber,2752,70069,39.275571222651955,FALSE,650,308,306,47.38461538461539,430,376,54,0,87.44186046511628,57.84615384615385,6.153846153846154,0.3076923076923077,1.0769230769230769,0.15384615384615385,22.46153846153846,0.46153846153846156,2.0547945205479454
2024/25,370,E08000016,E08000016,370,Barnsley,Yorkshire and The Humber,3044,70365,43.260143537269954,FALSE,718,383,294,53.34261838440111,511,446,65,0,87.27984344422701,62.116991643454035,3.6211699164345403,0,2.5069637883008355,0.2785515320334262,11.28133704735376,0.1392757660167131,0
2025/26,370,E08000016,E08000016,370,Barnsley,Yorkshire and The Humber,3380,70319,48.06666761472717,TRUE,783,506,243,64.62324393358877,614,542,72,0,88.273615635179155,69.22094508301404,4.980842911877395,0.6385696040868455,3.4482758620689653,2.554278416347382,14.303959131545339,0.2554278416347382,0.8928571428571429
2018/19,800,E06000022,E06000022,800,Bath and North East Somerset,South West,1277,65190,19.58889400214757,FALSE,NA,NA,NA,NA,NA,NA,NA,NA,NA,NA,NA,NA,NA,NA,NA,NA,NA
2019/20,800,E06000022,E06000022,800,Bath and North East Somerset,South West,1363,64737,21.054420192471074,FALSE,254,NA,34,NA,NA,190,11,NA,NA,74.80314960629921,NA,NA,NA,NA,NA,NA,NA
2020/21,800,E06000022,E06000022,800,Bath and North East Somerset,South West,1559,65120,23.94041769041769,FALSE,295,NA,25,NA,NA,248,19,NA,NA,84.0677966101695,NA,NA,NA,NA,NA,NA,NA
2021/22,800,E06000022,E06000022,800,Bath and North East Somerset,South West,1708,64005,26.68541520193735,FALSE,401,NA,53,NA,NA,269,22,NA,NA,67.08229426433915,NA,NA,NA,NA,NA,NA,NA
2022/23,800,E06000022,E06000022,800,Bath and North East Somerset,South West,1967,66475,29.590071455434373,FALSE,223,NA,0,NA,288,288,0,0,100,129.14798206278027,0,0,0,0,NA,NA,NA
2023/24,800,E06000022,E06000022,800,Bath and North East Somerset,South West,2230,68788,32.41844507762982,FALSE,560,358,130,63.92857142857143,367,329,38,0,89.64577656675749,58.75,1.9642857142857142,0.8928571428571429,1.6071428571428572,1.4285714285714286,2.5,1.0714285714285714,42.857142857142854
2024/25,800,E06000022,E06000022,800,Bath and North East Somerset,South West,2469,69947,35.29815431683989,FALSE,475,314,156,66.10526315789474,387,362,23,2,93.54005167958657,76.21052631578948,0.631578947368421,0.42105263157894735,0.8421052631578947,1.4736842105263157,1.4736842105263157,1.4736842105263157,28.571428571428573
2025/26,800,E06000022,E06000022,800,Bath and North East Somerset,South West,2687,68343,39.316389388818166,TRUE,527,403,113,76.47058823529412,440,411,28,1,93.4090909090909,77.98861480075901,0.5692599620493358,0.3795066413662239,0,0,0.18975332068311196,0,0
2018/19,822,E06000055,E06000055,822,Bedford,East of England,1199,56166,21.347434390912653,FALSE,NA,NA,NA,NA,NA,NA,NA,NA,NA,NA,NA,NA,NA,NA,NA,NA,NA
2019/20,822,E06000055,E06000055,822,Bedford,East of England,1185,56448,20.99277210884354,FALSE,233,NA,68,NA,NA,152,5,NA,NA,65.23605150214593,NA,NA,NA,NA,NA,NA,NA
2020/21,822,E06000055,E06000055,822,Bedford,East of England,1301,56605,22.983835350234077,FALSE,222,NA,52,NA,NA,163,3,NA,NA,73.42342342342343,NA,NA,NA,NA,NA,NA,NA
2021/22,822,E06000055,E06000055,822,Bedford,East of England,1486,57599,25.79905901144117,FALSE,299,NA,69,NA,NA,215,2,NA,NA,71.90635451505017,NA,NA,NA,NA,NA,NA,NA
2022/23,822,E06000055,E06000055,822,Bedford,East of England,1651,57502,28.712044798441795,FALSE,334,NA,82,NA,230,229,1,0,99.56521739130434,68.562874251497007,0,0.5988023952095808,0,0.8982035928143712,NA,NA,NA
2023/24,822,E06000055,E06000055,822,Bedford,East of England,1899,58410,32.5115562403698,FALSE,396,326,70,82.32323232323232,340,340,0,0,100,85.85858585858585,0,0,3.0303030303030303,1.7676767676767677,4.545454545454546,2.272727272727273,50
2024/25,822,E06000055,E06000055,822,Bedford,East of England,2170,59304,36.59112370160529,FALSE,473,320,153,67.65327695560254,360,358,2,0,99.44444444444444,75.68710359408034,0.42283298097251587,0.21141649048625794,0.42283298097251587,0.42283298097251587,5.919661733615222,2.3255813953488373,39.285714285714285
2025/26,822,E06000055,E06000055,822,Bedford,East of England,2319,59135,39.21535469688002,TRUE,558,289,233,51.7921146953405,305,304,1,0,99.67213114754098,54.48028673835125,0.17921146953405018,0.17921146953405018,1.075268817204301,1.075268817204301,5.734767025089606,2.6881720430107525,46.875
2018/19,303,E09000004,E09000004,303,Bexley,London,1912,78517,24.3514143433906,FALSE,NA,NA,NA,NA,NA,NA,NA,NA,NA,NA,NA,NA,NA,NA,NA,NA,NA
2019/20,303,E09000004,E09000004,303,Bexley,London,2092,78608,26.61306737227763,FALSE,391,NA,1,NA,NA,229,3,NA,NA,58.56777493606138,NA,NA,NA,NA,NA,NA,NA
2020/21,303,E09000004,E09000004,303,Bexley,London,2333,78210,29.82994501981844,FALSE,342,NA,0,NA,NA,284,0,NA,NA,83.04093567251462,NA,NA,NA,NA,NA,NA,NA
2021/22,303,E09000004,E09000004,303,Bexley,London,2548,78120,32.61648745519713,FALSE,467,NA,78,NA,NA,320,2,NA,NA,68.52248394004283,NA,NA,NA,NA,NA,NA,NA
2022/23,303,E09000004,E09000004,303,Bexley,London,2764,78319,35.29156398830424,FALSE,503,NA,92,NA,392,391,1,0,99.74489795918367,77.73359840954275,0.1988071570576541,0.1988071570576541,0.1988071570576541,0.9940357852882704,NA,NA,NA
2023/24,303,E09000004,E09000004,303,Bexley,London,3075,79358,38.748456362307515,FALSE,671,468,144,69.74664679582712,414,413,1,0,99.7584541062802,61.54992548435171,0,0.14903129657228018,0.14903129657228018,0.29806259314456035,4.023845007451565,1.639344262295082,18.51851851851852
2024/25,303,E09000004,E09000004,303,Bexley,London,3267,80372,40.64848454685711,FALSE,796,525,201,65.95477386934674,544,540,4,0,99.26470588235294,67.8391959798995,0,0.12562814070351758,0,0,4.0201005025125625,2.0100502512562812,0
2025/26,303,E09000004,E09000004,303,Bexley,London,3540,78875,44.8811410459588,TRUE,786,465,243,59.16030534351145,544,540,4,0,99.26470588235294,68.70229007633588,0.1272264631043257,0.1272264631043257,0.5089058524173028,0.1272264631043257,8.9058524173028,1.6539440203562341,4.285714285714286
2018/19,330,E08000025,E08000025,330,Birmingham,West Midlands,9437,440834,21.407150991076005,FALSE,NA,NA,NA,NA,NA,NA,NA,NA,NA,NA,NA,NA,NA,NA,NA,NA,NA
2019/20,330,E08000025,E08000025,330,Birmingham,West Midlands,9169,441495,20.76807211859704,FALSE,1589,NA,467,NA,NA,898,153,NA,NA,56.51353052234109,NA,NA,NA,NA,NA,NA,NA
2020/21,330,E08000025,E08000025,330,Birmingham,West Midlands,9939,437580,22.71356094885507,FALSE,1391,NA,373,NA,NA,802,51,NA,NA,57.65636232925952,NA,NA,NA,NA,NA,NA,NA
2021/22,330,E08000025,E08000025,330,Birmingham,West Midlands,10489,433188,24.21350545259795,FALSE,1967,NA,454,NA,NA,1230,256,NA,NA,62.53177427554652,NA,NA,NA,NA,NA,NA,NA
2022/23,330,E08000025,E08000025,330,Birmingham,West Midlands,10610,437622,24.24466777264397,FALSE,2164,NA,851,NA,1470,1320,150,0,89.79591836734694,60.99815157116451,2.587800369685767,0.3234750462107209,1.201478743068392,3.789279112754159,NA,NA,NA
2023/24,330,E08000025,E08000025,330,Birmingham,West Midlands,11040,444358,24.84483231988622,FALSE,2528,1490,840,58.93987341772152,1223,1197,21,4,97.87408013082583,47.3496835443038,2.2943037974683542,1.3449367088607596,2.6503164556962027,2.096518987341772,13.805379746835444,1.5031645569620253,4.2979942693409745
2024/25,330,E08000025,E08000025,330,Birmingham,West Midlands,12094,449107,26.928994649382,FALSE,2493,1287,1044,51.624548736462096,1496,1474,22,0,98.52941176470588,59.12555154432411,0.36101083032490977,0.6417970316887285,2.888086642599278,4.091456077015644,17.890092258323307,2.1660649819494586,5.605381165919282
2025/26,330,E08000025,E08000025,330,Birmingham,West Midlands,13221,449790,29.39371706796505,TRUE,2726,1723,779,63.206162876008804,1882,1839,30,13,97.71519659936239,67.46148202494497,0.18341892883345562,0.1467351430667645,2.1643433602347764,7.079970652971387,9.721203228173147,2.9713866471019807,11.320754716981131
2018/19,889,E06000008,E06000008,889,Blackburn with Darwen,North West,821,54592,15.038833528722158,FALSE,NA,NA,NA,NA,NA,NA,NA,NA,NA,NA,NA,NA,NA,NA,NA,NA,NA
2019/20,889,E06000008,E06000008,889,Blackburn with Darwen,North West,895,55058,16.25558501943405,FALSE,141,NA,17,NA,NA,95,0,NA,NA,67.37588652482269,NA,NA,NA,NA,NA,NA,NA
2020/21,889,E06000008,E06000008,889,Blackburn with Darwen,North West,992,55069,18.013764549928272,FALSE,144,NA,2,NA,NA,164,11,NA,NA,113.88888888888889,NA,NA,NA,NA,NA,NA,NA
2021/22,889,E06000008,E06000008,889,Blackburn with Darwen,North West,1054,55301,19.059329849369814,FALSE,159,NA,6,NA,NA,118,17,NA,NA,74.21383647798743,NA,NA,NA,NA,NA,NA,NA
2022/23,889,E06000008,E06000008,889,Blackburn with Darwen,North West,1174,55444,21.17451843301349,FALSE,209,NA,22,NA,207,178,0,29,85.99033816425121,85.16746411483254,0.9569377990430622,0,0.4784688995215311,0.4784688995215311,NA,NA,NA
2023/24,889,E06000008,E06000008,889,Blackburn with Darwen,North West,1322,56391,23.44345728928375,FALSE,309,258,39,83.49514563106796,250,228,0,22,91.2,73.7864077669903,1.941747572815534,0.6472491909385113,0,0,2.912621359223301,0.6472491909385113,22.22222222222222
2024/25,889,E06000008,E06000008,889,Blackburn with Darwen,North West,1522,57714,26.371417680285543,FALSE,349,279,55,79.94269340974212,288,273,0,15,94.79166666666667,78.22349570200574,1.7191977077363896,0.28653295128939826,0,0,4.011461318051576,1.4326647564469914,35.714285714285715
2025/26,889,E06000008,E06000008,889,Blackburn with Darwen,North West,1739,55217,31.49392397268957,TRUE,386,305,66,79.01554404145078,334,310,2,22,92.81437125748504,80.31088082901555,0.25906735751295334,0,0.5181347150259067,0,5.958549222797927,0,0
2018/19,890,E06000009,E06000009,890,Blackpool,North West,858,40887,20.98466505246166,FALSE,NA,NA,NA,NA,NA,NA,NA,NA,NA,NA,NA,NA,NA,NA,NA,NA,NA
2019/20,890,E06000009,E06000009,890,Blackpool,North West,1021,40858,24.988986245043808,FALSE,221,NA,22,NA,NA,186,21,NA,NA,84.16289592760181,NA,NA,NA,NA,NA,NA,NA
2020/21,890,E06000009,E06000009,890,Blackpool,North West,1206,40157,30.032123913638966,FALSE,172,NA,10,NA,NA,173,14,NA,NA,100.5813953488372,NA,NA,NA,NA,NA,NA,NA
2021/22,890,E06000009,E06000009,890,Blackpool,North West,1249,39470,31.64428680010134,FALSE,216,NA,24,NA,NA,141,47,NA,NA,65.27777777777777,NA,NA,NA,NA,NA,NA,NA
2022/23,890,E06000009,E06000009,890,Blackpool,North West,1312,39696,33.05118903667876,FALSE,269,NA,18,NA,190,150,38,2,78.94736842105263,55.762081784386616,0.7434944237918215,0.37174721189591076,0,0.7434944237918215,NA,NA,NA
2023/24,890,E06000009,E06000009,890,Blackpool,North West,1462,39814,36.72075149444919,FALSE,359,268,38,74.65181058495821,239,195,39,5,81.58995815899581,54.317548746518106,5.013927576601671,0.8356545961002786,2.2284122562674096,0.5571030640668524,1.392757660167131,0,0
2024/25,890,E06000009,E06000009,890,Blackpool,North West,1661,40121,41.39976570873109,FALSE,423,298,89,70.44917257683215,266,227,31,8,85.33834586466165,53.664302600472816,3.7825059101654848,1.6548463356973995,1.6548463356973995,1.4184397163120568,5.91016548463357,1.1820330969267139,20
2025/26,890,E06000009,E06000009,890,Blackpool,North West,1904,39884,47.73844148029285,TRUE,506,323,155,63.83399209486166,297,257,33,7,86.53198653198653,50.790513833992094,3.5573122529644268,0.7905138339920948,0.3952569169960474,0.7905138339920948,8.695652173913043,1.5810276679841897,9.090909090909092
2018/19,350,E08000001,E08000001,350,Bolton,North West,2232,96529,23.122584922665727,FALSE,NA,NA,NA,NA,NA,NA,NA,NA,NA,NA,NA,NA,NA,NA,NA,NA,NA
2019/20,350,E08000001,E08000001,350,Bolton,North West,2449,97711,25.06370828258845,FALSE,441,NA,33,NA,NA,350,31,NA,NA,79.36507936507937,NA,NA,NA,NA,NA,NA,NA
2020/21,350,E08000001,E08000001,350,Bolton,North West,2611,97815,26.693247456934007,FALSE,417,NA,25,NA,NA,308,43,NA,NA,73.86091127098321,NA,NA,NA,NA,NA,NA,NA
2021/22,350,E08000001,E08000001,350,Bolton,North West,2726,98172,27.76759157397221,FALSE,471,NA,111,NA,NA,258,28,NA,NA,54.77707006369427,NA,NA,NA,NA,NA,NA,NA
2022/23,350,E08000001,E08000001,350,Bolton,North West,2778,99569,27.900250077835473,FALSE,599,NA,52,NA,335,324,11,0,96.71641791044776,54.09015025041736,0,0.333889816360601,0,0.8347245409015025,NA,NA,NA
2023/24,350,E08000001,E08000001,350,Bolton,North West,3304,101225,32.64015806371943,FALSE,716,578,55,80.72625698324022,640,634,6,0,99.0625,88.54748603351955,0.8379888268156425,0.41899441340782123,0.27932960893854747,0.27932960893854747,0.6983240223463687,0.13966480446927373,0
2024/25,350,E08000001,E08000001,350,Bolton,North West,3604,102759,35.072353759768,FALSE,732,529,148,72.26775956284153,599,598,1,0,99.8330550918197,81.69398907103825,2.73224043715847,0.273224043715847,0.6830601092896175,1.639344262295082,4.508196721311475,0.6830601092896175,6.0606060606060606
2025/26,350,E08000001,E08000001,350,Bolton,North West,3909,100425,38.924570575056016,TRUE,814,541,251,66.46191646191646,599,594,5,0,99.1652754590985,72.97297297297297,0.2457002457002457,0.12285012285012285,0,0.12285012285012285,5.651105651105651,1.8427518427518428,10.869565217391305
2019/20,839,E06000058,E06000058,839,"Bournemouth, Christchurch and Poole",South West,2448,116454,21.021175743211913,FALSE,541,NA,114,NA,NA,344,18,NA,NA,63.58595194085028,NA,NA,NA,NA,NA,NA,NA
2020/21,839,E06000058,E06000058,839,"Bournemouth, Christchurch and Poole",South West,2627,115203,22.80322561044417,FALSE,481,NA,101,NA,NA,277,16,NA,NA,57.58835758835759,NA,NA,NA,NA,NA,NA,NA
2021/22,839,E06000058,E06000058,839,"Bournemouth, Christchurch and Poole",South West,3063,114606,26.726349405790273,FALSE,592,NA,79,NA,NA,507,25,NA,NA,85.64189189189189,NA,NA,NA,NA,NA,NA,NA
2022/23,839,E06000058,E06000058,839,"Bournemouth, Christchurch and Poole",South West,3266,115994,28.156628791144367,FALSE,837,NA,95,NA,434,407,24,3,93.77880184331798,48.62604540023895,1.3142174432497014,0.7168458781362007,0,0.4778972520908005,NA,NA,NA
2023/24,839,E06000058,E06000058,839,"Bournemouth, Christchurch and Poole",South West,3769,116604,32.32307639532091,FALSE,903,533,354,59.02547065337763,366,314,51,0,85.79234972677595,34.77297895902547,2.6578073089700998,1.550387596899225,0,0,10.077519379844961,1.1074197120708749,3.2967032967032965
2024/25,839,E06000058,E06000058,839,"Bournemouth, Christchurch and Poole",South West,4432,116902,37.91209731227866,FALSE,1230,858,295,69.7560975609756,1095,925,170,0,84.47488584474885,75.20325203252033,8.78048780487805,2.1951219512195124,4.5528455284552845,3.3333333333333335,13.333333333333334,0.5691056910569106,2.4390243902439024
2025/26,839,E06000058,E06000058,839,"Bournemouth, Christchurch and Poole",South West,4982,119022,41.85780780023861,TRUE,1182,783,357,66.24365482233503,763,656,106,1,85.97640891218873,55.499153976311334,0.676818950930626,0.1692047377326565,0.676818950930626,1.7766497461928934,3.4686971235194584,0.9306260575296108,4.878048780487805
2018/19,867,E06000036,E06000036,867,Bracknell Forest,South East,775,37955,20.4189171387169,FALSE,NA,NA,NA,NA,NA,NA,NA,NA,NA,NA,NA,NA,NA,NA,NA,NA,NA
2019/20,867,E06000036,E06000036,867,Bracknell Forest,South East,887,37897,23.405546613188378,FALSE,284,NA,62,NA,NA,175,2,NA,NA,61.61971830985915,NA,NA,NA,NA,NA,NA,NA
2020/21,867,E06000036,E06000036,867,Bracknell Forest,South East,1031,37922,27.187384631612257,FALSE,233,NA,41,NA,NA,189,6,NA,NA,81.11587982832619,NA,NA,NA,NA,NA,NA,NA
2021/22,867,E06000036,E06000036,867,Bracknell Forest,South East,1131,38385,29.46463462289957,FALSE,242,NA,44,NA,NA,195,6,NA,NA,80.57851239669421,NA,NA,NA,NA,NA,NA,NA
2022/23,867,E06000036,E06000036,867,Bracknell Forest,South East,1246,38514,32.351872046528534,FALSE,219,NA,0,NA,160,160,0,0,100,73.05936073059361,0.91324200913242,0.91324200913242,0,0,NA,NA,NA
2023/24,867,E06000036,E06000036,867,Bracknell Forest,South East,1469,38669,37.989086865447774,FALSE,346,220,108,63.58381502890173,270,270,0,0,100,78.03468208092485,0.28901734104046245,0.5780346820809249,0,0,7.803468208092486,0.5780346820809249,0
2024/25,867,E06000036,E06000036,867,Bracknell Forest,South East,1654,38889,42.53130705340842,FALSE,312,201,106,64.42307692307692,241,239,2,0,99.1701244813278,76.6025641025641,0.6410256410256411,0.6410256410256411,0,0,10.576923076923077,1.6025641025641026,3.0303030303030303
2025/26,867,E06000036,E06000036,867,Bracknell Forest,South East,1718,38954,44.10330132977358,TRUE,337,123,204,36.49851632047478,198,191,7,0,96.46464646464646,56.676557863501486,0.5934718100890207,1.1869436201780414,0,0.29673590504451036,14.243323442136498,1.1869436201780414,0
2018/19,380,E08000032,E08000032,380,Bradford,Yorkshire and The Humber,3673,196383,18.703248244501818,FALSE,NA,NA,NA,NA,NA,NA,NA,NA,NA,NA,NA,NA,NA,NA,NA,NA,NA
2019/20,380,E08000032,E08000032,380,Bradford,Yorkshire and The Humber,4028,196537,20.49486865068664,FALSE,901,NA,0,NA,NA,427,10,NA,NA,47.39178690344062,NA,NA,NA,NA,NA,NA,NA
2020/21,380,E08000032,E08000032,380,Bradford,Yorkshire and The Humber,4659,195696,23.807333823890115,FALSE,792,NA,248,NA,NA,819,67,NA,NA,103.4090909090909,NA,NA,NA,NA,NA,NA,NA
2021/22,380,E08000032,E08000032,380,Bradford,Yorkshire and The Humber,4891,194457,25.15209017931985,FALSE,1070,NA,232,NA,NA,655,40,NA,NA,61.21495327102804,NA,NA,NA,NA,NA,NA,NA
2022/23,380,E08000032,E08000032,380,Bradford,Yorkshire and The Humber,5538,193995,28.54712750328617,FALSE,1464,NA,436,NA,823,796,27,0,96.71931956257595,54.37158469945355,0,0,0.9562841530054644,0,NA,NA,NA
2023/24,380,E08000032,E08000032,380,Bradford,Yorkshire and The Humber,6474,194527,33.28072709700967,FALSE,2307,1348,677,58.43086259211097,1216,1161,55,0,95.47697368421052,50.32509752925878,1.3437364542696142,0.43346337234503685,1.2136974425661031,0.08669267446900737,15.691374078890334,2.4273948851322062,6.077348066298343
2024/25,380,E08000032,E08000032,380,Bradford,Yorkshire and The Humber,7493,195125,38.40102498398462,FALSE,2331,1334,671,57.22865722865723,1410,1340,70,0,95.0354609929078,57.48605748605748,1.6302016302016302,0.858000858000858,1.4586014586014586,0.1716001716001716,15.873015873015873,1.4586014586014586,4.054054054054054
2025/26,380,E08000032,E08000032,380,Bradford,Yorkshire and The Humber,8489,194518,43.64120544114169,TRUE,2070,1288,489,62.22222222222222,1441,1388,53,0,96.32199861207495,67.05314009661836,1.0628019323671498,0.4830917874396135,1.2077294685990339,0.4830917874396135,11.44927536231884,1.4009661835748792,2.9535864978902953
2018/19,304,E09000005,E09000005,304,Brent,London,2173,117753,18.453882279007754,FALSE,NA,NA,NA,NA,NA,NA,NA,NA,NA,NA,NA,NA,NA,NA,NA,NA,NA
2019/20,304,E09000005,E09000005,304,Brent,London,2426,117471,20.651905576695526,FALSE,459,NA,81,NA,NA,353,4,NA,NA,76.90631808278867,NA,NA,NA,NA,NA,NA,NA
2020/21,304,E09000005,E09000005,304,Brent,London,2784,114292,24.358660273684947,FALSE,470,NA,144,NA,NA,385,3,NA,NA,81.91489361702128,NA,NA,NA,NA,NA,NA,NA
2021/22,304,E09000005,E09000005,304,Brent,London,2938,111227,26.414449728932723,FALSE,442,NA,148,NA,NA,335,11,NA,NA,75.7918552036199,NA,NA,NA,NA,NA,NA,NA
2022/23,304,E09000005,E09000005,304,Brent,London,3251,114086,28.496046841856145,FALSE,468,NA,116,NA,330,312,15,3,94.54545454545455,66.66666666666667,0.21367521367521367,0.8547008547008547,0.21367521367521367,0,NA,NA,NA
2023/24,304,E09000005,E09000005,304,Brent,London,3500,117449,29.800168583810844,FALSE,603,384,176,63.681592039801,502,456,19,27,90.83665338645419,75.62189054726367,0.8291873963515755,0.9950248756218906,0,0.6633499170812603,1.658374792703151,2.155887230514096,0
2024/25,304,E09000005,E09000005,304,Brent,London,3791,118032,32.118408567168224,FALSE,705,487,170,69.07801418439716,571,541,20,10,94.7460595446585,76.73758865248227,0.28368794326241137,0.28368794326241137,0.28368794326241137,0.5673758865248227,2.269503546099291,2.5531914893617023,6.25
2025/26,304,E09000005,E09000005,304,Brent,London,4171,118937,35.06898610188587,TRUE,757,495,203,65.38969616908851,539,493,41,5,91.4656771799629,65.12549537648613,1.8494055482166447,0.6605019815059445,0.5284015852047557,2.3778071334214004,6.869220607661823,3.1704095112285335,9.615384615384615
2018/19,846,E06000043,E06000043,846,Brighton and Hove,South East,1486,93077,15.96527606175532,FALSE,NA,NA,NA,NA,NA,NA,NA,NA,NA,NA,NA,NA,NA,NA,NA,NA,NA
2019/20,846,E06000043,E06000043,846,Brighton and Hove,South East,1676,92043,18.20888063187858,FALSE,399,NA,127,NA,NA,241,7,NA,NA,60.40100250626566,NA,NA,NA,NA,NA,NA,NA
2020/21,846,E06000043,E06000043,846,Brighton and Hove,South East,1853,90511,20.4726497331816,FALSE,371,NA,109,NA,NA,264,6,NA,NA,71.15902964959568,NA,NA,NA,NA,NA,NA,NA
2021/22,846,E06000043,E06000043,846,Brighton and Hove,South East,2056,87694,23.445161584601,FALSE,424,NA,106,NA,NA,275,8,NA,NA,64.85849056603773,NA,NA,NA,NA,NA,NA,NA
2022/23,846,E06000043,E06000043,846,Brighton and Hove,South East,2258,89004,25.3696463080311,FALSE,516,NA,144,NA,339,320,19,0,94.3952802359882,62.01550387596899,0.5813953488372093,0.5813953488372093,0.5813953488372093,2.5193798449612403,NA,NA,NA
2023/24,846,E06000043,E06000043,846,Brighton and Hove,South East,2489,90665,27.452710527767053,FALSE,488,222,181,45.49180327868852,364,345,19,0,94.78021978021978,70.69672131147541,1.4344262295081966,1.4344262295081966,0.6147540983606558,2.0491803278688523,6.557377049180328,4.098360655737705,0
2024/25,846,E06000043,E06000043,846,Brighton and Hove,South East,2800,91317,30.66241773163814,FALSE,466,332,134,71.24463519313305,447,444,2,0,99.32885906040268,95.27896995708154,4.506437768240343,2.1459227467811157,2.1459227467811157,0.6437768240343348,5.364806866952789,1.7167381974248928,12
2025/26,846,E06000043,E06000043,846,Brighton and Hove,South East,3193,93895,34.00607061078865,TRUE,733,442,239,60.30013642564802,461,441,20,0,95.66160520607376,60.16371077762619,0.8185538881309686,0.2728512960436562,1.7735334242837653,4.092769440654843,3.956343792633015,1.364256480218281,34.48275862068966
2018/19,801,E06000023,E06000023,801,"Bristol, City of",South West,2280,161959,14.077636932803982,FALSE,NA,NA,NA,NA,NA,NA,NA,NA,NA,NA,NA,NA,NA,NA,NA,NA,NA
2019/20,801,E06000023,E06000023,801,"Bristol, City of",South West,2700,162768,16.58802713063993,FALSE,626,NA,101,NA,NA,410,15,NA,NA,65.49520766773163,NA,NA,NA,NA,NA,NA,NA
2020/21,801,E06000023,E06000023,801,"Bristol, City of",South West,3124,162640,19.208066896212493,FALSE,728,NA,24,NA,NA,735,35,NA,NA,100.96153846153847,NA,NA,NA,NA,NA,NA,NA
2021/22,801,E06000023,E06000023,801,"Bristol, City of",South West,3424,162209,21.108569808087097,FALSE,850,NA,71,NA,NA,579,49,NA,NA,68.11764705882354,NA,NA,NA,NA,NA,NA,NA
2022/23,801,E06000023,E06000023,801,"Bristol, City of",South West,3709,168873,21.963250490013206,FALSE,1001,NA,241,NA,859,806,53,0,93.83003492433062,80.51948051948052,1.998001998001998,1.7982017982017982,2.197802197802198,2.797202797202797,NA,NA,NA
2023/24,801,E06000023,E06000023,801,"Bristol, City of",South West,4382,172400,25.417633410672856,FALSE,1189,862,244,72.49789739276703,808,758,50,0,93.81188118811882,63.751051303616485,1.0933557611438183,0.42052144659377627,0,0,2.607232968881413,0.8410428931875525,6.451612903225806
2024/25,801,E06000023,E06000023,801,"Bristol, City of",South West,4931,175800,28.04891922639363,FALSE,1605,1060,271,66.04361370716511,809,760,49,0,93.94313967861558,47.35202492211838,0.9345794392523364,0.43613707165109034,0.5607476635514018,1.308411214953271,6.043613707165109,1.6822429906542056,12.371134020618557
2025/26,801,E06000023,E06000023,801,"Bristol, City of",South West,5770,178428,32.33797386060483,TRUE,1471,1136,239,77.22637661454793,1176,1044,132,0,88.77551020408163,70.97212780421482,2.379333786539769,1.495581237253569,0.4078857919782461,1.6315431679129844,4.69068660774983,1.4276002719238614,5.797101449275362
2018/19,305,E09000006,E09000006,305,Bromley,London,2202,98104,22.44556796868629,FALSE,NA,NA,NA,NA,NA,NA,NA,NA,NA,NA,NA,NA,NA,NA,NA,NA,NA
2019/20,305,E09000006,E09000006,305,Bromley,London,2482,97524,25.450145605184364,FALSE,722,NA,124,NA,NA,352,77,NA,NA,48.75346260387812,NA,NA,NA,NA,NA,NA,NA
2020/21,305,E09000006,E09000006,305,Bromley,London,2879,97178,29.62604704768569,FALSE,575,NA,133,NA,NA,453,35,NA,NA,78.78260869565217,NA,NA,NA,NA,NA,NA,NA
2021/22,305,E09000006,E09000006,305,Bromley,London,3241,96546,33.56949019120419,FALSE,709,NA,175,NA,NA,476,33,NA,NA,67.13681241184767,NA,NA,NA,NA,NA,NA,NA
2022/23,305,E09000006,E09000006,305,Bromley,London,3578,95853,37.32799182080895,FALSE,940,NA,268,NA,488,450,24,14,92.21311475409836,47.87234042553192,0.7446808510638298,0.5319148936170213,0,0,NA,NA,NA
2023/24,305,E09000006,E09000006,305,Bromley,London,4071,95861,42.467739748177046,FALSE,844,492,319,58.29383886255924,598,580,18,0,96.98996655518394,68.72037914691943,0.5924170616113744,0.11848341232227488,0,0,5.0947867298578196,3.080568720379147,32.55813953488372
2024/25,305,E09000006,E09000006,305,Bromley,London,4395,95919,45.81991054952616,FALSE,1062,670,290,63.088512241054616,799,727,72,0,90.98873591989988,68.45574387947269,0.6591337099811676,1.0357815442561205,0,0,1.60075329566855,5.273069679849341,23.529411764705884
2025/26,305,E09000006,E09000006,305,Bromley,London,4790,95301,50.26180207972634,TRUE,1122,759,296,67.6470588235294,821,756,65,0,92.08282582216809,67.37967914438502,2.049910873440285,1.6042780748663101,1.3368983957219251,0,5.882352941176471,5.614973262032086,24.242424242424242
2018/19,825,E10000002,E06000060,825,Buckinghamshire,South East,4054,164279,24.677530299064397,FALSE,NA,NA,NA,NA,NA,NA,NA,NA,NA,NA,NA,NA,NA,NA,NA,NA,NA
2019/20,825,E10000002,E06000060,825,Buckinghamshire,South East,4595,164636,27.91005612381253,FALSE,940,NA,346,NA,NA,674,10,NA,NA,71.70212765957447,NA,NA,NA,NA,NA,NA,NA
2020/21,825,E06000060,E06000060,825,Buckinghamshire,South East,4910,164713,29.80942609265814,FALSE,940,NA,339,NA,NA,592,6,NA,NA,62.97872340425532,NA,NA,NA,NA,NA,NA,NA
2021/22,825,E06000060,E06000060,825,Buckinghamshire,South East,5415,166200,32.581227436823106,FALSE,1138,NA,359,NA,NA,709,15,NA,NA,62.302284710017574,NA,NA,NA,NA,NA,NA,NA
2022/23,825,E06000060,E06000060,825,Buckinghamshire,South East,5890,167243,35.21821541110839,FALSE,1365,NA,422,NA,763,744,19,0,97.50982961992136,54.505494505494504,0,0.3663003663003663,0,0,NA,NA,NA
2023/24,825,E10000002,E06000060,825,Buckinghamshire,South East,6697,168769,39.68145808768198,FALSE,1577,1010,464,64.04565630944832,955,955,0,0,100,60.55802155992391,0.12682308180088775,0,2.5998731769181993,2.853519340519975,5.326569435637286,3.1071655041217503,14.285714285714286
2024/25,825,E10000002,E06000060,825,Buckinghamshire,South East,7217,170890,42.23184504652115,FALSE,1782,1270,305,71.2682379349046,784,779,5,0,99.36224489795919,43.71492704826038,0.1122334455667789,0.1122334455667789,1.8518518518518519,0.28058361391694725,3.8159371492704826,2.4691358024691357,17.647058823529413
2025/26,825,E10000002,E06000060,825,Buckinghamshire,South East,7629,168237,45.346742987571105,TRUE,1754,1284,302,73.20410490307867,732,725,7,0,99.04371584699453,41.33409350057013,0.05701254275940707,0.17103762827822122,1.710376282782212,0.34207525655644244,2.622576966932725,2.8506271379703536,34.78260869565217
2018/19,351,E08000002,E08000002,351,Bury,North West,1617,59419,27.213517561722682,FALSE,NA,NA,NA,NA,NA,NA,NA,NA,NA,NA,NA,NA,NA,NA,NA,NA,NA
2019/20,351,E08000002,E08000002,351,Bury,North West,1727,59632,28.960960558089617,FALSE,336,NA,89,NA,NA,213,0,NA,NA,63.392857142857146,NA,NA,NA,NA,NA,NA,NA
2020/21,351,E08000002,E08000002,351,Bury,North West,1935,59356,32.599905654019814,FALSE,370,NA,56,NA,NA,302,1,NA,NA,81.62162162162163,NA,NA,NA,NA,NA,NA,NA
2021/22,351,E08000002,E08000002,351,Bury,North West,2087,59362,35.1571712543378,FALSE,477,NA,121,NA,NA,263,12,NA,NA,55.136268343815516,NA,NA,NA,NA,NA,NA,NA
2022/23,351,E08000002,E08000002,351,Bury,North West,2241,59525,37.64804703905922,FALSE,610,NA,140,NA,446,442,4,0,99.10313901345292,72.45901639344262,0,0,0,0,NA,NA,NA
2023/24,351,E08000002,E08000002,351,Bury,North West,2686,59979,44.782340485836706,FALSE,675,418,247,61.925925925925924,457,446,11,0,97.59299781181619,66.07407407407408,0.2962962962962963,0.4444444444444444,0.7407407407407407,1.6296296296296295,5.925925925925926,0.8888888888888888,5
2024/25,351,E08000002,E08000002,351,Bury,North West,2804,60524,46.328729099200324,FALSE,560,358,184,63.92857142857143,357,347,10,0,97.19887955182072,61.964285714285715,0.5357142857142857,0.17857142857142858,0.35714285714285715,0.35714285714285715,14.285714285714286,1.25,2.5
2025/26,351,E08000002,E08000002,351,Bury,North West,3099,59203,52.34532033849636,TRUE,622,400,210,64.30868167202573,460,457,3,0,99.34782608695652,73.47266881028939,0.1607717041800643,0.1607717041800643,1.9292604501607717,2.2508038585209005,12.861736334405144,2.572347266881029,6.25
2018/19,381,E08000033,E08000033,381,Calderdale,Yorkshire and The Humber,1259,62552,20.12725412456836,FALSE,NA,NA,NA,NA,NA,NA,NA,NA,NA,NA,NA,NA,NA,NA,NA,NA,NA
2019/20,381,E08000033,E08000033,381,Calderdale,Yorkshire and The Humber,1363,62409,21.839798746975596,FALSE,269,NA,50,NA,NA,169,2,NA,NA,62.825278810408925,NA,NA,NA,NA,NA,NA,NA
2020/21,381,E08000033,E08000033,381,Calderdale,Yorkshire and The Humber,1524,61697,24.701363113279413,FALSE,271,NA,46,NA,NA,210,0,NA,NA,77.49077490774907,NA,NA,NA,NA,NA,NA,NA
2021/22,381,E08000033,E08000033,381,Calderdale,Yorkshire and The Humber,1714,61513,27.864028741891957,FALSE,352,NA,98,NA,NA,262,8,NA,NA,74.43181818181819,NA,NA,NA,NA,NA,NA,NA
2022/23,381,E08000033,E08000033,381,Calderdale,Yorkshire and The Humber,1901,61475,30.923139487596583,FALSE,447,NA,99,NA,322,317,5,0,98.4472049689441,70.91722595078299,0.22371364653243847,0,0.22371364653243847,0,NA,NA,NA
2023/24,381,E08000033,E08000033,381,Calderdale,Yorkshire and The Humber,2249,61418,36.617929597186496,FALSE,530,454,69,85.66037735849056,466,452,14,0,96.99570815450643,85.28301886792453,0.5660377358490566,0,0.9433962264150944,0,4.339622641509434,0.7547169811320755,8.695652173913043
2024/25,381,E08000033,E08000033,381,Calderdale,Yorkshire and The Humber,2556,61342,41.668025170356366,FALSE,597,469,109,78.55946398659967,490,452,38,0,92.24489795918367,75.71189279731993,2.680067001675042,1.6750418760469012,1.340033500837521,0.16750418760469013,7.872696817420436,1.8425460636515913,12.76595744680851
2025/26,381,E08000033,E08000033,381,Calderdale,Yorkshire and The Humber,2934,60436,48.54722350916672,TRUE,627,510,83,81.33971291866028,514,483,31,0,93.96887159533074,77.03349282296651,2.5518341307814993,0,2.7113237639553427,0,3.0303030303030303,1.2759170653907497,21.05263157894737
2018/19,873,E10000003,E10000003,873,Cambridgeshire,East of England,4198,204404,20.537758556584016,FALSE,NA,NA,NA,NA,NA,NA,NA,NA,NA,NA,NA,NA,NA,NA,NA,NA,NA
2019/20,873,E10000003,E10000003,873,Cambridgeshire,East of England,4690,203072,23.09525685471163,FALSE,1001,NA,217,NA,NA,653,2,NA,NA,65.23476523476523,NA,NA,NA,NA,NA,NA,NA
2020/21,873,E10000003,E10000003,873,Cambridgeshire,East of England,5292,201541,26.257684540614562,FALSE,1042,NA,155,NA,NA,924,11,NA,NA,88.67562380038387,NA,NA,NA,NA,NA,NA,NA
2021/22,873,E10000003,E10000003,873,Cambridgeshire,East of England,6100,203228,30.015549038518316,FALSE,1278,NA,180,NA,NA,913,9,NA,NA,71.43974960876369,NA,NA,NA,NA,NA,NA,NA
2022/23,873,E10000003,E10000003,873,Cambridgeshire,East of England,6972,206696,33.73069628826876,FALSE,1313,NA,188,NA,1182,1139,43,0,96.36209813874788,86.74790555978674,0.913937547600914,0.7616146230007617,2.2848438690022848,3.274942878903275,NA,NA,NA
2023/24,873,E10000003,E10000003,873,Cambridgeshire,East of England,7318,210056,34.83832882659863,FALSE,1702,1237,261,72.6792009400705,1018,967,51,0,94.9901768172888,56.81551116333725,1.1750881316098707,0.7050528789659224,1.7038777908343126,1.645123384253819,5.346650998824912,1.2338425381903644,10.989010989010989
2024/25,873,E10000003,E10000003,873,Cambridgeshire,East of England,8007,212594,37.663339510992785,FALSE,1869,1244,158,66.55965757089352,817,745,72,0,91.18727050183598,39.860888175494914,1.7656500802568218,0.7490636704119851,1.5516318887105405,0.6420545746388443,6.527554842161583,2.0331728196896734,10.655737704918034
2025/26,873,E10000003,E10000003,873,Cambridgeshire,East of England,8619,213957,40.28379534205472,TRUE,1978,1732,142,87.56319514661274,772,702,70,0,90.93264248704664,35.49039433771486,0.7583417593528817,0.15166835187057634,0.8088978766430738,0.6572295247724975,1.7189079878665319,1.6683518705763398,97.05882352941177
2018/19,202,E09000007,E09000007,202,Camden,London,1385,72136,19.199844737717644,FALSE,NA,NA,NA,NA,NA,NA,NA,NA,NA,NA,NA,NA,NA,NA,NA,NA,NA
2019/20,202,E09000007,E09000007,202,Camden,London,1378,71508,19.2705711249091,FALSE,230,NA,0,NA,NA,131,6,NA,NA,56.95652173913044,NA,NA,NA,NA,NA,NA,NA
2020/21,202,E09000007,E09000007,202,Camden,London,1411,69600,20.272988505747126,FALSE,174,NA,0,NA,NA,130,13,NA,NA,74.71264367816092,NA,NA,NA,NA,NA,NA,NA
2021/22,202,E09000007,E09000007,202,Camden,London,1440,68521,21.015455115949855,FALSE,140,NA,31,NA,NA,115,17,NA,NA,82.14285714285714,NA,NA,NA,NA,NA,NA,NA
2022/23,202,E09000007,E09000007,202,Camden,London,1446,74691,19.359762220347832,FALSE,203,NA,30,NA,145,131,14,0,90.34482758620689,64.5320197044335,0,1.477832512315271,0,5.41871921182266,NA,NA,NA
2023/24,202,E09000007,E09000007,202,Camden,London,1532,74987,20.43020790270314,FALSE,236,205,13,86.86440677966101,203,186,17,0,91.6256157635468,78.8135593220339,0.423728813559322,0.847457627118644,0.423728813559322,5.084745762711864,0,1.694915254237288,NA
2024/25,202,E09000007,E09000007,202,Camden,London,1607,74862,21.46616440917956,FALSE,246,219,16,89.02439024390245,213,185,0,15,86.85446009389672,75.20325203252033,0,1.2195121951219512,0.4065040650406504,3.658536585365854,0,2.4390243902439024,NA
2025/26,202,E09000007,E09000007,202,Camden,London,1645,82519,19.934802893878985,TRUE,315,228,46,72.38095238095238,230,207,6,16,90,65.71428571428571,0,0.31746031746031744,0,1.9047619047619047,0,0.9523809523809523,NA
2018/19,823,E06000056,E06000056,823,Central Bedfordshire,East of England,1747,82508,21.173704368061276,FALSE,NA,NA,NA,NA,NA,NA,NA,NA,NA,NA,NA,NA,NA,NA,NA,NA,NA
2019/20,823,E06000056,E06000056,823,Central Bedfordshire,East of England,1833,83595,21.927148752915844,FALSE,375,NA,122,NA,NA,206,4,NA,NA,54.93333333333333,NA,NA,NA,NA,NA,NA,NA
2020/21,823,E06000056,E06000056,823,Central Bedfordshire,East of England,2105,84918,24.78861960950564,FALSE,478,NA,50,NA,NA,324,0,NA,NA,67.78242677824268,NA,NA,NA,NA,NA,NA,NA
2021/22,823,E06000056,E06000056,823,Central Bedfordshire,East of England,2546,86776,29.33990965243846,FALSE,618,NA,25,NA,NA,474,0,NA,NA,76.69902912621359,NA,NA,NA,NA,NA,NA,NA
2022/23,823,E06000056,E06000056,823,Central Bedfordshire,East of England,2919,88515,32.977461447212335,FALSE,736,NA,146,NA,545,537,8,0,98.53211009174312,72.96195652173913,0.1358695652173913,0.2717391304347826,0.2717391304347826,1.358695652173913,NA,NA,NA
2023/24,823,E06000056,E06000056,823,Central Bedfordshire,East of England,3541,90687,39.04639033158005,FALSE,909,682,145,75.02750275027503,772,752,20,0,97.40932642487047,82.72827282728272,1.4301430143014302,0.6600660066006601,0,2.75027502750275,0.44004400440044006,1.87018701870187,25
2024/25,823,E06000056,E06000056,823,Central Bedfordshire,East of England,4035,92330,43.70193869814794,FALSE,944,571,300,60.48728813559322,711,672,39,0,94.51476793248945,71.1864406779661,0.5296610169491526,0.5296610169491526,0.3177966101694915,2.9661016949152543,4.237288135593221,3.0720338983050848,22.5
2025/26,823,E06000056,E06000056,823,Central Bedfordshire,East of England,4357,91966,47.376204249396515,TRUE,826,458,322,55.44794188861985,622,573,49,0,92.12218649517685,69.37046004842615,0.7263922518159807,1.694915254237288,0.36319612590799033,2.0581113801452786,4.600484261501211,4.600484261501211,31.57894736842105
2018/19,895,E06000049,E06000049,895,Cheshire East,North West,2087,105619,19.759702326285993,FALSE,NA,NA,NA,NA,NA,NA,NA,NA,NA,NA,NA,NA,NA,NA,NA,NA,NA
2019/20,895,E06000049,E06000049,895,Cheshire East,North West,2470,105686,23.37111821811782,FALSE,640,NA,106,NA,NA,521,19,NA,NA,81.40625,NA,NA,NA,NA,NA,NA,NA
2020/21,895,E06000049,E06000049,895,Cheshire East,North West,2934,105553,27.796462440669615,FALSE,634,NA,35,NA,NA,639,13,NA,NA,100.78864353312302,NA,NA,NA,NA,NA,NA,NA
2021/22,895,E06000049,E06000049,895,Cheshire East,North West,3412,106835,31.93709926522207,FALSE,881,NA,112,NA,NA,654,20,NA,NA,74.23382519863792,NA,NA,NA,NA,NA,NA,NA
2022/23,895,E06000049,E06000049,895,Cheshire East,North West,4029,108223,37.22868521478799,FALSE,1030,NA,177,NA,820,767,53,0,93.53658536585365,74.46601941747574,0.6796116504854369,0.4854368932038835,0,0.6796116504854369,NA,NA,NA
2023/24,895,E06000049,E06000049,895,Cheshire East,North West,4576,109845,41.6587008967181,FALSE,962,659,256,68.5031185031185,825,742,83,0,89.93939393939394,77.13097713097713,1.4553014553014554,1.4553014553014554,0,2.8066528066528065,15.592515592515593,1.5592515592515592,5.333333333333333
2024/25,895,E06000049,E06000049,895,Cheshire East,North West,4871,110584,44.047963539029155,FALSE,900,640,193,71.11111111111111,623,569,54,0,91.3322632423756,63.22222222222222,5.888888888888889,1,0,2.3333333333333335,14.777777777777779,1.5555555555555556,6.7669172932330826
2025/26,895,E06000049,E06000049,895,Cheshire East,North West,5440,109406,49.723049924135786,TRUE,1065,832,175,78.12206572769954,873,849,24,0,97.2508591065292,79.71830985915493,1.0328638497652582,0.6572769953051644,0,2.816901408450704,6.197183098591549,0.8450704225352113,1.5151515151515151
2018/19,896,E06000050,E06000050,896,Cheshire West and Chester,North West,1857,101394,18.31469317711107,FALSE,NA,NA,NA,NA,NA,NA,NA,NA,NA,NA,NA,NA,NA,NA,NA,NA,NA
2019/20,896,E06000050,E06000050,896,Cheshire West and Chester,North West,2065,101258,20.39345039404294,FALSE,498,NA,141,NA,NA,307,37,NA,NA,61.64658634538153,NA,NA,NA,NA,NA,NA,NA
2020/21,896,E06000050,E06000050,896,Cheshire West and Chester,North West,2289,100567,22.760945439358835,FALSE,486,NA,114,NA,NA,259,12,NA,NA,53.29218106995885,NA,NA,NA,NA,NA,NA,NA
2021/22,896,E06000050,E06000050,896,Cheshire West and Chester,North West,2588,100082,25.858795787454287,FALSE,651,NA,222,NA,NA,426,11,NA,NA,65.43778801843318,NA,NA,NA,NA,NA,NA,NA
2022/23,896,E06000050,E06000050,896,Cheshire West and Chester,North West,2882,100589,28.651244171827933,FALSE,856,NA,320,NA,480,471,9,0,98.125,55.02336448598131,0.11682242990654206,0.11682242990654206,0.35046728971962615,0.7009345794392523,NA,NA,NA
2023/24,896,E06000050,E06000050,896,Cheshire West and Chester,North West,3339,101307,32.95922295596553,FALSE,953,572,360,60.020986358866736,664,633,31,0,95.33132530120481,66.4218258132214,2.728226652675761,2.0986358866736623,0,0,9.548793284365162,0.3147953830010493,3.2967032967032965
2024/25,896,E06000050,E06000050,896,Cheshire West and Chester,North West,3808,102084,37.30261353395243,FALSE,1066,592,421,55.53470919324578,652,597,55,0,91.56441717791411,56.00375234521576,3.0018761726078798,0.18761726078799248,4.409005628517824,1.2195121951219512,15.103189493433396,2.25140712945591,4.968944099378882
2025/26,896,E06000050,E06000050,896,Cheshire West and Chester,North West,4395,101672,43.22724053820127,TRUE,1029,567,417,55.10204081632653,902,839,63,0,93.01552106430155,81.5354713313897,3.206997084548105,0.19436345966958213,0,0.09718172983479106,12.536443148688047,1.1661807580174928,5.426356589147287
2018/19,201,E09000001,E09000001,201,City of London,London,14,1905,7.349081364829396,FALSE,NA,NA,NA,NA,NA,NA,NA,NA,NA,NA,NA,NA,NA,NA,NA,NA,NA
2019/20,201,E09000001,E09000001,201,City of London,London,18,2129,8.454673555659934,FALSE,8,NA,3,NA,NA,2,0,NA,NA,25,NA,NA,NA,NA,NA,NA,NA
2020/21,201,E09000001,E09000001,201,City of London,London,20,1840,10.869565217391305,FALSE,5,NA,1,NA,NA,3,1,NA,NA,60,NA,NA,NA,NA,NA,NA,NA
2021/22,201,E09000001,E09000001,201,City of London,London,19,2023,9.391992090954028,FALSE,1,NA,1,NA,NA,1,0,NA,NA,100,NA,NA,NA,NA,NA,NA,NA
2022/23,201,E09000001,E09000001,201,City of London,London,21,3299,6.365565322825098,FALSE,11,NA,1,NA,3,3,0,0,100,27.272727272727273,0,9.090909090909092,0,0,NA,NA,NA
2023/24,201,E09000001,E09000001,201,City of London,London,24,3885,6.177606177606178,FALSE,2,2,0,100,5,5,0,0,100,250,0,0,0,0,0,0,NA
2024/25,201,E09000001,E09000001,201,City of London,London,26,3832,6.784968684759917,FALSE,5,5,0,100,5,5,0,0,100,100,0,0,0,0,0,0,NA
2025/26,201,E09000001,E09000001,201,City of London,London,26,4541,5.725611098876899,TRUE,5,4,1,80,5,5,0,0,100,100,0,0,0,0,0,0,NA
2018/19,908,E06000052,E06000052,908,Cornwall,South West,2814,152323,18.473900855419078,FALSE,NA,NA,NA,NA,NA,NA,NA,NA,NA,NA,NA,NA,NA,NA,NA,NA,NA
2019/20,908,E06000052,E06000052,908,Cornwall,South West,3065,151497,20.231423724562205,FALSE,640,NA,135,NA,NA,433,6,NA,NA,67.65625,NA,NA,NA,NA,NA,NA,NA
2020/21,908,E06000052,E06000052,908,Cornwall,South West,3324,150243,22.124158862642517,FALSE,718,NA,139,NA,NA,401,4,NA,NA,55.84958217270195,NA,NA,NA,NA,NA,NA,NA
2021/22,908,E06000052,E06000052,908,Cornwall,South West,3770,150553,25.04101545635092,FALSE,626,NA,165,NA,NA,449,0,NA,NA,71.72523961661342,NA,NA,NA,NA,NA,NA,NA
2022/23,908,E06000052,E06000052,908,Cornwall,South West,3871,150434,25.73221479186886,FALSE,927,NA,248,NA,410,404,0,6,98.53658536585365,43.581445523193096,0,0.32362459546925565,0,0.21574973031283712,NA,NA,NA
2023/24,908,E06000052,E06000052,908,Cornwall,South West,4163,150236,27.7097366809553,FALSE,1173,676,321,57.630008525149194,570,549,0,21,96.3157894736842,46.80306905370844,0,0.8525149190110827,0,0.17050298380221654,2.0460358056265986,1.0230179028132993,25
2024/25,908,E06000052,E06000052,908,Cornwall,South West,4949,150161,32.957958457921826,FALSE,1351,921,305,68.17172464840858,955,938,0,17,98.21989528795811,69.43005181347151,0.29607698001480387,0.29607698001480387,0.14803849000740193,1.702442635085122,0.07401924500370097,4.66321243523316,0
2025/26,908,E06000052,E06000052,908,Cornwall,South West,5575,152925,36.455778976622526,TRUE,1544,812,484,52.590673575129536,856,847,9,0,98.94859813084112,54.85751295336787,0,0.06476683937823834,0,0.7124352331606217,0,2.784974093264249,NA
2018/19,840,E06000047,E06000047,840,County Durham,North East,3240,151616,21.369776276910088,FALSE,NA,NA,NA,NA,NA,NA,NA,NA,NA,NA,NA,NA,NA,NA,NA,NA,NA
2019/20,840,E06000047,E06000047,840,County Durham,North East,3442,151479,22.72262161751794,FALSE,574,NA,293,NA,NA,336,20,NA,NA,58.53658536585366,NA,NA,NA,NA,NA,NA,NA
2020/21,840,E06000047,E06000047,840,County Durham,North East,3628,151441,23.95652432300368,FALSE,675,NA,230,NA,NA,399,16,NA,NA,59.111111111111114,NA,NA,NA,NA,NA,NA,NA
2021/22,840,E06000047,E06000047,840,County Durham,North East,3975,151430,26.249752360826786,FALSE,673,NA,135,NA,NA,519,19,NA,NA,77.11738484398217,NA,NA,NA,NA,NA,NA,NA
2022/23,840,E06000047,E06000047,840,County Durham,North East,4224,154859,27.276425651721887,FALSE,965,NA,112,NA,640,603,37,0,94.21875,62.487046632124354,2.383419689119171,4.041450777202073,0,0,NA,NA,NA
2023/24,840,E06000047,E06000047,840,County Durham,North East,4501,157098,28.65090580402042,FALSE,1042,738,271,70.82533589251439,633,578,45,10,91.31121642969984,55.47024952015355,1.1516314779270633,1.1516314779270633,0,0,6.429942418426104,0.6717850287907869,5.970149253731344
2024/25,840,E06000047,E06000047,840,County Durham,North East,5390,157519,34.21809432512903,FALSE,1009,621,316,61.54608523290386,1109,1062,47,0,95.7619477006312,105.25272547076314,0.6937561942517344,0.5946481665014867,6.045589692765114,12.88404360753221,15.361744301288404,6.442021803766105,35.483870967741936
2025/26,840,E06000047,E06000047,840,County Durham,North East,5776,159774,36.15106337702004,TRUE,1157,635,394,54.883318928262746,866,843,23,0,97.34411085450347,72.8608470181504,0.25929127052722556,0.17286084701815038,3.3707865168539324,10.8038029386344,14.433880726015557,6.309420916162489,38.92215568862275
2018/19,331,E08000026,E08000026,331,Coventry,West Midlands,2084,127492,16.346123678348444,FALSE,NA,NA,NA,NA,NA,NA,NA,NA,NA,NA,NA,NA,NA,NA,NA,NA,NA
2019/20,331,E08000026,E08000026,331,Coventry,West Midlands,2145,127239,16.858038808855778,FALSE,439,NA,132,NA,NA,272,8,NA,NA,61.958997722095674,NA,NA,NA,NA,NA,NA,NA
2020/21,331,E08000026,E08000026,331,Coventry,West Midlands,2344,127163,18.433034766402177,FALSE,480,NA,105,NA,NA,382,6,NA,NA,79.58333333333333,NA,NA,NA,NA,NA,NA,NA
2021/22,331,E08000026,E08000026,331,Coventry,West Midlands,2572,124822,20.605342007017992,FALSE,532,NA,120,NA,NA,354,5,NA,NA,66.54135338345864,NA,NA,NA,NA,NA,NA,NA
2022/23,331,E08000026,E08000026,331,Coventry,West Midlands,2705,128296,21.08405562137557,FALSE,699,NA,175,NA,373,367,6,0,98.39142091152814,52.5035765379113,0,0,0.2861230329041488,2.2889842632331905,NA,NA,NA
2023/24,331,E08000026,E08000026,331,Coventry,West Midlands,3062,130620,23.442045628540804,FALSE,924,535,230,57.900432900432904,549,546,3,0,99.4535519125683,59.09090909090909,0,0.10822510822510822,0,0.3246753246753247,0.974025974025974,0.974025974025974,11.11111111111111
2024/25,331,E08000026,E08000026,331,Coventry,West Midlands,3477,133930,25.961323079220488,FALSE,1144,639,288,55.85664335664335,695,693,2,0,99.71223021582733,60.57692307692308,0.17482517482517482,0.08741258741258741,0.34965034965034963,0.26223776223776224,4.9825174825174825,3.1468531468531467,10.526315789473685
2025/26,331,E08000026,E08000026,331,Coventry,West Midlands,3914,142643,27.439131257755374,TRUE,1156,623,315,53.89273356401384,614,611,3,0,99.51140065146579,52.85467128027682,0.08650519031141868,0.08650519031141868,0.43252595155709345,0.7785467128027682,6.6608996539792384,2.2491349480968856,7.792207792207792
2018/19,306,E09000008,E09000008,306,Croydon,London,2999,126519,23.703949604407242,FALSE,NA,NA,NA,NA,NA,NA,NA,NA,NA,NA,NA,NA,NA,NA,NA,NA,NA
2019/20,306,E09000008,E09000008,306,Croydon,London,3161,126979,24.89388009040865,FALSE,588,NA,155,NA,NA,324,15,NA,NA,55.10204081632653,NA,NA,NA,NA,NA,NA,NA
2020/21,306,E09000008,E09000008,306,Croydon,London,3394,126090,26.917281307002934,FALSE,530,NA,137,NA,NA,377,3,NA,NA,71.13207547169812,NA,NA,NA,NA,NA,NA,NA
2021/22,306,E09000008,E09000008,306,Croydon,London,3556,124773,28.49975555608986,FALSE,646,NA,109,NA,NA,316,1,NA,NA,48.916408668730654,NA,NA,NA,NA,NA,NA,NA
2022/23,306,E09000008,E09000008,306,Croydon,London,4018,124804,32.19448094612353,FALSE,801,NA,171,NA,614,611,3,0,99.51140065146579,76.2796504369538,0.12484394506866417,0.12484394506866417,1.1235955056179776,1.8726591760299625,NA,NA,NA
2023/24,306,E09000008,E09000008,306,Croydon,London,4556,126906,35.90058783666651,FALSE,920,653,170,70.97826086956522,697,693,4,0,99.4261119081779,75.32608695652173,0.10869565217391304,0,1.1956521739130435,1.3043478260869565,3.0434782608695654,2.391304347826087,21.428571428571427
2024/25,306,E09000008,E09000008,306,Croydon,London,5232,127831,40.92903912196572,FALSE,1174,872,178,74.27597955706985,956,944,1,11,98.74476987447699,80.40885860306643,0.08517887563884156,0,2.299829642248722,1.5332197614991483,5.025553662691652,1.7035775127768313,32.20338983050848
2025/26,306,E09000008,E09000008,306,Croydon,London,5926,124863,47.46001617773079,TRUE,1367,1018,182,74.46964155084126,1072,1054,5,13,98.32089552238806,77.10314557425018,0.07315288953913679,0.07315288953913679,2.267739575713241,1.1704462326261886,2.267739575713241,0.731528895391368,25.806451612903224
2023/24,942,E06000063,E06000063,942,Cumberland,North West,2656,72217,36.7780439508703,FALSE,551,400,129,72.59528130671507,423,402,21,0,95.0354609929078,72.95825771324864,0.9074410163339383,0,0.7259528130671506,0.3629764065335753,3.0852994555353903,0.7259528130671506,5.882352941176471
2024/25,942,E06000063,E06000063,942,Cumberland,North West,2893,72397,39.960219346105504,FALSE,718,412,278,57.381615598885794,427,412,15,0,96.48711943793911,57.381615598885794,0.9749303621169917,0.4178272980501393,0.5571030640668524,0.4178272980501393,7.242339832869081,2.2284122562674096,5.769230769230769
2025/26,942,E06000063,E06000063,942,Cumberland,North West,3088,70875,43.56966490299824,TRUE,673,390,246,57.949479940564636,345,328,17,0,95.07246376811594,48.736998514115896,0.4457652303120357,0.2971768202080238,0.5943536404160475,0,8.915304606240714,0.4457652303120357,0
2018/19,909,E10000006,E10000006,909,Cumbria,North West,3173,131438,24.140659474429008,FALSE,NA,NA,NA,NA,NA,NA,NA,NA,NA,NA,NA,NA,NA,NA,NA,NA,NA
2019/20,909,E10000006,E10000006,909,Cumbria,North West,3495,129884,26.90862615872625,FALSE,724,NA,129,NA,NA,507,13,NA,NA,70.02762430939227,NA,NA,NA,NA,NA,NA,NA
2020/21,909,E10000006,E10000006,909,Cumbria,North West,3887,128406,30.271171129074965,FALSE,627,NA,127,NA,NA,503,5,NA,NA,80.22328548644339,NA,NA,NA,NA,NA,NA,NA
2021/22,909,E10000006,E10000006,909,Cumbria,North West,4292,128158,33.48991089124362,FALSE,717,NA,85,NA,NA,584,30,NA,NA,81.45048814504881,NA,NA,NA,NA,NA,NA,NA
2022/23,909,E10000006,E10000006,909,Cumbria,North West,4489,127328,35.25540336768032,FALSE,783,NA,106,NA,544,521,23,0,95.7720588235294,66.5389527458493,0.6385696040868455,0.2554278416347382,0.1277139208173691,0.2554278416347382,NA,NA,NA
2018/19,841,E06000005,E06000005,841,Darlington,North East,741,31020,23.887814313346226,FALSE,NA,NA,NA,NA,NA,NA,NA,NA,NA,NA,NA,NA,NA,NA,NA,NA,NA
2019/20,841,E06000005,E06000005,841,Darlington,North East,792,30894,25.636045834142553,FALSE,135,NA,26,NA,NA,86,17,NA,NA,63.7037037037037,NA,NA,NA,NA,NA,NA,NA
2020/21,841,E06000005,E06000005,841,Darlington,North East,795,30720,25.87890625,FALSE,117,NA,0,NA,NA,67,3,NA,NA,57.26495726495727,NA,NA,NA,NA,NA,NA,NA
2021/22,841,E06000005,E06000005,841,Darlington,North East,848,30986,27.367198089459755,FALSE,154,NA,30,NA,NA,109,4,NA,NA,70.77922077922078,NA,NA,NA,NA,NA,NA,NA
2022/23,841,E06000005,E06000005,841,Darlington,North East,911,30906,29.476477059470653,FALSE,202,NA,2,NA,135,129,6,0,95.55555555555556,63.86138613861386,0,0,0.9900990099009901,0,NA,NA,NA
2023/24,841,E06000005,E06000005,841,Darlington,North East,1026,30997,33.099977417169406,FALSE,226,183,26,80.97345132743362,192,190,2,0,98.95833333333333,84.070796460177,1.7699115044247788,0,0.8849557522123894,0,6.6371681415929205,1.7699115044247788,6.666666666666667
2024/25,841,E06000005,E06000005,841,Darlington,North East,1122,31137,36.03430002890452,FALSE,245,175,58,71.42857142857143,210,208,2,0,99.04761904761905,84.89795918367346,2.4489795918367347,0,2.4489795918367347,1.2244897959183674,14.693877551020408,0,0
2025/26,841,E06000005,E06000005,841,Darlington,North East,1227,30825,39.805352798053526,TRUE,285,174,109,61.05263157894737,189,180,9,0,95.23809523809524,63.1578947368421,2.456140350877193,0,1.7543859649122806,0.3508771929824561,25.964912280701753,0,0
2018/19,831,E06000015,E06000015,831,Derby,East Midlands,1895,90253,20.99653197123641,FALSE,NA,NA,NA,NA,NA,NA,NA,NA,NA,NA,NA,NA,NA,NA,NA,NA,NA
2019/20,831,E06000015,E06000015,831,Derby,East Midlands,2298,89882,25.566854320108586,FALSE,505,NA,62,NA,NA,251,35,NA,NA,49.7029702970297,NA,NA,NA,NA,NA,NA,NA
2020/21,831,E06000015,E06000015,831,Derby,East Midlands,2613,88795,29.42733262007996,FALSE,442,NA,32,NA,NA,324,66,NA,NA,73.303167420814475,NA,NA,NA,NA,NA,NA,NA
2021/22,831,E06000015,E06000015,831,Derby,East Midlands,2900,87170,33.268326259034076,FALSE,531,NA,86,NA,NA,459,56,NA,NA,86.44067796610169,NA,NA,NA,NA,NA,NA,NA
2022/23,831,E06000015,E06000015,831,Derby,East Midlands,3301,87899,37.55446592111401,FALSE,620,NA,150,NA,388,351,37,0,90.4639175257732,56.61290322580645,0.4838709677419355,0.4838709677419355,0,2.4193548387096775,NA,NA,NA
2023/24,831,E06000015,E06000015,831,Derby,East Midlands,3564,88920,40.08097165991903,FALSE,775,443,183,57.16129032258065,613,557,56,0,90.86460032626428,71.87096774193549,1.2903225806451613,1.935483870967742,0.3870967741935484,0.5161290322580645,1.1612903225806452,2.7096774193548385,11.11111111111111
2024/25,831,E06000015,E06000015,831,Derby,East Midlands,3735,89955,41.5207603801901,FALSE,769,436,300,56.69700910273082,573,472,101,0,82.37347294938918,61.378413524057216,0.9102730819245773,3.6410923276983094,0.13003901170351106,0.5201560468140443,2.4707412223667102,8.842652795838752,10.526315789473685
2025/26,831,E06000015,E06000015,831,Derby,East Midlands,3734,89704,41.625791492018195,TRUE,708,359,291,50.706214689265536,747,618,129,0,82.73092369477912,87.28813559322033,2.401129943502825,5.2259887005649714,0,0.5649717514124294,2.824858757062147,6.3559322033898304,10
2018/19,830,E10000007,E10000007,830,Derbyshire,East Midlands,3449,214653,16.067793135898405,FALSE,NA,NA,NA,NA,NA,NA,NA,NA,NA,NA,NA,NA,NA,NA,NA,NA,NA
2019/20,830,E10000007,E10000007,830,Derbyshire,East Midlands,3646,213525,17.075283924598995,FALSE,705,NA,269,NA,NA,519,28,NA,NA,73.61702127659575,NA,NA,NA,NA,NA,NA,NA
2020/21,830,E10000007,E10000007,830,Derbyshire,East Midlands,4001,212168,18.857697673541722,FALSE,674,NA,187,NA,NA,686,10,NA,NA,101.78041543026706,NA,NA,NA,NA,NA,NA,NA
2021/22,830,E10000007,E10000007,830,Derbyshire,East Midlands,4562,212490,21.46924561155819,FALSE,985,NA,280,NA,NA,763,17,NA,NA,77.46192893401015,NA,NA,NA,NA,NA,NA,NA
2022/23,830,E10000007,E10000007,830,Derbyshire,East Midlands,5024,212075,23.689732405988448,FALSE,1488,NA,314,NA,587,583,2,2,99.31856899488926,39.18010752688172,0.4032258064516129,0.26881720430107525,0.6048387096774194,1.3440860215053763,NA,NA,NA
2023/24,830,E10000007,E10000007,830,Derbyshire,East Midlands,6354,213054,29.82342504717114,FALSE,2017,1528,301,75.75607337630144,1440,1418,3,19,98.47222222222223,70.30242935052057,0.5453644025780863,0.44620723847297966,5.503222607833416,4.4620723847297965,5.4536440257808625,3.4209221616261773,26.363636363636363
2024/25,830,E10000007,E10000007,830,Derbyshire,East Midlands,7625,213621,35.694056295963414,FALSE,2713,1514,805,55.80538149649834,1555,1374,167,14,88.36012861736334,50.64504238849982,1.1426465167711022,1.363803907113896,1.1795060818282344,3.6859565057132326,3.7596756358274974,7.150755621083671,92.15686274509804
2025/26,830,E10000007,E10000007,830,Derbyshire,East Midlands,9022,211974,42.56182361987791,TRUE,2682,1291,1352,48.13571961222968,1717,1579,138,0,91.96272568433314,58.873974645786724,1.5659955257270695,2.460850111856823,0.8575689783743475,2.796420581655481,9.321401938851603,12.490678598061148,48.8
2018/19,878,E10000008,E10000008,878,Devon,South West,5162,213998,24.121720763745454,FALSE,NA,NA,NA,NA,NA,NA,NA,NA,NA,NA,NA,NA,NA,NA,NA,NA,NA
2019/20,878,E10000008,E10000008,878,Devon,South West,6474,214185,30.226206316968973,FALSE,1666,NA,236,NA,NA,1435,48,NA,NA,86.1344537815126,NA,NA,NA,NA,NA,NA,NA
2020/21,878,E10000008,E10000008,878,Devon,South West,7295,214008,34.08751074726178,FALSE,1693,NA,466,NA,NA,1336,43,NA,NA,78.91317188422919,NA,NA,NA,NA,NA,NA,NA
2021/22,878,E10000008,E10000008,878,Devon,South West,7926,216730,36.5708485212015,FALSE,1745,NA,385,NA,NA,914,46,NA,NA,52.378223495702,NA,NA,NA,NA,NA,NA,NA
2022/23,878,E10000008,E10000008,878,Devon,South West,8400,219902,38.19883402606616,FALSE,2017,NA,707,NA,1068,932,136,0,87.26591760299625,46.207238472979675,1.9335647000495786,1.5865146256817055,1.2394645513138325,1.685671789786812,NA,NA,NA
2023/24,878,E10000008,E10000008,878,Devon,South West,8873,220279,40.280734886212485,FALSE,2148,1292,753,60.14897579143389,1347,1059,288,0,78.61915367483296,49.30167597765363,3.538175046554935,2.9329608938547485,1.5363128491620113,0.27932960893854747,4.888268156424581,3.0726256983240225,23.80952380952381
2024/25,878,E10000008,E10000008,878,Devon,South West,9848,222260,44.308467560514714,FALSE,2265,1326,819,58.54304635761589,1617,1399,218,0,86.5182436611008,61.76600441501104,2.119205298013245,2.384105960264901,0.7064017660044151,0.26490066225165565,5.033112582781457,3.2229580573951435,25.43859649122807
2025/26,878,E10000008,E10000008,878,Devon,South West,10340,221765,46.62593285685297,TRUE,2329,983,1223,42.206955775010734,1273,1153,120,0,90.57344854673998,49.50622584800343,0.8587376556462001,0.9016745384285101,0.47230571060541005,0.21468441391155002,10.218978102189782,7.513954486904251,25.630252100840337
2018/19,371,E08000017,E08000017,371,Doncaster,Yorkshire and The Humber,1855,91838,20.198610596920666,FALSE,NA,NA,NA,NA,NA,NA,NA,NA,NA,NA,NA,NA,NA,NA,NA,NA,NA
2019/20,371,E08000017,E08000017,371,Doncaster,Yorkshire and The Humber,2004,90982,22.0263348794267,FALSE,409,NA,161,NA,NA,218,2,NA,NA,53.30073349633252,NA,NA,NA,NA,NA,NA,NA
2020/21,371,E08000017,E08000017,371,Doncaster,Yorkshire and The Humber,2245,90078,24.922844645751457,FALSE,398,NA,118,NA,NA,273,8,NA,NA,68.5929648241206,NA,NA,NA,NA,NA,NA,NA
2021/22,371,E08000017,E08000017,371,Doncaster,Yorkshire and The Humber,2385,89824,26.551923762023513,FALSE,427,NA,142,NA,NA,277,7,NA,NA,64.8711943793911,NA,NA,NA,NA,NA,NA,NA
2022/23,371,E08000017,E08000017,371,Doncaster,Yorkshire and The Humber,2435,90380,26.941801283469793,FALSE,516,NA,179,NA,316,303,13,0,95.88607594936708,58.72093023255814,0.7751937984496124,0,0,0,NA,NA,NA
2023/24,371,E08000017,E08000017,371,Doncaster,Yorkshire and The Humber,2646,91312,28.97757140353951,FALSE,703,411,248,58.46372688477952,482,457,25,0,94.81327800829875,65.00711237553342,0.8534850640113798,0.2844950213371266,0.1422475106685633,2.1337126600284493,4.836415362731152,0.4267425320056899,5.882352941176471
2024/25,371,E08000017,E08000017,371,Doncaster,Yorkshire and The Humber,3142,92467,33.97969005158597,FALSE,795,438,326,55.094339622641506,507,477,30,0,94.0828402366864,60,0.8805031446540881,0.12578616352201258,0,0,8.176100628930818,0.25157232704402516,0
2025/26,371,E08000017,E08000017,371,Doncaster,Yorkshire and The Humber,3336,90164,36.999245818730316,TRUE,825,407,374,49.333333333333336,414,382,32,0,92.27053140096618,46.303030303030305,1.0909090909090908,0.48484848484848486,0,0,6.303030303030303,1.696969696969697,11.538461538461538
2018/19,835,E10000009,E06000059,835,Dorset,South West,2392,93053,25.70578057666061,FALSE,NA,NA,NA,NA,NA,NA,NA,NA,NA,NA,NA,NA,NA,NA,NA,NA,NA
2019/20,838,E06000059,E06000059,838,Dorset,South West,2534,92589,27.368261888561275,FALSE,688,NA,37,NA,NA,532,90,NA,NA,77.32558139534883,NA,NA,NA,NA,NA,NA,NA
2020/21,838,E06000059,E06000059,838,Dorset,South West,2957,91623,32.27355576656516,FALSE,581,NA,79,NA,NA,467,94,NA,NA,80.37865748709122,NA,NA,NA,NA,NA,NA,NA
2021/22,838,E06000059,E06000059,838,Dorset,South West,3233,91941,35.16385508097584,FALSE,662,NA,142,NA,NA,415,78,NA,NA,62.68882175226586,NA,NA,NA,NA,NA,NA,NA
2022/23,838,E06000059,E06000059,838,Dorset,South West,3653,91109,40.09483146560713,FALSE,726,NA,132,NA,555,506,49,0,91.17117117117117,69.6969696969697,1.2396694214876034,3.994490358126722,0.5509641873278237,3.994490358126722,NA,NA,NA
2023/24,838,E06000059,E06000059,838,Dorset,South West,3916,90711,43.17006757725083,FALSE,837,620,189,74.07407407407408,649,585,64,0,90.13867488443759,69.89247311827957,0.7168458781362007,0.5973715651135006,0.23894862604540024,0.5973715651135006,1.075268817204301,0.23894862604540024,0
2024/25,838,E06000059,E06000059,838,Dorset,South West,4333,91153,47.53546235450287,FALSE,881,661,175,75.02837684449489,685,614,71,0,89.63503649635037,69.69353007945516,1.362088535754824,0.5675368898978433,0.9080590238365494,0.7945516458569807,2.6106696935300793,1.1350737797956867,4.3478260869565215
2025/26,838,E06000059,E06000059,838,Dorset,South West,4719,89081,52.97425938191085,TRUE,1021,794,177,77.76689520078355,623,539,84,0,86.51685393258427,52.79138099902057,1.762977473065622,1.0773751224289911,0,0,3.721841332027424,2.2526934378060726,39.473684210526315
2018/19,332,E08000027,E08000027,332,Dudley,West Midlands,1926,96331,19.993563857948118,FALSE,NA,NA,NA,NA,NA,NA,NA,NA,NA,NA,NA,NA,NA,NA,NA,NA,NA
2019/20,332,E08000027,E08000027,332,Dudley,West Midlands,2340,96197,24.325082902793227,FALSE,493,NA,2,NA,NA,444,4,NA,NA,90.06085192697769,NA,NA,NA,NA,NA,NA,NA
2020/21,332,E08000027,E08000027,332,Dudley,West Midlands,2730,95831,28.48765013409022,FALSE,463,NA,19,NA,NA,440,63,NA,NA,95.03239740820734,NA,NA,NA,NA,NA,NA,NA
2021/22,332,E08000027,E08000027,332,Dudley,West Midlands,3035,95926,31.638971707357758,FALSE,474,NA,24,NA,NA,414,83,NA,NA,87.34177215189874,NA,NA,NA,NA,NA,NA,NA
2022/23,332,E08000027,E08000027,332,Dudley,West Midlands,3366,96149,35.00816441148634,FALSE,709,NA,71,NA,499,419,73,7,83.96793587174349,59.09732016925247,1.4104372355430184,1.9746121297602257,0,2.1156558533145273,NA,NA,NA
2023/24,332,E08000027,E08000027,332,Dudley,West Midlands,3628,96848,37.46076325788865,FALSE,608,436,146,71.71052631578948,505,418,76,11,82.77227722772277,68.75,3.6184210526315788,1.8092105263157894,0.4934210526315789,3.4539473684210527,5.2631578947368425,2.3026315789473686,15.625
2024/25,332,E08000027,E08000027,332,Dudley,West Midlands,3805,97944,38.84872988646573,FALSE,888,601,181,67.68018018018019,638,521,98,19,81.6614420062696,58.671171171171174,2.364864864864865,1.9144144144144144,0.5630630630630631,3.490990990990991,2.364864864864865,1.6891891891891893,23.80952380952381
2025/26,332,E08000027,E08000027,332,Dudley,West Midlands,4151,96463,43.03204337414345,TRUE,953,651,213,68.3105981112277,548,448,93,7,81.75182481751825,47.009443861490034,1.0493179433368311,0.8394543546694648,0,3.3578174186778593,2.4134312696747116,1.3641133263378804,17.391304347826086
2018/19,307,E09000009,E09000009,307,Ealing,London,2551,119085,21.42167359449133,FALSE,NA,NA,NA,NA,NA,NA,NA,NA,NA,NA,NA,NA,NA,NA,NA,NA,NA
2019/20,307,E09000009,E09000009,307,Ealing,London,2679,119572,22.404910848693675,FALSE,485,NA,116,NA,NA,354,35,NA,NA,72.98969072164948,NA,NA,NA,NA,NA,NA,NA
2020/21,307,E09000009,E09000009,307,Ealing,London,2956,117965,25.05827999830458,FALSE,497,NA,102,NA,NA,475,7,NA,NA,95.57344064386318,NA,NA,NA,NA,NA,NA,NA
2021/22,307,E09000009,E09000009,307,Ealing,London,3119,117036,26.649919682832632,FALSE,609,NA,179,NA,NA,347,7,NA,NA,56.97865353037767,NA,NA,NA,NA,NA,NA,NA
2022/23,307,E09000009,E09000009,307,Ealing,London,3445,118707,29.02103498529994,FALSE,669,NA,145,NA,488,473,12,3,96.92622950819673,70.70254110612855,0.29895366218236175,0.29895366218236175,0.29895366218236175,1.345291479820628,NA,NA,NA
2023/24,307,E09000009,E09000009,307,Ealing,London,3720,122607,30.34084513934767,FALSE,857,505,247,58.92648774795799,638,614,9,15,96.23824451410658,71.64527421236873,0,0.23337222870478413,0,1.1668611435239207,0.5834305717619603,1.5169194865810969,0
2024/25,307,E09000009,E09000009,307,Ealing,London,4040,123817,32.62879895329397,FALSE,840,595,177,70.83333333333333,558,539,18,0,96.59498207885305,64.16666666666667,0.35714285714285715,0.23809523809523808,0.35714285714285715,0.7142857142857143,1.7857142857142858,3.2142857142857144,33.333333333333336
2025/26,307,E09000009,E09000009,307,Ealing,London,4546,121515,37.41101921573468,TRUE,837,666,123,79.56989247311827,789,718,55,16,91.00126742712294,85.78255675029868,0.955794504181601,1.4336917562724014,0.35842293906810035,2.5089605734767026,1.3142174432497014,1.911589008363202,81.81818181818181
2018/19,811,E06000011,E06000011,811,East Riding of Yorkshire,Yorkshire and The Humber,1906,86420,22.05507984262902,FALSE,NA,NA,NA,NA,NA,NA,NA,NA,NA,NA,NA,NA,NA,NA,NA,NA,NA
2019/20,811,E06000011,E06000011,811,East Riding of Yorkshire,Yorkshire and The Humber,2244,85455,26.25943479024048,FALSE,414,NA,35,NA,NA,391,43,NA,NA,94.44444444444444,NA,NA,NA,NA,NA,NA,NA
2020/21,811,E06000011,E06000011,811,East Riding of Yorkshire,Yorkshire and The Humber,2500,85522,29.232244334791048,FALSE,425,NA,53,NA,NA,359,19,NA,NA,84.47058823529412,NA,NA,NA,NA,NA,NA,NA
2021/22,811,E06000011,E06000011,811,East Riding of Yorkshire,Yorkshire and The Humber,2769,85231,32.488179183630365,FALSE,488,NA,76,NA,NA,415,36,NA,NA,85.04098360655738,NA,NA,NA,NA,NA,NA,NA
2022/23,811,E06000011,E06000011,811,East Riding of Yorkshire,Yorkshire and The Humber,3057,85003,35.963436584591136,FALSE,546,NA,95,NA,428,394,34,0,92.05607476635514,72.16117216117216,1.8315018315018314,0.3663003663003663,0,0,NA,NA,NA
2023/24,811,E06000011,E06000011,811,East Riding of Yorkshire,Yorkshire and The Humber,3410,85472,39.89610632721827,FALSE,676,492,144,72.7810650887574,557,514,43,0,92.28007181328546,76.03550295857988,2.514792899408284,0.7396449704142012,0,0,6.8047337278106506,0.2958579881656805,0
2024/25,811,E06000011,E06000011,811,East Riding of Yorkshire,Yorkshire and The Humber,3695,85681,43.125080239493,FALSE,719,399,276,55.49374130737135,520,457,63,0,87.88461538461539,63.56050069541029,4.172461752433936,0.8344923504867872,0.4172461752433936,0.8344923504867872,19.6105702364395,0.5563282336578581,1.4184397163120568
2025/26,811,E06000011,E06000011,811,East Riding of Yorkshire,Yorkshire and The Humber,3917,84206,46.51687528204641,TRUE,642,350,262,54.517133956386296,508,458,50,0,90.15748031496064,71.33956386292834,3.2710280373831777,0.778816199376947,0,0.9345794392523364,20.24922118380062,1.557632398753894,5.384615384615385
2018/19,845,E10000011,E10000011,845,East Sussex,South East,3434,145117,23.66366449141038,FALSE,NA,NA,NA,NA,NA,NA,NA,NA,NA,NA,NA,NA,NA,NA,NA,NA,NA
2019/20,845,E10000011,E10000011,845,East Sussex,South East,3510,143985,24.377539327013228,FALSE,592,NA,283,NA,NA,338,71,NA,NA,57.0945945945946,NA,NA,NA,NA,NA,NA,NA
2020/21,845,E10000011,E10000011,845,East Sussex,South East,3640,142438,25.554978306350833,FALSE,577,NA,270,NA,NA,361,67,NA,NA,62.56499133448874,NA,NA,NA,NA,NA,NA,NA
2021/22,845,E10000011,E10000011,845,East Sussex,South East,3914,141518,27.65725914724629,FALSE,698,NA,294,NA,NA,430,67,NA,NA,61.60458452722063,NA,NA,NA,NA,NA,NA,NA
2022/23,845,E10000011,E10000011,845,East Sussex,South East,4264,141233,30.191244255945847,FALSE,900,NA,349,NA,578,538,40,0,93.0795847750865,59.77777777777778,1.3333333333333333,3.111111111111111,0,0,NA,NA,NA
2023/24,845,E10000011,E10000011,845,East Sussex,South East,4529,141699,31.962116881558796,FALSE,1111,593,456,53.375337533753374,655,593,62,0,90.53435114503817,53.375337533753374,1.8901890189018902,2.8802880288028803,1.6201620162016201,3.5103510351035103,10.081008100810081,9.990999099909992,44.642857142857146
2024/25,845,E10000011,E10000011,845,East Sussex,South East,4939,141741,34.84524590626566,FALSE,1107,419,594,37.85004516711834,551,517,34,0,93.82940108892922,46.70280036133695,0.18066847335140018,1.7163504968383017,0.7226738934056007,5.329719963866306,8.672086720867208,16.621499548328817,57.291666666666664
2025/26,845,E10000011,E10000011,845,East Sussex,South East,5243,140607,37.28832846159864,TRUE,1216,581,599,47.7796052631579,527,506,21,0,96.01518026565465,41.61184210526316,0.41118421052631576,1.1513157894736843,1.3157894736842106,3.8651315789473686,11.513157894736842,16.36513157894737,62.142857142857146
2018/19,308,E09000010,E09000010,308,Enfield,London,2465,115736,21.298472385428905,FALSE,NA,NA,NA,NA,NA,NA,NA,NA,NA,NA,NA,NA,NA,NA,NA,NA,NA
2019/20,308,E09000010,E09000010,308,Enfield,London,3057,115815,26.395544618572725,FALSE,830,NA,130,NA,NA,659,11,NA,NA,79.39759036144578,NA,NA,NA,NA,NA,NA,NA
2020/21,308,E09000010,E09000010,308,Enfield,London,3435,114636,29.964409086150948,FALSE,652,NA,187,NA,NA,610,14,NA,NA,93.55828220858896,NA,NA,NA,NA,NA,NA,NA
2021/22,308,E09000010,E09000010,308,Enfield,London,3931,112832,34.83940726035167,FALSE,725,NA,85,NA,NA,639,14,NA,NA,88.13793103448276,NA,NA,NA,NA,NA,NA,NA
2022/23,308,E09000010,E09000010,308,Enfield,London,4566,111679,40.885036578049586,FALSE,741,NA,248,NA,629,570,0,59,90.62003179650239,76.92307692307692,1.484480431848853,0.6747638326585695,0,0,NA,NA,NA
2023/24,308,E09000010,E09000010,308,Enfield,London,4741,111444,42.54154552959334,FALSE,728,497,205,68.26923076923077,521,488,0,33,93.66602687140116,67.03296703296704,0.6868131868131868,0.6868131868131868,0.27472527472527475,0.41208791208791207,1.9230769230769231,2.4725274725274726,100
2024/25,308,E09000010,E09000010,308,Enfield,London,4970,110538,44.961913550091374,FALSE,1023,764,208,74.68230694037146,755,706,44,5,93.50993377483444,69.01270772238514,0.09775171065493646,0.5865102639296188,0.09775171065493646,0,0.2932551319648094,1.1730205278592376,0
2025/26,308,E09000010,E09000010,308,Enfield,London,5055,111198,45.45945070954514,TRUE,1025,759,210,74.04878048780488,781,716,61,4,91.67733674775928,69.85365853658537,0.0975609756097561,2.1463414634146343,0,0.2926829268292683,0.3902439024390244,1.951219512195122,50
2018/19,881,E10000012,E10000012,881,Essex,East of England,8948,435225,20.559480728358896,FALSE,NA,NA,NA,NA,NA,NA,NA,NA,NA,NA,NA,NA,NA,NA,NA,NA,NA
2019/20,881,E10000012,E10000012,881,Essex,East of England,9361,436798,21.43095893296215,FALSE,2291,NA,935,NA,NA,995,17,NA,NA,43.4308162374509,NA,NA,NA,NA,NA,NA,NA
2020/21,881,E10000012,E10000012,881,Essex,East of England,10254,436189,23.50815816079727,FALSE,1868,NA,737,NA,NA,1084,14,NA,NA,58.02997858672377,NA,NA,NA,NA,NA,NA,NA
2021/22,881,E10000012,E10000012,881,Essex,East of England,11092,437589,25.34798635249058,FALSE,2628,NA,1108,NA,NA,1219,33,NA,NA,46.38508371385084,NA,NA,NA,NA,NA,NA,NA
2022/23,881,E10000012,E10000012,881,Essex,East of England,11609,439193,26.432570646617776,FALSE,3155,NA,660,NA,1220,1204,16,0,98.68852459016394,38.16164817749604,0,0.12678288431061807,0.4437400950871632,0,NA,NA,NA
2023/24,881,E10000012,E10000012,881,Essex,East of England,13035,444258,29.341058574071823,FALSE,3891,2255,820,57.95425340529427,1683,1673,10,0,99.4058229352347,42.996658956566435,0.05140066820868671,0.15420200462606015,1.2079157029041379,0.3084040092521203,3.75224877923413,4.086353122590594,20.54794520547945
2024/25,881,E10000012,E10000012,881,Essex,East of England,14240,447360,31.831187410586555,FALSE,4255,2602,852,61.151586368977675,1924,1905,19,0,99.01247401247402,44.770857814336075,0.04700352526439483,0.11750881316098707,0.8930669800235017,0.4700352526439483,1.128084606345476,4.065804935370153,35.416666666666664
2025/26,881,E10000012,E10000012,881,Essex,East of England,15776,447236,35.27444123460544,TRUE,4307,2410,1035,55.95542140701184,2480,2451,29,0,98.83064516129032,56.90736011144648,0.06965405154399815,0.23218017181332715,1.2073368934293012,0.4411423264453216,1.9270954260506152,3.993498955189227,36.144578313253014
2018/19,390,E08000037,E08000037,390,Gateshead,North East,1231,58250,21.13304721030043,FALSE,NA,NA,NA,NA,NA,NA,NA,NA,NA,NA,NA,NA,NA,NA,NA,NA,NA
2019/20,390,E08000037,E08000037,390,Gateshead,North East,1299,56967,22.80267523302965,FALSE,251,NA,59,NA,NA,186,6,NA,NA,74.10358565737052,NA,NA,NA,NA,NA,NA,NA
2020/21,390,E08000037,E08000037,390,Gateshead,North East,1393,56130,24.817388205950472,FALSE,161,NA,43,NA,NA,169,2,NA,NA,104.96894409937889,NA,NA,NA,NA,NA,NA,NA
2021/22,390,E08000037,E08000037,390,Gateshead,North East,1439,55167,26.084434535138758,FALSE,277,NA,50,NA,NA,180,3,NA,NA,64.98194945848375,NA,NA,NA,NA,NA,NA,NA
2022/23,390,E08000037,E08000037,390,Gateshead,North East,1513,56174,26.934168832555986,FALSE,289,NA,77,NA,188,188,0,0,100,65.05190311418686,5.882352941176471,5.190311418685121,0,0,NA,NA,NA
2023/24,390,E08000037,E08000037,390,Gateshead,North East,1686,56658,29.757492322355183,FALSE,430,253,164,58.83720930232558,256,247,9,0,96.484375,57.44186046511628,0.6976744186046512,0.6976744186046512,0,0,16.511627906976745,14.186046511627907,85.91549295774648
2024/25,390,E08000037,E08000037,390,Gateshead,North East,1923,57023,33.72323448433089,FALSE,363,183,118,50.413223140495866,343,332,11,0,96.7930029154519,91.46005509641873,5.785123966942149,5.785123966942149,0,0,12.121212121212121,10.743801652892563,88.63636363636364
2025/26,390,E08000037,E08000037,390,Gateshead,North East,2046,56615,36.13883246489446,TRUE,400,125,198,31.25,258,251,7,0,97.28682170542636,62.75,2.75,4.5,5,6.25,27.75,20.5,66.66666666666667
2018/19,916,E10000013,E10000013,916,Gloucestershire,South West,3658,182110,20.086760748997857,FALSE,NA,NA,NA,NA,NA,NA,NA,NA,NA,NA,NA,NA,NA,NA,NA,NA,NA
2019/20,916,E10000013,E10000013,916,Gloucestershire,South West,3922,181914,21.55963807073672,FALSE,613,NA,25,NA,NA,484,21,NA,NA,78.95595432300163,NA,NA,NA,NA,NA,NA,NA
2020/21,916,E10000013,E10000013,916,Gloucestershire,South West,4332,180951,23.940182701394303,FALSE,700,NA,23,NA,NA,558,20,NA,NA,79.71428571428571,NA,NA,NA,NA,NA,NA,NA
2021/22,916,E10000013,E10000013,916,Gloucestershire,South West,4854,181141,26.796804699101806,FALSE,907,NA,75,NA,NA,582,28,NA,NA,64.16758544652701,NA,NA,NA,NA,NA,NA,NA
2022/23,916,E10000013,E10000013,916,Gloucestershire,South West,5289,181756,29.09945201258831,FALSE,1116,NA,193,NA,994,866,127,0,87.12273641851107,77.59856630824373,3.046594982078853,1.881720430107527,1.4336917562724014,3.4946236559139785,NA,NA,NA
2023/24,916,E10000013,E10000013,916,Gloucestershire,South West,5876,183207,32.0730103107414,FALSE,1436,935,455,65.11142061281338,1003,793,88,1,79.06281156530409,55.22284122562674,2.2284122562674096,1.1142061281337048,1.8105849582172702,3.83008356545961,7.729805013927576,4.108635097493036,14.414414414414415
2024/25,916,E10000013,E10000013,916,Gloucestershire,South West,6412,184548,34.74434835381581,FALSE,1625,1083,457,66.64615384615385,1016,977,39,0,96.16141732283465,60.12307692307692,1.0461538461538462,0.6153846153846154,0.9230769230769231,3.5692307692307694,5.3538461538461535,1.6615384615384616,6.896551724137931
2025/26,916,E10000013,E10000013,916,Gloucestershire,South West,7521,183778,40.92437614948471,TRUE,1734,987,571,56.9204152249135,1367,1327,38,2,97.07388441843453,76.5282583621684,0,1.0380622837370241,3.402537485582468,5.767012687427912,8.996539792387543,3.5178777393310265,2.5641025641025643
2018/19,203,E09000011,E09000011,203,Greenwich,London,1700,97576,17.42231696318767,FALSE,NA,NA,NA,NA,NA,NA,NA,NA,NA,NA,NA,NA,NA,NA,NA,NA,NA
2019/20,203,E09000011,E09000011,203,Greenwich,London,1858,96931,19.168274339478597,FALSE,377,NA,50,NA,NA,227,55,NA,NA,60.212201591511935,NA,NA,NA,NA,NA,NA,NA
2020/21,203,E09000011,E09000011,203,Greenwich,London,1998,95660,20.886472924942503,FALSE,374,NA,26,NA,NA,282,40,NA,NA,75.40106951871658,NA,NA,NA,NA,NA,NA,NA
2021/22,203,E09000011,E09000011,203,Greenwich,London,2180,94851,22.983416094716976,FALSE,431,NA,54,NA,NA,289,37,NA,NA,67.05336426914153,NA,NA,NA,NA,NA,NA,NA
2022/23,203,E09000011,E09000011,203,Greenwich,London,2446,95342,25.655010383671414,FALSE,614,NA,118,NA,472,415,49,8,87.92372881355932,67.58957654723127,2.1172638436482085,0.6514657980456026,1.4657980456026058,0.6514657980456026,NA,NA,NA
2023/24,203,E09000011,E09000011,203,Greenwich,London,2738,95527,28.662053660221716,FALSE,717,535,93,74.61645746164575,451,414,37,0,91.7960088691796,57.74058577405858,1.9525801952580195,1.5341701534170153,0.1394700139470014,1.8131101813110182,2.6499302649930265,1.8131101813110182,15.789473684210526
2024/25,203,E09000011,E09000011,203,Greenwich,London,3244,95654,33.91389800740168,FALSE,903,733,89,81.17386489479513,748,690,58,0,92.24598930481284,76.41196013289037,1.8826135105204873,0.9966777408637874,0.8859357696566998,1.550387596899225,2.4363233665559245,1.3289036544850499,13.636363636363637
2025/26,203,E09000011,E09000011,203,Greenwich,London,3626,97628,37.14098414389314,TRUE,809,598,102,73.91841779975279,641,582,59,0,90.795631825273,71.9406674907293,3.0902348578491967,1.2360939431396787,1.2360939431396787,2.8430160692212607,2.2249690976514214,0.9888751545117429,0
2018/19,204,E09000012,E09000012,204,Hackney,London,1926,89762,21.456741159956326,FALSE,NA,NA,NA,NA,NA,NA,NA,NA,NA,NA,NA,NA,NA,NA,NA,NA,NA
2019/20,204,E09000012,E09000012,204,Hackney,London,2249,89146,25.228277208175353,FALSE,559,NA,71,NA,NA,449,2,NA,NA,80.32200357781753,NA,NA,NA,NA,NA,NA,NA
2020/21,204,E09000012,E09000012,204,Hackney,London,2645,86852,30.454105835213927,FALSE,478,NA,93,NA,NA,447,2,NA,NA,93.51464435146444,NA,NA,NA,NA,NA,NA,NA
2021/22,204,E09000012,E09000012,204,Hackney,London,3062,85202,35.93812351822727,FALSE,498,NA,153,NA,NA,345,0,NA,NA,69.27710843373494,NA,NA,NA,NA,NA,NA,NA
2022/23,204,E09000012,E09000012,204,Hackney,London,3243,85714,37.83512611708706,FALSE,525,NA,167,NA,343,334,0,9,97.37609329446065,63.61904761904762,0,0,0,0.9523809523809523,NA,NA,NA
2023/24,204,E09000012,E09000012,204,Hackney,London,3525,86077,40.951706030646974,FALSE,NA,NA,NA,NA,NA,NA,NA,NA,NA,NA,NA,NA,NA,NA,NA,NA,NA
2024/25,204,E09000012,E09000012,204,Hackney,London,3681,84518,43.552852646773474,FALSE,622,433,153,69.61414790996784,502,499,2,1,99.40239043824701,80.2250803858521,0.1607717041800643,0,0,0,2.4115755627009645,3.3762057877813505,0
2025/26,204,E09000012,E09000012,204,Hackney,London,3721,88429,42.07895599859775,TRUE,674,327,267,48.51632047477745,426,421,0,5,98.82629107981221,62.46290801186944,0.14836795252225518,0,0,0,0,0,NA
2018/19,876,E06000006,E06000006,876,Halton,North West,771,39127,19.70506299997444,FALSE,NA,NA,NA,NA,NA,NA,NA,NA,NA,NA,NA,NA,NA,NA,NA,NA,NA
2019/20,876,E06000006,E06000006,876,Halton,North West,904,38940,23.215202876219827,FALSE,262,NA,72,NA,NA,181,7,NA,NA,69.08396946564885,NA,NA,NA,NA,NA,NA,NA
2020/21,876,E06000006,E06000006,876,Halton,North West,1034,38635,26.76329752814805,FALSE,206,NA,25,NA,NA,178,6,NA,NA,86.40776699029126,NA,NA,NA,NA,NA,NA,NA
2021/22,876,E06000006,E06000006,876,Halton,North West,1189,38266,31.071969894945905,FALSE,301,NA,34,NA,NA,192,16,NA,NA,63.78737541528239,NA,NA,NA,NA,NA,NA,NA
2022/23,876,E06000006,E06000006,876,Halton,North West,1319,38436,34.31678634613383,FALSE,383,NA,115,NA,218,215,3,0,98.62385321100918,56.13577023498694,0.783289817232376,0.26109660574412535,0,0.5221932114882507,NA,NA,NA
2023/24,876,E06000006,E06000006,876,Halton,North West,1524,38651,39.429768958112334,FALSE,409,203,164,49.63325183374083,296,277,19,0,93.58108108108108,67.72616136919315,2.444987775061125,0.4889975550122249,0,0.24449877750611246,15.158924205378973,1.466992665036675,9.67741935483871
2024/25,876,E06000006,E06000006,876,Halton,North West,1712,38703,44.234297082913464,FALSE,492,274,200,55.6910569105691,246,240,6,0,97.5609756097561,48.78048780487805,6.504065040650406,0.4065040650406504,1.016260162601626,1.4227642276422765,13.211382113821138,1.016260162601626,7.6923076923076925
2025/26,876,E06000006,E06000006,876,Halton,North West,1825,38215,47.756116708098915,TRUE,526,283,190,53.80228136882129,282,257,25,0,91.13475177304964,48.85931558935361,3.802281368821293,0.9505703422053232,0.38022813688212925,0,10.26615969581749,0.19011406844106463,0
2018/19,205,E09000013,E09000013,205,Hammersmith and Fulham,London,1113,59937,18.569497972871517,FALSE,NA,NA,NA,NA,NA,NA,NA,NA,NA,NA,NA,NA,NA,NA,NA,NA,NA
2019/20,205,E09000013,E09000013,205,Hammersmith and Fulham,London,1113,59690,18.646339420338414,FALSE,182,NA,29,NA,NA,143,44,NA,NA,78.57142857142857,NA,NA,NA,NA,NA,NA,NA
2020/21,205,E09000013,E09000013,205,Hammersmith and Fulham,London,1224,57881,21.146835749209586,FALSE,133,NA,13,NA,NA,163,12,NA,NA,122.55639097744361,NA,NA,NA,NA,NA,NA,NA
2021/22,205,E09000013,E09000013,205,Hammersmith and Fulham,London,1205,56618,21.28298420996856,FALSE,232,NA,29,NA,NA,216,17,NA,NA,93.10344827586206,NA,NA,NA,NA,NA,NA,NA
2022/23,205,E09000013,E09000013,205,Hammersmith and Fulham,London,1536,58844,26.10291618516756,FALSE,316,NA,91,NA,210,198,11,0,94.28571428571429,62.65822784810127,0,0.31645569620253167,0,0.31645569620253167,NA,NA,NA
2023/24,205,E09000013,E09000013,205,Hammersmith and Fulham,London,1700,58799,28.912056327488564,FALSE,331,213,103,64.35045317220543,225,213,12,0,94.66666666666667,64.35045317220543,0.3021148036253776,0.9063444108761329,0,0,0.6042296072507553,1.2084592145015105,0
2024/25,205,E09000013,E09000013,205,Hammersmith and Fulham,London,1779,58055,30.643355438808026,FALSE,320,185,104,57.8125,206,173,33,0,83.98058252427184,54.0625,1.5625,2.1875,0,0,3.4375,2.5,0
2025/26,205,E09000013,E09000013,205,Hammersmith and Fulham,London,1843,63727,28.920237889748456,TRUE,339,237,69,69.91150442477876,261,237,24,0,90.80459770114942,69.91150442477876,4.129793510324483,2.0648967551622417,0.8849557522123894,1.4749262536873156,5.6047197640118,1.7699115044247788,10.526315789473685
2018/19,850,E10000014,E10000014,850,Hampshire,South East,8271,392300,21.08335457557991,FALSE,NA,NA,NA,NA,NA,NA,NA,NA,NA,NA,NA,NA,NA,NA,NA,NA,NA
2019/20,850,E10000014,E10000014,850,Hampshire,South East,9094,390490,23.28868857077006,FALSE,2038,NA,183,NA,NA,993,19,NA,NA,48.72423945044161,NA,NA,NA,NA,NA,NA,NA
2020/21,850,E10000014,E10000014,850,Hampshire,South East,10507,389896,26.9482118308472,FALSE,1956,NA,216,NA,NA,1577,31,NA,NA,80.6237218813906,NA,NA,NA,NA,NA,NA,NA
2021/22,850,E10000014,E10000014,850,Hampshire,South East,12750,391953,32.52941041400372,FALSE,2379,NA,215,NA,NA,2330,62,NA,NA,97.94031105506515,NA,NA,NA,NA,NA,NA,NA
2022/23,850,E10000014,E10000014,850,Hampshire,South East,14583,391361,37.26227191774346,FALSE,3156,NA,624,NA,2839,2669,170,0,94.0119760479042,84.56907477820026,0.5703422053231939,1.108998732572877,0.982256020278834,4.531051964512041,NA,NA,NA
2023/24,850,E10000014,E10000014,850,Hampshire,South East,15994,393356,40.66036872451418,FALSE,3485,2442,912,70.07173601147777,2700,2499,201,0,92.55555555555556,71.70731707317073,1.1190817790530847,1.1477761836441893,1.5781922525107603,4.332855093256815,2.812051649928264,2.66857962697274,20.408163265306122
2024/25,850,E10000014,E10000014,850,Hampshire,South East,17784,394670,45.06043023285277,FALSE,3932,2817,887,71.64292980671414,2680,2543,137,0,94.88805970149254,64.67446592065107,0.762970498474059,0.6866734486266531,1.9837232960325535,4.298067141403866,3.6113936927772126,2.034587995930824,20.422535211267604
2025/26,850,E10000014,E10000014,850,Hampshire,South East,20499,391386,52.375404332296,TRUE,4159,3111,836,74.80163500841549,3775,3556,219,0,94.19867549668874,85.50132243327722,1.5628756912719404,1.033902380379899,2.0918490021639817,5.53017552296225,3.173839865352248,1.683096898292859,11.363636363636363
2018/19,309,E09000014,E09000014,309,Haringey,London,1877,88742,21.151202361903042,FALSE,NA,NA,NA,NA,NA,NA,NA,NA,NA,NA,NA,NA,NA,NA,NA,NA,NA
2019/20,309,E09000014,E09000014,309,Haringey,London,2164,87157,24.828757300044746,FALSE,470,NA,129,NA,NA,345,5,NA,NA,73.40425531914893,NA,NA,NA,NA,NA,NA,NA
2020/21,309,E09000014,E09000014,309,Haringey,London,2398,83695,28.65165183105323,FALSE,409,NA,115,NA,NA,309,1,NA,NA,75.55012224938875,NA,NA,NA,NA,NA,NA,NA
2021/22,309,E09000014,E09000014,309,Haringey,London,2567,80432,31.915158146011535,FALSE,492,NA,81,NA,NA,260,7,NA,NA,52.84552845528455,NA,NA,NA,NA,NA,NA,NA
2022/23,309,E09000014,E09000014,309,Haringey,London,2627,80231,32.74295471825105,FALSE,490,NA,103,NA,442,410,32,0,92.76018099547511,83.6734693877551,1.0204081632653061,0.6122448979591837,0.40816326530612246,0.40816326530612246,NA,NA,NA
2023/24,309,E09000014,E09000014,309,Haringey,London,2833,80424,35.225803242813086,FALSE,692,424,249,61.27167630057804,301,286,15,0,95.01661129568106,41.32947976878613,2.4566473988439306,1.4450867052023122,0.7225433526011561,0.28901734104046245,4.190751445086705,3.0346820809248554,24.137931034482758
2024/25,309,E09000014,E09000014,309,Haringey,London,2954,79858,36.99065841869318,FALSE,553,345,176,62.386980108499095,260,229,31,0,88.07692307692308,41.41048824593128,1.2658227848101267,1.9891500904159132,0.5424954792043399,1.0849909584086799,8.318264014466546,9.584086799276673,54.34782608695652
2025/26,309,E09000014,E09000014,309,Haringey,London,3048,82374,37.00196663995921,TRUE,554,353,154,63.71841155234657,383,306,77,0,79.89556135770235,55.234657039711195,3.2490974729241877,5.415162454873646,1.9855595667870036,2.707581227436823,7.2202166064981945,7.03971119133574,37.5
2018/19,310,E09000015,E09000015,310,Harrow,London,1645,83678,19.6586916513301,FALSE,NA,NA,NA,NA,NA,NA,NA,NA,NA,NA,NA,NA,NA,NA,NA,NA,NA
2019/20,310,E09000015,E09000015,310,Harrow,London,1799,83984,21.420746808915982,FALSE,300,NA,71,NA,NA,218,2,NA,NA,72.66666666666667,NA,NA,NA,NA,NA,NA,NA
2020/21,310,E09000015,E09000015,310,Harrow,London,1896,83124,22.80929695394832,FALSE,269,NA,35,NA,NA,209,1,NA,NA,77.69516728624535,NA,NA,NA,NA,NA,NA,NA
2021/22,310,E09000015,E09000015,310,Harrow,London,1974,82088,24.047363804697397,FALSE,327,NA,56,NA,NA,240,4,NA,NA,73.39449541284404,NA,NA,NA,NA,NA,NA,NA
2022/23,310,E09000015,E09000015,310,Harrow,London,2093,82595,25.340516980446758,FALSE,410,NA,2,NA,272,265,6,0,97.42647058823529,64.63414634146342,0.24390243902439024,0,1.2195121951219512,0.975609756097561,NA,NA,NA
2023/24,310,E09000015,E09000015,310,Harrow,London,2370,84195,28.148939960805272,FALSE,532,404,80,75.93984962406014,394,384,10,0,97.46192893401015,72.18045112781955,0.18796992481203006,0.18796992481203006,0,0,2.0676691729323307,0.7518796992481203,0
2024/25,310,E09000015,E09000015,310,Harrow,London,2689,84363,31.87416284390076,FALSE,538,422,76,78.43866171003718,474,469,5,0,98.94514767932489,87.17472118959108,0.18587360594795538,0.37174721189591076,1.1152416356877324,0.37174721189591076,3.159851301115242,0.929368029739777,17.647058823529413
2025/26,310,E09000015,E09000015,310,Harrow,London,3019,84810,35.597217309279564,TRUE,592,429,118,72.46621621621621,441,434,7,0,98.41269841269842,73.3108108108108,0.5067567567567568,0.5067567567567568,0.33783783783783783,1.5202702702702702,3.885135135135135,1.8581081081081081,21.73913043478261
2018/19,805,E06000001,E06000001,805,Hartlepool,North East,585,28177,20.761614082407636,FALSE,NA,NA,NA,NA,NA,NA,NA,NA,NA,NA,NA,NA,NA,NA,NA,NA,NA
2019/20,805,E06000001,E06000001,805,Hartlepool,North East,610,28092,21.714367079595615,FALSE,151,NA,50,NA,NA,103,0,NA,NA,68.21192052980132,NA,NA,NA,NA,NA,NA,NA
2020/21,805,E06000001,E06000001,805,Hartlepool,North East,710,27879,25.46719753219269,FALSE,144,NA,43,NA,NA,93,0,NA,NA,64.58333333333333,NA,NA,NA,NA,NA,NA,NA
2021/22,805,E06000001,E06000001,805,Hartlepool,North East,740,27903,26.52044583019747,FALSE,179,NA,71,NA,NA,116,1,NA,NA,64.80446927374301,NA,NA,NA,NA,NA,NA,NA
2022/23,805,E06000001,E06000001,805,Hartlepool,North East,801,28445,28.159606257690278,FALSE,166,NA,56,NA,100,98,2,0,98,59.036144578313255,0,0,0,0,NA,NA,NA
2023/24,805,E06000001,E06000001,805,Hartlepool,North East,859,28925,29.69749351771824,FALSE,166,104,60,62.65060240963855,121,119,2,0,98.34710743801652,71.6867469879518,0.6024096385542169,0.6024096385542169,0,0.6024096385542169,3.6144578313253013,7.228915662650603,50
2024/25,805,E06000001,E06000001,805,Hartlepool,North East,966,29619,32.61420034437354,FALSE,232,120,62,51.724137931034484,136,133,2,1,97.79411764705883,57.327586206896555,0,0,0,0.43103448275862066,4.741379310344827,5.603448275862069,36.36363636363637
2025/26,805,E06000001,E06000001,805,Hartlepool,North East,1067,28044,38.0473541577521,TRUE,246,144,80,58.53658536585366,115,113,2,0,98.26086956521739,45.9349593495935,0,0,0,0,4.878048780487805,5.691056910569106,50
2018/19,311,E09000016,E09000016,311,Havering,London,1534,80338,19.094326470661457,FALSE,NA,NA,NA,NA,NA,NA,NA,NA,NA,NA,NA,NA,NA,NA,NA,NA,NA
2019/20,311,E09000016,E09000016,311,Havering,London,1693,81034,20.892464891280202,FALSE,374,NA,100,NA,NA,217,11,NA,NA,58.02139037433155,NA,NA,NA,NA,NA,NA,NA
2020/21,311,E09000016,E09000016,311,Havering,London,1869,80977,23.08062783259444,FALSE,295,NA,93,NA,NA,227,4,NA,NA,76.94915254237289,NA,NA,NA,NA,NA,NA,NA
2021/22,311,E09000016,E09000016,311,Havering,London,2016,81119,24.85237737151592,FALSE,372,NA,65,NA,NA,212,14,NA,NA,56.98924731182796,NA,NA,NA,NA,NA,NA,NA
2022/23,311,E09000016,E09000016,311,Havering,London,2182,82030,26.600024381323905,FALSE,552,NA,140,NA,359,350,7,2,97.49303621169916,63.405797101449274,0,0.18115942028985507,0,0,NA,NA,NA
2023/24,311,E09000016,E09000016,311,Havering,London,2583,83981,30.756956930734333,FALSE,637,494,139,77.55102040816327,497,487,10,0,97.98792756539235,76.45211930926217,0,0,0,0,0.15698587127158556,1.098901098901099,0
2024/25,311,E09000016,E09000016,311,Havering,London,3005,86101,34.90087223144911,FALSE,899,650,193,72.30255839822024,457,439,18,0,96.06126914660831,48.83203559510567,0.22246941045606228,0.11123470522803114,0,0,4.338153503893214,1.668520578420467,38.46153846153846
2025/26,311,E09000016,E09000016,311,Havering,London,3419,84265,40.57437844894084,TRUE,766,513,157,66.97127937336815,446,414,31,1,92.82511210762331,54.04699738903394,0.783289817232376,0.5221932114882507,0,0.783289817232376,0.5221932114882507,0.9138381201044387,0
2018/19,884,E06000019,E06000019,884,"Herefordshire, County of",West Midlands,939,48621,19.312642685259455,FALSE,NA,NA,NA,NA,NA,NA,NA,NA,NA,NA,NA,NA,NA,NA,NA,NA,NA
2019/20,884,E06000019,E06000019,884,"Herefordshire, County of",West Midlands,1002,47925,20.907668231611893,FALSE,220,NA,88,NA,NA,131,3,NA,NA,59.54545454545455,NA,NA,NA,NA,NA,NA,NA
2020/21,884,E06000019,E06000019,884,"Herefordshire, County of",West Midlands,1055,47269,22.319067464934733,FALSE,227,NA,76,NA,NA,133,3,NA,NA,58.590308370044056,NA,NA,NA,NA,NA,NA,NA
2021/22,884,E06000019,E06000019,884,"Herefordshire, County of",West Midlands,1182,47191,25.04714882074972,FALSE,277,NA,74,NA,NA,195,0,NA,NA,70.3971119133574,NA,NA,NA,NA,NA,NA,NA
2022/23,884,E06000019,E06000019,884,"Herefordshire, County of",West Midlands,1284,46816,27.426520847573478,FALSE,305,NA,92,NA,169,169,0,0,100,55.40983606557377,0,0,0,0,NA,NA,NA
2023/24,884,E06000019,E06000019,884,"Herefordshire, County of",West Midlands,1461,47028,31.066598622097477,FALSE,401,278,85,69.32668329177058,294,293,1,0,99.65986394557824,73.06733167082294,0,0.24937655860349128,0,1.9950124688279303,0.49875311720698257,1.4962593516209477,0
2024/25,884,E06000019,E06000019,884,"Herefordshire, County of",West Midlands,1717,46761,36.71863304890828,FALSE,531,354,108,66.66666666666667,348,347,1,0,99.71264367816092,65.34839924670433,0,0,0.3766478342749529,0.5649717514124294,2.824858757062147,2.6365348399246704,20
2025/26,884,E06000019,E06000019,884,"Herefordshire, County of",West Midlands,2048,46666,43.886341233446196,TRUE,582,376,132,64.60481099656357,389,389,0,0,100,66.83848797250859,0,0,0,0.5154639175257731,1.3745704467353952,2.9209621993127146,12.5
2018/19,919,E10000015,E10000015,919,Hertfordshire,East of England,6328,368198,17.18640514071233,FALSE,NA,NA,NA,NA,NA,NA,NA,NA,NA,NA,NA,NA,NA,NA,NA,NA,NA
2019/20,919,E10000015,E10000015,919,Hertfordshire,East of England,7202,368438,19.547386534505126,FALSE,1647,NA,406,NA,NA,1135,46,NA,NA,68.91317547055252,NA,NA,NA,NA,NA,NA,NA
2020/21,919,E10000015,E10000015,919,Hertfordshire,East of England,8338,368235,22.643149075997663,FALSE,1681,NA,395,NA,NA,1170,37,NA,NA,69.60142772159429,NA,NA,NA,NA,NA,NA,NA
2021/22,919,E10000015,E10000015,919,Hertfordshire,East of England,9422,367610,25.630423546693507,FALSE,2165,NA,496,NA,NA,1482,61,NA,NA,68.45265588914549,NA,NA,NA,NA,NA,NA,NA
2022/23,919,E10000015,E10000015,919,Hertfordshire,East of England,10486,366519,28.60970372613698,FALSE,2695,NA,714,NA,1653,1622,31,0,98.12462189957652,60.185528756957325,0.07421150278293136,0.5194805194805194,0.37105751391465674,1.8181818181818181,NA,NA,NA
2023/24,919,E10000015,E10000015,919,Hertfordshire,East of England,11897,368979,32.24302738096206,FALSE,2849,1722,832,60.44226044226044,1488,1408,80,0,94.6236559139785,49.42084942084942,0.1404001404001404,0.7722007722007722,0.1053001053001053,0,0.8073008073008073,5.616005616005616,0
2024/25,919,E10000015,E10000015,919,Hertfordshire,East of England,12920,370524,34.86953611641891,FALSE,3343,2216,775,66.2877654801077,1983,1894,89,0,95.51185073121533,56.65569847442417,0.23930601256356565,1.346096320670057,0.08973975471133712,3.6195034400239305,1.1666168112473827,5.1151660185462156,23.076923076923077
2025/26,919,E10000015,E10000015,919,Hertfordshire,East of England,15137,369445,40.97226921463276,TRUE,3340,2078,909,62.21556886227545,2766,2683,83,0,96.999276934201,80.32934131736526,0.41916167664670656,1.3173652694610778,0.5688622754491018,5.3293413173652695,2.215568862275449,5.029940119760479,14.864864864864865
2018/19,312,E09000017,E09000017,312,Hillingdon,London,2336,104497,22.35470874761955,FALSE,NA,NA,NA,NA,NA,NA,NA,NA,NA,NA,NA,NA,NA,NA,NA,NA,NA
2019/20,312,E09000017,E09000017,312,Hillingdon,London,2512,104525,24.032528103324566,FALSE,539,NA,82,NA,NA,264,2,NA,NA,48.97959183673469,NA,NA,NA,NA,NA,NA,NA
2020/21,312,E09000017,E09000017,312,Hillingdon,London,2819,103675,27.190740294188572,FALSE,459,NA,106,NA,NA,369,4,NA,NA,80.3921568627451,NA,NA,NA,NA,NA,NA,NA
2021/22,312,E09000017,E09000017,312,Hillingdon,London,3016,102152,29.524629963192105,FALSE,530,NA,145,NA,NA,332,1,NA,NA,62.64150943396226,NA,NA,NA,NA,NA,NA,NA
2022/23,312,E09000017,E09000017,312,Hillingdon,London,3263,104896,31.107001220256254,FALSE,605,NA,179,NA,343,341,2,0,99.41690962099125,56.36363636363637,0.1652892561983471,0,0,0,NA,NA,NA
2023/24,312,E09000017,E09000017,312,Hillingdon,London,3503,108278,32.35190897504572,FALSE,693,393,267,56.70995670995671,504,472,32,0,93.65079365079364,68.1096681096681,0.5772005772005772,0,0.7215007215007215,1.2987012987012987,10.966810966810966,2.0202020202020203,1.3157894736842106
2024/25,312,E09000017,E09000017,312,Hillingdon,London,3469,109796,31.594957921964372,FALSE,685,345,304,50.36496350364963,468,406,62,0,86.75213675213675,59.27007299270073,3.2116788321167884,1.7518248175182483,0.583941605839416,1.167883211678832,7.883211678832117,4.963503649635037,14.814814814814815
2025/26,312,E09000017,E09000017,312,Hillingdon,London,3735,108627,34.383716755502775,TRUE,749,450,257,60.08010680907877,402,384,18,0,95.5223880597015,51.26835781041388,0.13351134846461948,0.26702269692923897,0,1.6021361815754338,2.803738317757009,3.2042723631508676,9.523809523809524
2018/19,313,E09000018,E09000018,313,Hounslow,London,2290,94140,24.325472700233696,FALSE,NA,NA,NA,NA,NA,NA,NA,NA,NA,NA,NA,NA,NA,NA,NA,NA,NA
2019/20,313,E09000018,E09000018,313,Hounslow,London,2498,95310,26.209212044906096,FALSE,520,NA,177,NA,NA,361,7,NA,NA,69.42307692307692,NA,NA,NA,NA,NA,NA,NA
2020/21,313,E09000018,E09000018,313,Hounslow,London,2653,94405,28.10232508871352,FALSE,451,NA,155,NA,NA,310,0,NA,NA,68.73614190687361,NA,NA,NA,NA,NA,NA,NA
2021/22,313,E09000018,E09000018,313,Hounslow,London,2779,92739,29.965818048501706,FALSE,551,NA,193,NA,NA,307,3,NA,NA,55.71687840290381,NA,NA,NA,NA,NA,NA,NA
2022/23,313,E09000018,E09000018,313,Hounslow,London,2906,92831,31.30419795111547,FALSE,612,NA,212,NA,340,328,12,0,96.47058823529412,53.59477124183007,0.6535947712418301,0.16339869281045752,1.1437908496732025,0,NA,NA,NA
2023/24,313,E09000018,E09000018,313,Hounslow,London,3100,95097,32.59829437311377,FALSE,572,320,188,55.94405594405595,365,338,26,1,92.6027397260274,59.09090909090909,0.8741258741258742,1.5734265734265733,0.5244755244755245,0,6.643356643356643,3.4965034965034967,21.05263157894737
2024/25,313,E09000018,E09000018,313,Hounslow,London,3382,95182,35.5319283057721,FALSE,699,409,214,58.51216022889842,412,401,11,0,97.33009708737865,57.36766809728183,0.5722460658082976,0.5722460658082976,0.2861230329041488,0,9.012875536480687,4.577968526466381,20.634920634920636
2025/26,313,E09000018,E09000018,313,Hounslow,London,3499,97470,35.898225094900994,TRUE,817,487,232,59.608323133414935,468,435,33,0,92.94871794871794,53.24357405140759,1.7135862913096696,1.591187270501836,1.4687882496940023,0,10.648714810281518,5.018359853121175,27.586206896551722
2018/19,921,E06000046,E06000046,921,Isle of Wight,South East,1056,35113,30.07433144419446,FALSE,NA,NA,NA,NA,NA,NA,NA,NA,NA,NA,NA,NA,NA,NA,NA,NA,NA
2019/20,921,E06000046,E06000046,921,Isle of Wight,South East,1217,34700,35.07204610951008,FALSE,326,NA,117,NA,NA,152,44,NA,NA,46.625766871165645,NA,NA,NA,NA,NA,NA,NA
2020/21,921,E06000046,E06000046,921,Isle of Wight,South East,1216,33768,36.010424070125566,FALSE,282,NA,105,NA,NA,129,28,NA,NA,45.744680851063826,NA,NA,NA,NA,NA,NA,NA
2021/22,921,E06000046,E06000046,921,Isle of Wight,South East,1332,33217,40.09994882138664,FALSE,361,NA,131,NA,NA,165,14,NA,NA,45.70637119113574,NA,NA,NA,NA,NA,NA,NA
2022/23,921,E06000046,E06000046,921,Isle of Wight,South East,1493,32643,45.737217780228534,FALSE,382,NA,166,NA,226,217,9,0,96.01769911504425,56.80628272251309,0,0,1.0471204188481675,0,NA,NA,NA
2023/24,921,E06000046,E06000046,921,Isle of Wight,South East,1662,32296,51.46148129799356,FALSE,NA,NA,NA,NA,NA,NA,NA,NA,NA,NA,NA,NA,NA,NA,NA,NA,NA
2024/25,921,E06000046,E06000046,921,Isle of Wight,South East,1799,32168,55.92514299925392,FALSE,74,53,7,71.62162162162163,8,8,0,0,100,10.81081081081081,1.3513513513513513,0,0,0,1.3513513513513513,0,0
2018/19,420,E06000053,E06000053,420,Isles of Scilly,South West,11,473,23.25581395348837,FALSE,NA,NA,NA,NA,NA,NA,NA,NA,NA,NA,NA,NA,NA,NA,NA,NA,NA
2019/20,420,E06000053,E06000053,420,Isles of Scilly,South West,11,441,24.943310657596374,FALSE,0,NA,0,NA,NA,0,0,NA,NA,NA,NA,NA,NA,NA,NA,NA,NA
2020/21,420,E06000053,E06000053,420,Isles of Scilly,South West,12,416,28.846153846153847,FALSE,2,NA,1,NA,NA,1,0,NA,NA,50,NA,NA,NA,NA,NA,NA,NA
2021/22,420,E06000053,E06000053,420,Isles of Scilly,South West,16,590,27.11864406779661,FALSE,3,NA,0,NA,NA,2,1,NA,NA,66.66666666666667,NA,NA,NA,NA,NA,NA,NA
2022/23,420,E06000053,E06000053,420,Isles of Scilly,South West,15,621,24.154589371980677,FALSE,1,NA,1,NA,0,0,0,0,NA,0,0,0,0,0,NA,NA,NA
2023/24,420,E06000053,E06000053,420,Isles of Scilly,South West,18,655,27.48091603053435,FALSE,8,6,2,75,4,4,0,0,100,50,0,0,0,0,12.5,0,0
2024/25,420,E06000053,E06000053,420,Isles of Scilly,South West,17,617,27.55267423014587,FALSE,2,1,1,50,1,1,0,0,100,50,0,0,0,0,0,0,NA
2025/26,420,E06000053,E06000053,420,Isles of Scilly,South West,15,594,25.252525252525253,TRUE,6,3,2,50,3,1,2,0,33.333333333333336,16.666666666666668,0,0,0,0,0,0,NA
2018/19,206,E09000019,E09000019,206,Islington,London,1240,69306,17.891668830981445,FALSE,NA,NA,NA,NA,NA,NA,NA,NA,NA,NA,NA,NA,NA,NA,NA,NA,NA
2019/20,206,E09000019,E09000019,206,Islington,London,1361,68432,19.888356324526537,FALSE,286,NA,67,NA,NA,157,4,NA,NA,54.89510489510489,NA,NA,NA,NA,NA,NA,NA
2020/21,206,E09000019,E09000019,206,Islington,London,1509,66583,22.663442620488716,FALSE,279,NA,32,NA,NA,198,3,NA,NA,70.96774193548387,NA,NA,NA,NA,NA,NA,NA
2021/22,206,E09000019,E09000019,206,Islington,London,1634,65236,25.047519774357717,FALSE,327,NA,32,NA,NA,244,5,NA,NA,74.61773700305811,NA,NA,NA,NA,NA,NA,NA
2022/23,206,E09000019,E09000019,206,Islington,London,1893,68420,27.667348728441976,FALSE,454,NA,136,NA,258,250,6,2,96.89922480620154,55.06607929515418,0.44052863436123346,0.8810572687224669,0,0,NA,NA,NA
2023/24,206,E09000019,E09000019,206,Islington,London,2035,70023,29.06187966810905,FALSE,429,248,133,57.80885780885781,312,300,12,0,96.15384615384616,69.93006993006993,0.9324009324009324,1.3986013986013985,0.6993006993006993,2.331002331002331,3.7296037296037294,6.0606060606060606,6.25
2024/25,206,E09000019,E09000019,206,Islington,London,2119,69366,30.54810714182741,FALSE,511,303,121,59.29549902152642,310,295,15,0,95.16129032258064,57.72994129158513,0.19569471624266144,1.5655577299412915,0.19569471624266144,1.761252446183953,2.73972602739726,7.632093933463796,42.857142857142854
2025/26,206,E09000019,E09000019,206,Islington,London,2334,77005,30.309720148042334,TRUE,481,306,96,63.61746361746362,346,329,17,0,95.08670520231213,68.3991683991684,1.0395010395010396,1.6632016632016633,1.8711018711018712,1.8711018711018712,7.0686070686070686,7.6923076923076925,29.41176470588235
2018/19,207,E09000020,E09000020,207,Kensington and Chelsea,London,617,41806,14.758647084150601,FALSE,NA,NA,NA,NA,NA,NA,NA,NA,NA,NA,NA,NA,NA,NA,NA,NA,NA
2019/20,207,E09000020,E09000020,207,Kensington and Chelsea,London,673,41296,16.296977915536612,FALSE,129,NA,47,NA,NA,85,0,NA,NA,65.89147286821705,NA,NA,NA,NA,NA,NA,NA
2020/21,207,E09000020,E09000020,207,Kensington and Chelsea,London,725,40476,17.911848996936456,FALSE,91,NA,28,NA,NA,86,1,NA,NA,94.50549450549451,NA,NA,NA,NA,NA,NA,NA
2021/22,207,E09000020,E09000020,207,Kensington and Chelsea,London,746,41010,18.190685198732016,FALSE,146,NA,61,NA,NA,83,5,NA,NA,56.84931506849315,NA,NA,NA,NA,NA,NA,NA
2022/23,207,E09000020,E09000020,207,Kensington and Chelsea,London,759,42287,17.948778584434933,FALSE,128,NA,33,NA,82,79,3,0,96.34146341463415,61.71875,0.78125,0.78125,1.5625,0,NA,NA,NA
2023/24,207,E09000020,E09000020,207,Kensington and Chelsea,London,786,41865,18.774632748118954,FALSE,123,81,35,65.85365853658537,104,102,2,0,98.07692307692308,82.92682926829268,1.6260162601626016,0.8130081300813008,0,1.6260162601626016,7.317073170731708,5.691056910569106,0
2024/25,207,E09000020,E09000020,207,Kensington and Chelsea,London,819,40023,20.46323364065662,FALSE,127,102,24,80.31496062992126,109,105,4,0,96.3302752293578,82.67716535433071,0.7874015748031497,0,5.511811023622047,3.937007874015748,11.811023622047244,1.5748031496062993,13.333333333333334
2025/26,207,E09000020,E09000020,207,Kensington and Chelsea,London,880,45796,19.21565202201066,TRUE,141,114,24,80.85106382978724,124,121,3,0,97.58064516129032,85.81560283687944,2.127659574468085,2.8368794326241136,0.7092198581560284,2.127659574468085,4.964539007092198,3.5460992907801416,71.42857142857143
2018/19,886,E10000016,E10000016,886,Kent,South East,11763,472235,24.909208339068474,FALSE,NA,NA,NA,NA,NA,NA,NA,NA,NA,NA,NA,NA,NA,NA,NA,NA,NA
2019/20,886,E10000016,E10000016,886,Kent,South East,13499,471367,28.637982718348972,FALSE,2992,NA,827,NA,NA,2141,253,NA,NA,71.55748663101605,NA,NA,NA,NA,NA,NA,NA
2020/21,886,E10000016,E10000016,886,Kent,South East,15281,469544,32.54434089244033,FALSE,3255,NA,822,NA,NA,2048,295,NA,NA,62.91858678955453,NA,NA,NA,NA,NA,NA,NA
2021/22,886,E10000016,E10000016,886,Kent,South East,17733,469430,37.77560019598236,FALSE,4047,NA,1230,NA,NA,2910,286,NA,NA,71.90511489992588,NA,NA,NA,NA,NA,NA,NA
2022/23,886,E10000016,E10000016,886,Kent,South East,18931,471809,40.12428758247511,FALSE,3669,NA,985,NA,2710,2314,396,0,85.38745387453875,63.06895611883347,0.7631507222676479,2.725538293813028,0.3270645952575634,3.706732079585718,NA,NA,NA
2023/24,886,E10000016,E10000016,886,Kent,South East,19407,476040,40.767582556087724,FALSE,3988,2575,1244,64.56870611835507,2180,1978,164,38,90.73394495412845,49.598796389167504,0.4764292878635908,3.4353059177532597,0.07522567703109329,3.510531594784353,0.9277833500501504,6.569709127382146,13.513513513513514
2024/25,886,E10000016,E10000016,886,Kent,South East,20635,478599,43.11542648438463,FALSE,4001,1602,2200,40.03999000249937,3197,2695,488,14,84.29777916796998,67.35816045988503,0.17495626093476632,5.798550362409397,0.09997500624843789,10.772306923269182,3.849037740564859,11.047238190452386,23.376623376623378
2025/26,886,E10000016,E10000016,886,Kent,South East,21742,479034,45.38717502306726,TRUE,4401,2051,2122,46.603044762553964,2691,2087,590,14,77.55481233742103,47.421040672574414,0.04544421722335833,5.862304021813224,0.04544421722335833,5.248807089297887,1.4769370597591456,10.134060440808907,32.30769230769231
2018/19,810,E06000010,E06000010,810,"Kingston upon Hull, City of",Yorkshire and The Humber,1729,91433,18.910021545831373,FALSE,NA,NA,NA,NA,NA,NA,NA,NA,NA,NA,NA,NA,NA,NA,NA,NA,NA
2019/20,810,E06000010,E06000010,810,"Kingston upon Hull, City of",Yorkshire and The Humber,1886,90841,20.761550401250535,FALSE,467,NA,96,NA,NA,320,43,NA,NA,68.52248394004283,NA,NA,NA,NA,NA,NA,NA
2020/21,810,E06000010,E06000010,810,"Kingston upon Hull, City of",Yorkshire and The Humber,2100,89337,23.506497867624837,FALSE,450,NA,70,NA,NA,301,23,NA,NA,66.88888888888889,NA,NA,NA,NA,NA,NA,NA
2021/22,810,E06000010,E06000010,810,"Kingston upon Hull, City of",Yorkshire and The Humber,2402,87972,27.30414222707225,FALSE,551,NA,163,NA,NA,331,20,NA,NA,60.07259528130672,NA,NA,NA,NA,NA,NA,NA
2022/23,810,E06000010,E06000010,810,"Kingston upon Hull, City of",Yorkshire and The Humber,2595,88050,29.471890971039183,FALSE,611,NA,162,NA,381,361,20,0,94.750656167979,59.08346972176759,0.6546644844517185,0.4909983633387889,1.9639934533551555,2.618657937806874,NA,NA,NA
2023/24,810,E06000010,E06000010,810,"Kingston upon Hull, City of",Yorkshire and The Humber,2982,88905,33.541420617513076,FALSE,860,598,193,69.53488372093024,488,464,24,0,95.08196721311475,53.95348837209303,0.6976744186046512,0.11627906976744186,0.6976744186046512,0.6976744186046512,7.558139534883721,1.0465116279069768,13.846153846153847
2024/25,810,E06000010,E06000010,810,"Kingston upon Hull, City of",Yorkshire and The Humber,3245,89112,36.41484872968848,FALSE,811,477,192,58.816276202219484,580,542,38,0,93.44827586206897,66.83107274969174,1.7262638717632552,0.8631319358816276,0.6165228113440198,0.9864364981504316,7.644882860665844,2.219482120838471,29.032258064516128
2025/26,810,E06000010,E06000010,810,"Kingston upon Hull, City of",Yorkshire and The Humber,3919,89331,43.87054885761942,TRUE,967,536,341,55.429162357807655,729,662,67,0,90.80932784636488,68.45915201654601,3.309203722854188,1.344364012409514,0.827300930713547,0.827300930713547,11.27197518097208,1.4477766287487073,12.844036697247706
2018/19,314,E09000021,E09000021,314,Kingston upon Thames,London,1161,54850,21.166818596171378,FALSE,NA,NA,NA,NA,NA,NA,NA,NA,NA,NA,NA,NA,NA,NA,NA,NA,NA
2019/20,314,E09000021,E09000021,314,Kingston upon Thames,London,1314,54841,23.960175780893856,FALSE,242,NA,38,NA,NA,186,7,NA,NA,76.85950413223141,NA,NA,NA,NA,NA,NA,NA
2020/21,314,E09000021,E09000021,314,Kingston upon Thames,London,1424,54339,26.205855830986952,FALSE,229,NA,44,NA,NA,210,9,NA,NA,91.70305676855895,NA,NA,NA,NA,NA,NA,NA
2021/22,314,E09000021,E09000021,314,Kingston upon Thames,London,1550,53152,29.161649608669478,FALSE,240,NA,52,NA,NA,180,11,NA,NA,75,NA,NA,NA,NA,NA,NA,NA
2022/23,314,E09000021,E09000021,314,Kingston upon Thames,London,1630,53668,30.371916225683837,FALSE,297,NA,48,NA,242,231,7,4,95.45454545454545,77.77777777777777,0,0.3367003367003367,0,1.6835016835016836,NA,NA,NA
2023/24,314,E09000021,E09000021,314,Kingston upon Thames,London,1782,54235,32.857011155158105,FALSE,329,216,74,65.65349544072949,252,236,14,2,93.65079365079364,71.73252279635258,0.303951367781155,1.21580547112462,0.60790273556231,0.9118541033434651,1.21580547112462,2.735562310030395,0
2024/25,314,E09000021,E09000021,314,Kingston upon Thames,London,1958,54682,35.807029735561976,FALSE,370,279,62,75.4054054054054,315,301,14,0,95.55555555555556,81.35135135135135,0.2702702702702703,0.5405405405405406,0.2702702702702703,0.2702702702702703,4.324324324324325,2.4324324324324325,6.25
2025/26,314,E09000021,E09000021,314,Kingston upon Thames,London,2159,55572,38.850500251925425,TRUE,356,253,88,71.06741573033707,337,318,19,0,94.3620178041543,89.32584269662921,1.9662921348314606,0,0.2808988764044944,5.056179775280899,6.741573033707865,1.6853932584269662,0
2018/19,382,E08000034,E08000034,382,Kirklees,Yorkshire and The Humber,2741,142199,19.27580362731102,FALSE,NA,NA,NA,NA,NA,NA,NA,NA,NA,NA,NA,NA,NA,NA,NA,NA,NA
2019/20,382,E08000034,E08000034,382,Kirklees,Yorkshire and The Humber,3329,140919,23.623500024836964,FALSE,517,NA,140,NA,NA,403,4,NA,NA,77.94970986460348,NA,NA,NA,NA,NA,NA,NA
2020/21,382,E08000034,E08000034,382,Kirklees,Yorkshire and The Humber,3469,139778,24.817925567685904,FALSE,560,NA,173,NA,NA,447,2,NA,NA,79.82142857142857,NA,NA,NA,NA,NA,NA,NA
2021/22,382,E08000034,E08000034,382,Kirklees,Yorkshire and The Humber,3734,139078,26.848243431743338,FALSE,709,NA,195,NA,NA,387,4,NA,NA,54.58392101551481,NA,NA,NA,NA,NA,NA,NA
2022/23,382,E08000034,E08000034,382,Kirklees,Yorkshire and The Humber,3898,139493,27.9440545403712,FALSE,981,NA,5,NA,435,403,0,32,92.643678160919535,41.08053007135576,0,0.1019367991845056,0,0.3058103975535168,NA,NA,NA
2023/24,382,E08000034,E08000034,382,Kirklees,Yorkshire and The Humber,4125,140094,29.44451582508887,FALSE,1037,607,319,58.53423336547734,606,594,0,12,98.01980198019803,57.28061716489874,0.09643201542912247,0.09643201542912247,0,0,0.09643201542912247,0,0
2024/25,382,E08000034,E08000034,382,Kirklees,Yorkshire and The Humber,4475,140089,31.943978470829254,FALSE,771,492,227,63.81322957198444,873,829,44,0,94.95990836197022,107.52269779507134,0,0.5188067444876784,0,0,7.263294422827497,2.0752269779507135,3.5714285714285716
2025/26,382,E08000034,E08000034,382,Kirklees,Yorkshire and The Humber,5092,140069,36.35351148362593,TRUE,954,601,333,62.9979035639413,500,466,34,0,93.2,48.84696016771488,0.6289308176100629,1.0482180293501049,0.5241090146750524,1.8867924528301887,7.547169811320755,5.241090146750524,16.666666666666668
2018/19,340,E08000011,E08000011,340,Knowsley,North West,1275,47105,27.06719031949899,FALSE,NA,NA,NA,NA,NA,NA,NA,NA,NA,NA,NA,NA,NA,NA,NA,NA,NA
2019/20,340,E08000011,E08000011,340,Knowsley,North West,1497,47284,31.659758057693935,FALSE,319,NA,32,NA,NA,214,2,NA,NA,67.08463949843261,NA,NA,NA,NA,NA,NA,NA
2020/21,340,E08000011,E08000011,340,Knowsley,North West,1718,47311,36.31290820316628,FALSE,231,NA,41,NA,NA,233,2,NA,NA,100.86580086580086,NA,NA,NA,NA,NA,NA,NA
2021/22,340,E08000011,E08000011,340,Knowsley,North West,1665,47460,35.08217446270544,FALSE,330,NA,90,NA,NA,221,19,NA,NA,66.96969696969697,NA,NA,NA,NA,NA,NA,NA
2022/23,340,E08000011,E08000011,340,Knowsley,North West,1945,48190,40.36107076156879,FALSE,500,NA,127,NA,341,337,4,0,98.82697947214076,67.4,0.2,1,1.4,1.2,NA,NA,NA
2023/24,340,E08000011,E08000011,340,Knowsley,North West,2275,48451,46.95465521867453,FALSE,576,400,153,69.44444444444444,409,404,5,0,98.77750611246944,70.13888888888889,0.3472222222222222,0,0.5208333333333334,1.0416666666666667,5.381944444444445,0.3472222222222222,0
2024/25,340,E08000011,E08000011,340,Knowsley,North West,2789,49032,56.88122042747593,FALSE,674,453,199,67.2106824925816,566,536,30,0,94.69964664310955,79.52522255192878,0.14836795252225518,0.14836795252225518,0.5934718100890207,0.44510385756676557,19.584569732937684,0.7418397626112759,1.5151515151515151
2025/26,340,E08000011,E08000011,340,Knowsley,North West,3172,49711,63.80881495041339,TRUE,724,462,227,63.812154696132595,522,478,44,0,91.57088122605364,66.02209944751381,5.248618784530387,0.13812154696132597,3.314917127071823,5.939226519337017,18.23204419889503,0.6906077348066298,1.5151515151515151
2018/19,208,E09000022,E09000022,208,Lambeth,London,2424,101398,23.905796958519893,FALSE,NA,NA,NA,NA,NA,NA,NA,NA,NA,NA,NA,NA,NA,NA,NA,NA,NA
2019/20,208,E09000022,E09000022,208,Lambeth,London,2566,101182,25.360241940266054,FALSE,448,NA,95,NA,NA,304,7,NA,NA,67.85714285714286,NA,NA,NA,NA,NA,NA,NA
2020/21,208,E09000022,E09000022,208,Lambeth,London,2741,97762,28.037478774984145,FALSE,402,NA,82,NA,NA,359,0,NA,NA,89.30348258706468,NA,NA,NA,NA,NA,NA,NA
2021/22,208,E09000022,E09000022,208,Lambeth,London,2940,96111,30.5896307394575,FALSE,549,NA,177,NA,NA,297,6,NA,NA,54.09836065573771,NA,NA,NA,NA,NA,NA,NA
2022/23,208,E09000022,E09000022,208,Lambeth,London,3061,96719,31.648383461367466,FALSE,548,NA,219,NA,245,245,0,0,100,44.70802919708029,0,0,0.18248175182481752,0.9124087591240876,NA,NA,NA
2023/24,208,E09000022,E09000022,208,Lambeth,London,3332,95325,34.95410437975348,FALSE,610,381,186,62.459016393442624,456,451,2,3,98.90350877192982,73.93442622950819,0.16393442622950818,0,0.819672131147541,0.9836065573770492,6.229508196721311,1.9672131147540983,2.6315789473684212
2024/25,208,E09000022,E09000022,208,Lambeth,London,3316,92524,35.839349790324675,FALSE,752,411,261,54.65425531914894,430,428,2,0,99.53488372093024,56.91489361702128,0,0,0.13297872340425532,0.5319148936170213,5.452127659574468,1.7287234042553192,4.878048780487805
2025/26,208,E09000022,E09000022,208,Lambeth,London,3350,100021,33.49296647703982,TRUE,769,437,250,56.827048114434334,428,422,6,0,98.59813084112149,54.876462938881666,0.13003901170351106,0,0.5201560468140443,0.9102730819245773,3.5110533159947983,1.5604681404421326,7.407407407407407
2018/19,888,E10000017,E10000017,888,Lancashire,North West,7042,364213,19.33483977782232,FALSE,NA,NA,NA,NA,NA,NA,NA,NA,NA,NA,NA,NA,NA,NA,NA,NA,NA
2019/20,888,E10000017,E10000017,888,Lancashire,North West,7287,363987,20.019945767293887,FALSE,1278,NA,211,NA,NA,1005,35,NA,NA,78.63849765258216,NA,NA,NA,NA,NA,NA,NA
2020/21,888,E10000017,E10000017,888,Lancashire,North West,8085,364777,22.164226362955997,FALSE,924,NA,83,NA,NA,1027,14,NA,NA,111.14718614718615,NA,NA,NA,NA,NA,NA,NA
2021/22,888,E10000017,E10000017,888,Lancashire,North West,8691,367041,23.67855362207492,FALSE,1270,NA,291,NA,NA,1184,17,NA,NA,93.22834645669292,NA,NA,NA,NA,NA,NA,NA
2022/23,888,E10000017,E10000017,888,Lancashire,North West,9803,372712,26.301809439996568,FALSE,972,NA,0,NA,1086,1086,0,0,100,111.72839506172839,3.1893004115226335,1.7489711934156378,0,2.57201646090535,NA,NA,NA
2023/24,888,E10000017,E10000017,888,Lancashire,North West,11258,377497,29.822753558306424,FALSE,2560,2370,177,92.578125,1620,1617,3,0,99.81481481481481,63.1640625,0.1953125,0.625,0.625,0.78125,5.6640625,2.109375,6.896551724137931
2024/25,888,E10000017,E10000017,888,Lancashire,North West,12317,382633,32.19011428705836,FALSE,3658,2696,876,73.70147621651175,1937,1917,20,0,98.96747547754259,52.40568616730454,0.05467468562055768,0.16402405686167304,0.3553854565336249,1.4215418261344996,6.779661016949152,2.8704209950792783,6.048387096774194
2025/26,888,E10000017,E10000017,888,Lancashire,North West,14728,378498,38.911698344509084,TRUE,3630,2634,918,72.56198347107438,3224,3092,132,0,95.90570719602978,85.17906336088154,0.7162534435261708,0.46831955922865015,0.1652892561983471,0.6336088154269972,5.179063360881543,2.396694214876033,11.702127659574469
2018/19,383,E08000035,E08000035,383,Leeds,Yorkshire and The Humber,3836,277989,13.79910715891636,FALSE,NA,NA,NA,NA,NA,NA,NA,NA,NA,NA,NA,NA,NA,NA,NA,NA,NA
2019/20,383,E08000035,E08000035,383,Leeds,Yorkshire and The Humber,4339,279077,15.547680389283244,FALSE,953,NA,223,NA,NA,594,7,NA,NA,62.329485834207766,NA,NA,NA,NA,NA,NA,NA
2020/21,383,E08000035,E08000035,383,Leeds,Yorkshire and The Humber,4689,278225,16.853266241351424,FALSE,786,NA,223,NA,NA,563,10,NA,NA,71.62849872773536,NA,NA,NA,NA,NA,NA,NA
2021/22,383,E08000035,E08000035,383,Leeds,Yorkshire and The Humber,5005,275511,18.16624381603638,FALSE,803,NA,298,NA,NA,548,8,NA,NA,68.24408468244084,NA,NA,NA,NA,NA,NA,NA
2022/23,383,E08000035,E08000035,383,Leeds,Yorkshire and The Humber,5137,283035,18.149698800501707,FALSE,1284,NA,328,NA,383,362,12,9,94.51697127937337,28.193146417445483,0.2336448598130841,0.778816199376947,0.0778816199376947,0.4672897196261682,NA,NA,NA
2023/24,383,E08000035,E08000035,383,Leeds,Yorkshire and The Humber,5508,288527,19.090067827274396,FALSE,1497,1007,274,67.26786907147628,1018,947,33,38,93.02554027504911,63.25985303941216,1.002004008016032,1.002004008016032,1.1356045424181698,2.4716098864395457,3.3400133600534403,2.070808283233133,20
2024/25,383,E08000035,E08000035,383,Leeds,Yorkshire and The Humber,6093,291781,20.88209993111272,FALSE,2313,1672,356,72.28707306528318,866,764,10,92,88.2217090069284,33.030696065715524,0.30263726761781234,0.2594033722438392,0.043233895373973194,0,1.5131863380890618,0.1297016861219196,5.714285714285714
2025/26,383,E08000035,E08000035,383,Leeds,Yorkshire and The Humber,7474,300207,24.89615498639272,TRUE,3424,2770,353,80.89953271028037,2129,1923,79,127,90.32409581963363,56.16238317757009,2.0735981308411215,0.9345794392523364,0.2628504672897196,0.9929906542056075,0.4088785046728972,0.05841121495327103,7.142857142857143
2018/19,856,E06000016,E06000016,856,Leicester,East Midlands,2386,145411,16.408662343289024,FALSE,NA,NA,NA,NA,NA,NA,NA,NA,NA,NA,NA,NA,NA,NA,NA,NA,NA
2019/20,856,E06000016,E06000016,856,Leicester,East Midlands,2634,145858,18.058659792400828,FALSE,601,NA,0,NA,NA,268,4,NA,NA,44.59234608985025,NA,NA,NA,NA,NA,NA,NA
2020/21,856,E06000016,E06000016,856,Leicester,East Midlands,2990,143770,20.79710648953189,FALSE,530,NA,0,NA,NA,434,1,NA,NA,81.88679245283019,NA,NA,NA,NA,NA,NA,NA
2021/22,856,E06000016,E06000016,856,Leicester,East Midlands,2954,140611,21.00831371656556,FALSE,771,NA,0,NA,NA,326,3,NA,NA,42.282749675745784,NA,NA,NA,NA,NA,NA,NA
2022/23,856,E06000016,E06000016,856,Leicester,East Midlands,3387,142626,23.747423330949477,FALSE,836,NA,0,NA,540,540,0,0,100,64.5933014354067,0,0,0,0,NA,NA,NA
2023/24,856,E06000016,E06000016,856,Leicester,East Midlands,3824,147030,26.008297626334762,FALSE,NA,NA,NA,NA,NA,NA,NA,NA,NA,NA,NA,NA,NA,NA,NA,NA,NA
2024/25,856,E06000016,E06000016,856,Leicester,East Midlands,4057,148542,27.31214067401812,FALSE,883,476,1,53.90713476783692,582,579,3,0,99.48453608247422,65.57191392978483,0.22650056625141562,0,0.5662514156285391,0.11325028312570781,0.22650056625141562,0.5662514156285391,0
2025/26,856,E06000016,E06000016,856,Leicester,East Midlands,4175,149147,27.992517449227943,TRUE,199,126,0,63.31658291457286,0,0,0,0,NA,0,0,0,0,0,0,0.5025125628140703,NA
2018/19,855,E10000018,E10000018,855,Leicestershire,East Midlands,4222,206371,20.458300827151103,FALSE,NA,NA,NA,NA,NA,NA,NA,NA,NA,NA,NA,NA,NA,NA,NA,NA,NA
2019/20,855,E10000018,E10000018,855,Leicestershire,East Midlands,4751,206309,23.02856395019122,FALSE,1019,NA,163,NA,NA,760,53,NA,NA,74.5829244357213,NA,NA,NA,NA,NA,NA,NA
2020/21,855,E10000018,E10000018,855,Leicestershire,East Midlands,5288,206296,25.633070927211385,FALSE,994,NA,151,NA,NA,765,30,NA,NA,76.96177062374245,NA,NA,NA,NA,NA,NA,NA
2021/22,855,E10000018,E10000018,855,Leicestershire,East Midlands,5813,207325,28.03810442541903,FALSE,1109,NA,368,NA,NA,620,31,NA,NA,55.906221821460775,NA,NA,NA,NA,NA,NA,NA
2022/23,855,E10000018,E10000018,855,Leicestershire,East Midlands,6201,210202,29.500195050475256,FALSE,1199,NA,480,NA,721,632,65,24,87.65603328710125,52.710592160133444,0.6672226855713094,1.1676396997497915,0.16680567139282734,3.919933277731443,NA,NA,NA
2023/24,855,E10000018,E10000018,855,Leicestershire,East Midlands,6377,212924,29.94965339745637,FALSE,1412,978,250,69.26345609065156,764,645,113,6,84.42408376963351,45.67988668555241,1.4164305949008498,1.6997167138810199,0.9206798866855525,2.1954674220963173,4.53257790368272,2.762039660056657,7.8125
2024/25,855,E10000018,E10000018,855,Leicestershire,East Midlands,7196,214891,33.48674444253133,FALSE,1582,1176,276,74.33628318584071,1087,863,199,25,79.39282428702852,54.551201011378005,3.666245259165613,2.6548672566371683,1.7699115044247788,4.424778761061947,3.47661188369153,1.2642225031605563,16.363636363636363
2025/26,855,E10000018,E10000018,855,Leicestershire,East Midlands,8812,216885,40.62982686677272,TRUE,2000,1272,519,63.6,2445,2294,144,7,93.8241308793456,114.7,2.4,1.65,2.65,6.65,4.45,2.5,21.348314606741575
2018/19,209,E09000023,E09000023,209,Lewisham,London,2344,98870,23.70789926165672,FALSE,NA,NA,NA,NA,NA,NA,NA,NA,NA,NA,NA,NA,NA,NA,NA,NA,NA
2019/20,209,E09000023,E09000023,209,Lewisham,London,2627,98621,26.637328763650746,FALSE,421,NA,110,NA,NA,353,27,NA,NA,83.8479809976247,NA,NA,NA,NA,NA,NA,NA
2020/21,209,E09000023,E09000023,209,Lewisham,London,2916,96286,30.284776603036786,FALSE,499,NA,73,NA,NA,401,21,NA,NA,80.36072144288578,NA,NA,NA,NA,NA,NA,NA
2021/22,209,E09000023,E09000023,209,Lewisham,London,3231,93797,34.44673070567289,FALSE,585,NA,119,NA,NA,488,31,NA,NA,83.41880341880342,NA,NA,NA,NA,NA,NA,NA
2022/23,209,E09000023,E09000023,209,Lewisham,London,3309,92991,35.584088782785436,FALSE,652,NA,107,NA,221,199,21,1,90.04524886877829,30.521472392638035,1.5337423312883436,0.9202453987730062,0,0.15337423312883436,NA,NA,NA
2023/24,209,E09000023,E09000023,209,Lewisham,London,3558,91956,38.692418113010575,FALSE,821,520,248,63.337393422655296,301,271,30,0,90.03322259136213,33.00852618757612,1.46163215590743,0.48721071863581,0,0,7.1863580998781975,2.3142509135200973,10.169491525423728
2024/25,209,E09000023,E09000023,209,Lewisham,London,3696,91171,40.53920654594114,FALSE,646,169,281,26.1609907120743,202,199,3,0,98.51485148514851,30.804953560371516,0.46439628482972134,0.7739938080495357,0,0,3.7151702786377707,5.2631578947368425,29.166666666666668
2025/26,209,E09000023,E09000023,209,Lewisham,London,3698,93764,39.43944370973935,TRUE,664,433,165,65.21084337349397,433,421,12,0,97.22863741339492,63.403614457831324,6.927710843373494,4.216867469879518,0,0,3.1626506024096384,1.0542168674698795,9.523809523809524
2018/19,925,E10000019,E10000019,925,Lincolnshire,East Midlands,4654,214764,21.670298560280123,FALSE,NA,NA,NA,NA,NA,NA,NA,NA,NA,NA,NA,NA,NA,NA,NA,NA,NA
2019/20,925,E10000019,E10000019,925,Lincolnshire,East Midlands,5119,213950,23.926150969852767,FALSE,1390,NA,72,NA,NA,747,76,NA,NA,53.7410071942446,NA,NA,NA,NA,NA,NA,NA
2020/21,925,E10000019,E10000019,925,Lincolnshire,East Midlands,6236,213050,29.27012438394743,FALSE,1075,NA,167,NA,NA,1371,150,NA,NA,127.53488372093024,NA,NA,NA,NA,NA,NA,NA
2021/22,925,E10000019,E10000019,925,Lincolnshire,East Midlands,6534,212265,30.782276870892517,FALSE,1294,NA,328,NA,NA,587,36,NA,NA,45.36321483771252,NA,NA,NA,NA,NA,NA,NA
2022/23,925,E10000019,E10000019,925,Lincolnshire,East Midlands,6958,212034,32.81549185507984,FALSE,1252,NA,446,NA,613,577,36,0,94.12724306688418,46.08626198083067,0.3194888178913738,0,0,0,NA,NA,NA
2023/24,925,E10000019,E10000019,925,Lincolnshire,East Midlands,7607,212736,35.75793471720818,FALSE,1694,981,645,57.91027154663518,1074,1022,52,0,95.1582867783985,60.33057851239669,0.70838252656434475,0.29515938606847697,0.8264462809917356,0.4132231404958678,11.03896103896104,1.770956316410862,3.2085561497326203
2024/25,925,E10000019,E10000019,925,Lincolnshire,East Midlands,8420,212384,39.64517101099894,FALSE,1914,1088,724,56.84430512016719,1349,1301,48,0,96.44180874722016,67.97283176593521,0.9404388714733543,0.15673981191222572,1.7763845350052248,0.4179728317659352,12.382445141065832,2.19435736677116,8.016877637130802
2025/26,925,E10000019,E10000019,925,Lincolnshire,East Midlands,9381,213738,43.89018330853662,TRUE,1988,1129,743,56.7907444668008,1397,1339,58,0,95.84824624194702,67.35412474849095,0.6036217303822937,0.2012072434607646,0,0,10.160965794768611,1.7605633802816902,6.435643564356436
2018/19,341,E08000012,E08000012,341,Liverpool,North West,2608,168853,15.445387407982091,FALSE,NA,NA,NA,NA,NA,NA,NA,NA,NA,NA,NA,NA,NA,NA,NA,NA,NA
2019/20,341,E08000012,E08000012,341,Liverpool,North West,2884,168098,17.156658615807444,FALSE,918,NA,325,NA,NA,416,27,NA,NA,45.31590413943355,NA,NA,NA,NA,NA,NA,NA
2020/21,341,E08000012,E08000012,341,Liverpool,North West,3317,166573,19.913191213461968,FALSE,925,NA,382,NA,NA,560,33,NA,NA,60.54054054054054,NA,NA,NA,NA,NA,NA,NA
2021/22,341,E08000012,E08000012,341,Liverpool,North West,4015,167133,24.022784249669424,FALSE,1123,NA,248,NA,NA,832,42,NA,NA,74.08726625111309,NA,NA,NA,NA,NA,NA,NA
2022/23,341,E08000012,E08000012,341,Liverpool,North West,4979,173567,28.686328622376372,FALSE,1758,NA,474,NA,1267,1189,76,2,93.84372533543804,67.63367463026167,0.7394766780432309,0.7394766780432309,0.9670079635949943,0,NA,NA,NA
2023/24,341,E08000012,E08000012,341,Liverpool,North West,5820,178373,32.62825651864352,FALSE,1987,1275,608,64.16708605938601,1206,1162,44,0,96.35157545605307,58.48012078510317,0.9562154001006542,0.40261701056869653,0.6039255158530448,0,4.831404126824358,1.0065425264217414,1.0416666666666667
2024/25,341,E08000012,E08000012,341,Liverpool,North West,6814,181182,37.60859246503516,FALSE,2388,1374,847,57.537688442211056,1382,1297,85,0,93.849493487699,54.31323283082077,2.0100502512562812,0.2931323283082077,0.7537688442211056,1.0887772194304857,13.484087102177554,0.8375209380234506,3.1055900621118013
2025/26,341,E08000012,E08000012,341,Liverpool,North West,7875,187464,42.00806554858533,TRUE,2119,1273,742,60.075507314771116,1344,1271,73,0,94.56845238095238,59.98112317130722,1.510146295422369,0.37753657385559225,1.651722510618216,1.510146295422369,12.64747522416234,0.7550731477111845,2.611940298507463
2018/19,821,E06000032,E06000032,821,Luton,East of England,1532,82373,18.59832712175106,FALSE,NA,NA,NA,NA,NA,NA,NA,NA,NA,NA,NA,NA,NA,NA,NA,NA,NA
2019/20,821,E06000032,E06000032,821,Luton,East of England,1764,82837,21.29483201950819,FALSE,363,NA,0,NA,NA,283,0,NA,NA,77.96143250688705,NA,NA,NA,NA,NA,NA,NA
2020/21,821,E06000032,E06000032,821,Luton,East of England,1882,83033,22.66568713643973,FALSE,307,NA,53,NA,NA,240,0,NA,NA,78.17589576547232,NA,NA,NA,NA,NA,NA,NA
2021/22,821,E06000032,E06000032,821,Luton,East of England,2043,83239,24.54378356299331,FALSE,421,NA,120,NA,NA,304,0,NA,NA,72.20902612826603,NA,NA,NA,NA,NA,NA,NA
2022/23,821,E06000032,E06000032,821,Luton,East of England,2170,83878,25.87090774696583,FALSE,503,NA,72,NA,328,323,4,0,98.47560975609755,64.21471172962227,0.1988071570576541,1.9880715705765408,0.5964214711729622,0.5964214711729622,NA,NA,NA
2023/24,821,E06000032,E06000032,821,Luton,East of England,2585,85528,30.22402020390983,FALSE,652,493,89,75.61349693251533,516,513,3,0,99.4186046511628,78.68098159509202,0.9202453987730062,0.6134969325153374,0.6134969325153374,0.15337423312883436,3.2208588957055215,2.147239263803681,52.38095238095238
2024/25,821,E06000032,E06000032,821,Luton,East of England,2723,86771,31.38145232854295,FALSE,578,429,108,74.22145328719724,413,406,7,0,98.30508474576271,70.24221453287197,0,0,0.6920415224913494,0,2.7681660899653977,2.5951557093425603,0
2025/26,821,E06000032,E06000032,821,Luton,East of England,3037,85802,35.39544532761474,TRUE,519,365,130,70.32755298651253,552,544,8,0,98.55072463768116,104.81695568400771,0.1926782273603083,0.1926782273603083,0.3853564547206166,2.504816955684008,5.5876685934489405,2.697495183044316,6.896551724137931
2018/19,352,E08000003,E08000003,352,Manchester,North West,4163,217133,19.17258086057854,FALSE,NA,NA,NA,NA,NA,NA,NA,NA,NA,NA,NA,NA,NA,NA,NA,NA,NA
2019/20,352,E08000003,E08000003,352,Manchester,North West,4667,218883,21.3218934316507,FALSE,1022,NA,106,NA,NA,665,27,NA,NA,65.06849315068493,NA,NA,NA,NA,NA,NA,NA
2020/21,352,E08000003,E08000003,352,Manchester,North West,5064,218332,23.194034772731438,FALSE,822,NA,104,NA,NA,783,30,NA,NA,95.25547445255475,NA,NA,NA,NA,NA,NA,NA
2021/22,352,E08000003,E08000003,352,Manchester,North West,5792,219852,26.344995724396412,FALSE,1066,NA,52,NA,NA,949,22,NA,NA,89.02439024390245,NA,NA,NA,NA,NA,NA,NA
2022/23,352,E08000003,E08000003,352,Manchester,North West,6471,232596,27.820770778517257,FALSE,1673,NA,130,NA,1358,1313,45,0,96.68630338733432,78.48176927674835,0.2390914524805738,0.05977286312014345,0.657501494321578,0.8368200836820083,NA,NA,NA
2023/24,352,E08000003,E08000003,352,Manchester,North West,7798,237332,32.85692616250653,FALSE,2093,1703,244,81.36645962732919,1681,1601,80,0,95.24092801903629,76.49307214524606,0.7644529383659818,0.1433349259436216,1.1466794075489728,0.9077878643096035,1.433349259436216,0.1433349259436216,6.666666666666667
2024/25,352,E08000003,E08000003,352,Manchester,North West,8875,240213,36.94637675729457,FALSE,2305,1614,546,70.02169197396964,1814,1718,96,0,94.70782800441015,74.53362255965293,0.2603036876355748,0.1301518438177874,1.4316702819956617,1.1713665943600868,5.1193058568329715,0.7809110629067245,7.627118644067797
2025/26,352,E08000003,E08000003,352,Manchester,North West,9874,246722,40.020752101555594,TRUE,2269,1601,520,70.55971793741736,1729,1617,111,1,93.52226720647774,71.26487439400617,0.7933010136624064,0.044072278536800354,2.6884089907448216,1.9832525341560159,8.241516086381665,0.3966505068312032,3.2085561497326203
2018/19,887,E06000035,E06000035,887,Medway,South East,2126,90893,23.390140054789697,FALSE,NA,NA,NA,NA,NA,NA,NA,NA,NA,NA,NA,NA,NA,NA,NA,NA,NA
2019/20,887,E06000035,E06000035,887,Medway,South East,2296,90647,25.32902357496663,FALSE,474,NA,250,NA,NA,344,20,NA,NA,72.57383966244726,NA,NA,NA,NA,NA,NA,NA
2020/21,887,E06000035,E06000035,887,Medway,South East,2507,89919,27.880648138880545,FALSE,397,NA,173,NA,NA,315,13,NA,NA,79.34508816120906,NA,NA,NA,NA,NA,NA,NA
2021/22,887,E06000035,E06000035,887,Medway,South East,2697,89172,30.244919930022878,FALSE,563,NA,162,NA,NA,303,223,NA,NA,53.818827708703374,NA,NA,NA,NA,NA,NA,NA
2022/23,887,E06000035,E06000035,887,Medway,South East,2854,89736,31.80440402959793,FALSE,309,NA,54,NA,263,236,27,0,89.73384030418251,76.37540453074433,20.71197411003236,6.148867313915858,1.941747572815534,2.588996763754045,NA,NA,NA
2023/24,887,E06000035,E06000035,887,Medway,South East,3175,91203,34.812451344802255,FALSE,964,573,138,59.439834024896264,425,381,33,11,89.6470588235294,39.522821576763484,0.1037344398340249,0.3112033195020747,0.1037344398340249,0.4149377593360996,0.9336099585062241,1.3485477178423237,77.77777777777777
2024/25,887,E06000035,E06000035,887,Medway,South East,3041,92441,32.896658409147456,FALSE,989,688,180,69.56521739130434,431,377,54,0,87.47099767981439,38.119312436804854,0.910010111223458,1.0111223458038423,0,0,6.8756319514661275,2.224469160768453,19.11764705882353
2025/26,887,E06000035,E06000035,887,Medway,South East,4287,91232,46.99009119607155,TRUE,1159,802,219,69.19758412424504,1250,1127,123,0,90.16,97.23899913718724,5.780845556514237,2.5884383088869716,0,0,9.232096635030198,1.8981880931837791,5.607476635514018
2018/19,315,E09000024,E09000024,315,Merton,London,1712,66747,25.649092843124034,FALSE,NA,NA,NA,NA,NA,NA,NA,NA,NA,NA,NA,NA,NA,NA,NA,NA,NA
2019/20,315,E09000024,E09000024,315,Merton,London,1928,66752,28.883029721955896,FALSE,461,NA,39,NA,NA,327,12,NA,NA,70.93275488069415,NA,NA,NA,NA,NA,NA,NA
2020/21,315,E09000024,E09000024,315,Merton,London,2252,66040,34.10054512416717,FALSE,418,NA,15,NA,NA,403,8,NA,NA,96.41148325358851,NA,NA,NA,NA,NA,NA,NA
2021/22,315,E09000024,E09000024,315,Merton,London,2467,64952,37.98189432196084,FALSE,361,NA,52,NA,NA,334,18,NA,NA,92.5207756232687,NA,NA,NA,NA,NA,NA,NA
2022/23,315,E09000024,E09000024,315,Merton,London,2488,64833,38.37551864019866,FALSE,387,NA,87,NA,287,265,20,2,92.33449477351917,68.47545219638243,0.7751937984496124,0.5167958656330749,0.5167958656330749,0.5167958656330749,NA,NA,NA
2023/24,315,E09000024,E09000024,315,Merton,London,2587,65404,39.55415570913094,FALSE,534,373,135,69.8501872659176,416,399,15,2,95.91346153846153,74.71910112359551,0.9363295880149812,0,0.5617977528089888,0.18726591760299627,3.183520599250936,0.5617977528089888,0
2024/25,315,E09000024,E09000024,315,Merton,London,2730,64936,42.0413946039177,FALSE,594,452,121,76.0942760942761,427,420,7,0,98.36065573770492,70.70707070707071,0.8417508417508418,0,0.5050505050505051,0.16835016835016836,2.0202020202020203,0.8417508417508418,8.333333333333334
2025/26,315,E09000024,E09000024,315,Merton,London,2917,65613,44.457653208967734,TRUE,607,436,147,71.82866556836903,535,510,25,0,95.32710280373831,84.01976935749587,2.3064250411861615,0.9884678747940692,0.6589785831960461,2.471169686985173,1.812191103789127,0.9884678747940692,9.090909090909092
2018/19,806,E06000002,E06000002,806,Middlesbrough,North East,1184,49366,23.984118624154277,FALSE,NA,NA,NA,NA,NA,NA,NA,NA,NA,NA,NA,NA,NA,NA,NA,NA,NA
2019/20,806,E06000002,E06000002,806,Middlesbrough,North East,1224,49323,24.816008758591327,FALSE,213,NA,56,NA,NA,127,9,NA,NA,59.624413145539904,NA,NA,NA,NA,NA,NA,NA
2020/21,806,E06000002,E06000002,806,Middlesbrough,North East,1272,48849,26.039427623902228,FALSE,184,NA,40,NA,NA,113,5,NA,NA,61.41304347826087,NA,NA,NA,NA,NA,NA,NA
2021/22,806,E06000002,E06000002,806,Middlesbrough,North East,1370,48813,28.06629381517219,FALSE,324,NA,5,NA,NA,184,1,NA,NA,56.79012345679013,NA,NA,NA,NA,NA,NA,NA
2022/23,806,E06000002,E06000002,806,Middlesbrough,North East,1607,50208,32.00685149776928,FALSE,512,NA,58,NA,391,389,2,0,99.48849104859335,75.9765625,0,0.1953125,0,0,NA,NA,NA
2023/24,806,E06000002,E06000002,806,Middlesbrough,North East,1872,50898,36.779441235412,FALSE,523,345,111,65.96558317399618,430,427,3,0,99.30232558139535,81.64435946462716,0,0,0.19120458891013384,0.5736137667304015,1.147227533460803,0.3824091778202677,0
2024/25,806,E06000002,E06000002,806,Middlesbrough,North East,2019,50980,39.60376618281679,FALSE,436,267,135,61.23853211009175,314,314,0,0,100,72.01834862385321,0,0,0.22935779816513763,1.6055045871559632,4.587155963302752,0,0
2025/26,806,E06000002,E06000002,806,Middlesbrough,North East,2133,51461,41.44886418841453,TRUE,446,298,120,66.81614349775785,317,315,2,0,99.36908517350157,70.62780269058295,1.5695067264573992,0.2242152466367713,0.4484304932735426,0,6.053811659192825,0,0
2018/19,826,E06000042,E06000042,826,Milton Keynes,South East,1807,92264,19.585103615711436,FALSE,NA,NA,NA,NA,NA,NA,NA,NA,NA,NA,NA,NA,NA,NA,NA,NA,NA
2019/20,826,E06000042,E06000042,826,Milton Keynes,South East,2068,92607,22.33092530802207,FALSE,370,NA,132,NA,NA,292,4,NA,NA,78.91891891891892,NA,NA,NA,NA,NA,NA,NA
2020/21,826,E06000042,E06000042,826,Milton Keynes,South East,2276,92826,24.518992523646393,FALSE,392,NA,88,NA,NA,300,7,NA,NA,76.53061224489795,NA,NA,NA,NA,NA,NA,NA
2021/22,826,E06000042,E06000042,826,Milton Keynes,South East,2439,93991,25.949293017416558,FALSE,506,NA,141,NA,NA,305,32,NA,NA,60.276679841897234,NA,NA,NA,NA,NA,NA,NA
2022/23,826,E06000042,E06000042,826,Milton Keynes,South East,2387,94664,25.215499028141636,FALSE,574,NA,42,NA,283,257,26,0,90.81272084805654,44.77351916376307,0,1.916376306620209,0,0.34843205574912894,NA,NA,NA
2023/24,826,E06000042,E06000042,826,Milton Keynes,South East,2768,96601,28.653947681701016,FALSE,761,459,0,60.31537450722733,363,328,35,0,90.35812672176309,43.1011826544021,0.1314060446780552,1.971090670170828,0,0,0.2628120893561104,5.519053876478318,50
2024/25,826,E06000042,E06000042,826,Milton Keynes,South East,2982,97680,30.528255528255528,FALSE,846,591,0,69.8581560283688,363,353,10,0,97.24517906336088,41.725768321513,0.8274231678486997,0.5910165484633569,1.5366430260047281,0,9.692671394799055,2.8368794326241136,9.75609756097561
2025/26,826,E06000042,E06000042,826,Milton Keynes,South East,3202,96019,33.34756662743832,TRUE,749,296,0,39.51935914552737,393,312,81,0,79.38931297709924,41.655540720961284,1.2016021361815754,3.6048064085447264,1.7356475300400533,0,4.138851802403204,11.748998664886516,12.903225806451612
2018/19,391,E08000021,E08000021,391,Newcastle upon Tyne,North East,1490,112632,13.2289225087009,FALSE,NA,NA,NA,NA,NA,NA,NA,NA,NA,NA,NA,NA,NA,NA,NA,NA,NA
2019/20,391,E08000021,E08000021,391,Newcastle upon Tyne,North East,1701,113109,15.038591093546932,FALSE,458,NA,84,NA,NA,314,6,NA,NA,68.5589519650655,NA,NA,NA,NA,NA,NA,NA
2020/21,391,E08000021,E08000021,391,Newcastle upon Tyne,North East,1884,112710,16.715464466329518,FALSE,351,NA,51,NA,NA,276,3,NA,NA,78.63247863247864,NA,NA,NA,NA,NA,NA,NA
2021/22,391,E08000021,E08000021,391,Newcastle upon Tyne,North East,2084,111654,18.664803768785713,FALSE,448,NA,31,NA,NA,265,7,NA,NA,59.151785714285715,NA,NA,NA,NA,NA,NA,NA
2022/23,391,E08000021,E08000021,391,Newcastle upon Tyne,North East,2426,115147,21.06872085247553,FALSE,658,NA,30,NA,518,494,24,0,95.36679536679537,75.07598784194529,0,0.45592705167173253,0,0.303951367781155,NA,NA,NA
2023/24,391,E08000021,E08000021,391,Newcastle upon Tyne,North East,2769,119000,23.268907563025213,FALSE,645,535,89,82.94573643410853,526,485,41,0,92.20532319391636,75.1937984496124,0.9302325581395349,0.31007751937984496,0.7751937984496124,0.15503875968992248,0.7751937984496124,0.31007751937984496,0
2024/25,391,E08000021,E08000021,391,Newcastle upon Tyne,North East,3095,122657,25.232966728356313,FALSE,730,556,134,76.16438356164383,571,499,72,0,87.39054290718039,68.35616438356165,3.4246575342465753,1.36986301369863,0.684931506849315,0.273972602739726,1.917808219178082,0.821917808219178,0
2025/26,391,E08000021,E08000021,391,Newcastle upon Tyne,North East,3496,123703,28.261238611836415,TRUE,725,516,139,71.17241379310344,613,558,55,0,91.02773246329527,76.96551724137932,2.7586206896551726,1.6551724137931034,4.275862068965517,0.41379310344827586,4.137931034482759,1.9310344827586208,3.3333333333333335
2018/19,316,E09000025,E09000025,316,Newham,London,906,131117,6.909859133445702,FALSE,NA,NA,NA,NA,NA,NA,NA,NA,NA,NA,NA,NA,NA,NA,NA,NA,NA
2019/20,316,E09000025,E09000025,316,Newham,London,1300,131413,9.892476391224612,FALSE,512,NA,54,NA,NA,524,30,NA,NA,102.34375,NA,NA,NA,NA,NA,NA,NA
2020/21,316,E09000025,E09000025,316,Newham,London,1606,129277,12.422936794634778,FALSE,559,NA,31,NA,NA,451,13,NA,NA,80.67978533094812,NA,NA,NA,NA,NA,NA,NA
2021/22,316,E09000025,E09000025,316,Newham,London,1867,127766,14.612651253072022,FALSE,717,NA,129,NA,NA,370,9,NA,NA,51.60390516039052,NA,NA,NA,NA,NA,NA,NA
2022/23,316,E09000025,E09000025,316,Newham,London,2618,131803,19.86297732221573,FALSE,703,NA,183,NA,522,505,11,6,96.74329501915709,71.83499288762447,0.2844950213371266,0.4267425320056899,0.4267425320056899,0.2844950213371266,NA,NA,NA
2023/24,316,E09000025,E09000025,316,Newham,London,2705,136161,19.866187821769817,FALSE,756,539,139,71.29629629629629,414,412,2,0,99.51690821256038,54.4973544973545,0.13227513227513227,0.13227513227513227,0,0,4.232804232804233,1.8518518518518519,18.75
2024/25,316,E09000025,E09000025,316,Newham,London,1199,137521,8.718668421550163,FALSE,1008,734,190,72.81746031746032,683,655,28,0,95.90043923865301,64.98015873015873,0.1984126984126984,0.8928571428571429,0,0.2976190476190476,4.265873015873016,1.1904761904761905,2.3255813953488373
2025/26,316,E09000025,E09000025,316,Newham,London,3639,139066,26.16743129161693,TRUE,1000,695,225,69.5,879,836,43,0,95.10807736063708,83.6,1.5,0.3,1.9,2,6.5,0.6,3.076923076923077
2018/19,926,E10000020,E10000020,926,Norfolk,East of England,6152,251096,24.500589416000256,FALSE,NA,NA,NA,NA,NA,NA,NA,NA,NA,NA,NA,NA,NA,NA,NA,NA,NA
2019/20,926,E10000020,E10000020,926,Norfolk,East of England,6689,249297,26.831450037505462,FALSE,1267,NA,328,NA,NA,655,91,NA,NA,51.69692186266772,NA,NA,NA,NA,NA,NA,NA
2020/21,926,E10000020,E10000020,926,Norfolk,East of England,7753,247787,31.28896996210455,FALSE,1020,NA,119,NA,NA,1253,104,NA,NA,122.84313725490196,NA,NA,NA,NA,NA,NA,NA
2021/22,926,E10000020,E10000020,926,Norfolk,East of England,8671,247854,34.984305276493416,FALSE,1456,NA,132,NA,NA,1032,75,NA,NA,70.87912087912088,NA,NA,NA,NA,NA,NA,NA
2022/23,926,E10000020,E10000020,926,Norfolk,East of England,8735,248178,35.19651218077348,FALSE,2093,NA,310,NA,554,465,89,0,83.93501805054152,22.216913521261347,0.5255613951266125,0.047778308647873864,0.047778308647873864,0.716674629718108,NA,NA,NA
2023/24,926,E10000020,E10000020,926,Norfolk,East of England,10736,248462,43.2098268548108,FALSE,2444,1790,430,73.240589198036,2471,2330,141,0,94.293808174828,95.3355155482815,2.5777414075286416,0.613747954173486,1.0638297872340425,4.869067103109656,4.173486088379706,0.6546644844517185,2.9411764705882355
2024/25,926,E10000020,E10000020,926,Norfolk,East of England,12147,247731,49.03302372331279,FALSE,2562,2176,333,84.93364558938329,2245,2031,214,0,90.46770601336303,79.27400468384074,3.200624512099922,1.053864168618267,0.741608118657299,3.708040593286495,4.957064793130367,0.8587041373926619,7.874015748031496
2025/26,926,E10000020,E10000020,926,Norfolk,East of England,13777,251809,54.71210322109218,TRUE,2382,1972,347,82.78757346767422,2332,2092,240,0,89.70840480274443,87.82535684298908,3.4005037783375314,1.343408900083963,0.8816120906801007,4.534005037783375,5.205709487825357,0.6717044500419815,5.645161290322581
2018/19,812,E06000012,E06000012,812,North East Lincolnshire,Yorkshire and The Humber,892,47323,18.849185385541915,FALSE,NA,NA,NA,NA,NA,NA,NA,NA,NA,NA,NA,NA,NA,NA,NA,NA,NA
2019/20,812,E06000012,E06000012,812,North East Lincolnshire,Yorkshire and The Humber,1029,46680,22.043701799485863,FALSE,239,NA,38,NA,NA,197,13,NA,NA,82.42677824267783,NA,NA,NA,NA,NA,NA,NA
2020/21,812,E06000012,E06000012,812,North East Lincolnshire,Yorkshire and The Humber,1149,45954,25.003264133698917,FALSE,211,NA,3,NA,NA,206,5,NA,NA,97.6303317535545,NA,NA,NA,NA,NA,NA,NA
2021/22,812,E06000012,E06000012,812,North East Lincolnshire,Yorkshire and The Humber,1230,45727,26.89876877993308,FALSE,281,NA,47,NA,NA,147,8,NA,NA,52.313167259786475,NA,NA,NA,NA,NA,NA,NA
2022/23,812,E06000012,E06000012,812,North East Lincolnshire,Yorkshire and The Humber,1406,45509,30.89498780461008,FALSE,326,NA,37,NA,125,111,14,0,88.8,34.04907975460123,1.2269938650306749,0.3067484662576687,0,0.3067484662576687,NA,NA,NA
2023/24,812,E06000012,E06000012,812,North East Lincolnshire,Yorkshire and The Humber,1674,45527,36.76938959298877,FALSE,423,309,82,73.04964539007092,384,346,38,0,90.10416666666667,81.7966903073286,1.8912529550827424,0.2364066193853428,0.9456264775413712,0,0.4728132387706856,0,0
2024/25,812,E06000012,E06000012,812,North East Lincolnshire,Yorkshire and The Humber,1983,45547,43.537444837201136,FALSE,502,362,89,72.11155378486056,416,396,20,0,95.1923076923077,78.88446215139442,3.187250996015936,0.398406374501992,0.199203187250996,0,3.9840637450199203,0.398406374501992,10
2025/26,812,E06000012,E06000012,812,North East Lincolnshire,Yorkshire and The Humber,2261,44558,50.742852013106514,TRUE,503,398,67,79.12524850894633,427,339,21,0,79.39110070257611,67.39562624254474,1.1928429423459244,0.1988071570576541,0,0,3.3797216699801194,0.5964214711729622,17.647058823529413
2018/19,813,E06000013,E06000013,813,North Lincolnshire,Yorkshire and The Humber,913,48754,18.726668581039505,FALSE,NA,NA,NA,NA,NA,NA,NA,NA,NA,NA,NA,NA,NA,NA,NA,NA,NA
2019/20,813,E06000013,E06000013,813,North Lincolnshire,Yorkshire and The Humber,977,48148,20.29160089723353,FALSE,175,NA,36,NA,NA,121,3,NA,NA,69.14285714285714,NA,NA,NA,NA,NA,NA,NA
2020/21,813,E06000013,E06000013,813,North Lincolnshire,Yorkshire and The Humber,1059,47752,22.177081588205727,FALSE,178,NA,35,NA,NA,146,2,NA,NA,82.02247191011236,NA,NA,NA,NA,NA,NA,NA
2021/22,813,E06000013,E06000013,813,North Lincolnshire,Yorkshire and The Humber,1149,47119,24.385067594813133,FALSE,267,NA,74,NA,NA,158,4,NA,NA,59.176029962546814,NA,NA,NA,NA,NA,NA,NA
2022/23,813,E06000013,E06000013,813,North Lincolnshire,Yorkshire and The Humber,1314,46870,28.03499039897589,FALSE,304,NA,63,NA,154,149,5,0,96.75324675324676,49.01315789473684,0.6578947368421053,0,0,0.32894736842105265,NA,NA,NA
2023/24,813,E06000013,E06000013,813,North Lincolnshire,Yorkshire and The Humber,1454,46607,31.197030488982342,FALSE,403,235,104,58.312655086848636,160,152,8,0,95,37.71712158808933,0,0,0.49627791563275436,0,2.977667493796526,1.488833746898263,41.666666666666664
2024/25,813,E06000013,E06000013,813,North Lincolnshire,Yorkshire and The Humber,1664,46686,35.64237672964058,FALSE,416,258,112,62.01923076923077,194,191,3,0,98.45360824742268,45.91346153846154,0.2403846153846154,0.2403846153846154,0,0,4.326923076923077,1.2019230769230769,22.22222222222222
2025/26,813,E06000013,E06000013,813,North Lincolnshire,Yorkshire and The Humber,1941,46047,42.15258323017786,TRUE,546,391,93,71.6117216117216,390,381,9,0,97.6923076923077,69.78021978021978,0,0,0,0.3663003663003663,1.6483516483516483,0.7326007326007326,0
2021/22,940,E06000061,E06000061,940,North Northamptonshire,East Midlands,2842,107840,26.35385756676558,FALSE,406,NA,105,NA,NA,470,53,NA,NA,115.76354679802955,NA,NA,NA,NA,NA,NA,NA
2022/23,940,E06000061,E06000061,940,North Northamptonshire,East Midlands,3529,107944,32.69287778848292,FALSE,980,NA,261,NA,807,741,28,21,91.82156133828997,75.61224489795919,1.1224489795918366,1.0204081632653061,0.6122448979591837,4.183673469387755,NA,NA,NA
2023/24,940,E06000061,E06000061,940,North Northamptonshire,East Midlands,3819,108960,35.04955947136564,FALSE,1065,738,220,69.29577464788733,619,575,44,0,92.89176090468497,53.990610328638496,1.5023474178403755,3.8497652582159625,0.9389671361502347,2.535211267605634,3.943661971830986,4.31924882629108,11.904761904761905
2024/25,940,E06000061,E06000061,940,North Northamptonshire,East Midlands,4551,110332,41.24823260704056,FALSE,1329,1034,295,77.80285929270129,1029,988,41,0,96.01554907677357,74.3416102332581,1.5048908954100828,4.514672686230249,0.6019563581640331,3.686982693754703,5.492851768246802,2.708803611738149,9.58904109589041
2025/26,940,E06000061,E06000061,940,North Northamptonshire,East Midlands,5372,108729,49.40724185819791,TRUE,1383,1042,234,75.34345625451917,1092,1039,53,0,95.14652014652015,75.12653651482285,1.0122921185827911,0.6507592190889371,0.7230657989877078,1.6630513376717282,3.3261026753434564,1.5184381778741864,8.695652173913043
2018/19,802,E06000024,E06000024,802,North Somerset,South West,900,58476,15.390929612148573,FALSE,NA,NA,NA,NA,NA,NA,NA,NA,NA,NA,NA,NA,NA,NA,NA,NA,NA
2019/20,802,E06000024,E06000024,802,North Somerset,South West,1022,58586,17.444440651350153,FALSE,367,NA,96,NA,NA,168,18,NA,NA,45.776566757493185,NA,NA,NA,NA,NA,NA,NA
2020/21,802,E06000024,E06000024,802,North Somerset,South West,1287,58452,22.01806610552248,FALSE,333,NA,30,NA,NA,298,20,NA,NA,89.48948948948949,NA,NA,NA,NA,NA,NA,NA
2021/22,802,E06000024,E06000024,802,North Somerset,South West,1556,58634,26.53750383736399,FALSE,453,NA,111,NA,NA,308,1,NA,NA,67.99116997792494,NA,NA,NA,NA,NA,NA,NA
2022/23,802,E06000024,E06000024,802,North Somerset,South West,1785,58684,30.41714947856315,FALSE,564,NA,107,NA,363,322,41,0,88.70523415977961,57.09219858156028,2.127659574468085,0.3546099290780142,0.5319148936170213,2.482269503546099,NA,NA,NA
2023/24,802,E06000024,E06000024,802,North Somerset,South West,2114,59339,35.62581101804884,FALSE,813,566,201,69.61869618696187,508,432,76,0,85.03937007874016,53.13653136531365,2.2140221402214024,0.12300123001230012,0.24600246002460024,0.12300123001230012,2.5830258302583027,1.1070110701107012,0
2024/25,802,E06000024,E06000024,802,North Somerset,South West,2644,59920,44.12550066755674,FALSE,1092,607,431,55.586080586080584,714,626,88,0,87.6750700280112,57.32600732600733,2.0146520146520146,0.8241758241758241,0.3663003663003663,0.3663003663003663,6.684981684981685,3.1135531135531136,4.109589041095891
2025/26,802,E06000024,E06000024,802,North Somerset,South West,3007,59106,50.87469969207864,TRUE,957,518,404,54.12748171368861,544,493,51,0,90.625,51.515151515151516,1.6718913270637408,1.2539184952978057,0.7314524555903866,0.6269592476489029,6.896551724137931,2.716823406478579,7.575757575757576
2018/19,392,E08000022,E08000022,392,North Tyneside,North East,1217,57062,21.327678665311417,FALSE,NA,NA,NA,NA,NA,NA,NA,NA,NA,NA,NA,NA,NA,NA,NA,NA,NA
2019/20,392,E08000022,E08000022,392,North Tyneside,North East,1606,57355,28.00104611629326,FALSE,406,NA,4,NA,NA,377,4,NA,NA,92.85714285714286,NA,NA,NA,NA,NA,NA,NA
2020/21,392,E08000022,E08000022,392,North Tyneside,North East,1851,57337,32.2828191220329,FALSE,352,NA,35,NA,NA,291,14,NA,NA,82.67045454545455,NA,NA,NA,NA,NA,NA,NA
2021/22,392,E08000022,E08000022,392,North Tyneside,North East,2047,57169,35.806118700694434,FALSE,371,NA,72,NA,NA,321,16,NA,NA,86.52291105121294,NA,NA,NA,NA,NA,NA,NA
2022/23,392,E08000022,E08000022,392,North Tyneside,North East,2112,57227,36.905656420920195,FALSE,475,NA,151,NA,310,269,41,0,86.7741935483871,56.63157894736842,4.631578947368421,2.1052631578947367,1.6842105263157894,2.1052631578947367,NA,NA,NA
2023/24,392,E08000022,E08000022,392,North Tyneside,North East,2167,57281,37.83104345245369,FALSE,440,207,203,47.04545454545455,230,192,38,0,83.47826086956522,43.63636363636363,2.0454545454545454,1.8181818181818181,0.9090909090909091,4.7727272727272725,9.318181818181818,8.181818181818182,12.195121951219512
2024/25,392,E08000022,E08000022,392,North Tyneside,North East,2298,57750,39.7922077922078,FALSE,452,375,70,82.96460176991151,317,267,49,1,84.22712933753944,59.07079646017699,3.0973451327433628,3.0973451327433628,0.8849557522123894,4.867256637168142,5.752212389380531,4.20353982300885,23.076923076923077
2025/26,392,E08000022,E08000022,392,North Tyneside,North East,2590,57419,45.10702032428291,TRUE,570,454,90,79.64912280701755,495,452,43,0,91.31313131313131,79.29824561403508,5.2631578947368425,3.3333333333333335,2.807017543859649,0.17543859649122806,6.491228070175438,2.6315789473684212,40.54054054054054
2018/19,815,E10000023,E06000065,815,North Yorkshire,Yorkshire and The Humber,2825,159054,17.76126347026796,FALSE,NA,NA,NA,NA,NA,NA,NA,NA,NA,NA,NA,NA,NA,NA,NA,NA,NA
2019/20,815,E10000023,E06000065,815,North Yorkshire,Yorkshire and The Humber,3102,158349,19.589640603982343,FALSE,706,NA,158,NA,NA,433,62,NA,NA,61.331444759206796,NA,NA,NA,NA,NA,NA,NA
2020/21,815,E10000023,E06000065,815,North Yorkshire,Yorkshire and The Humber,3540,157088,22.535139539621103,FALSE,669,NA,87,NA,NA,467,58,NA,NA,69.80568011958147,NA,NA,NA,NA,NA,NA,NA
2021/22,815,E10000023,E06000065,815,North Yorkshire,Yorkshire and The Humber,4000,158120,25.29724260055654,FALSE,729,NA,68,NA,NA,494,63,NA,NA,67.76406035665295,NA,NA,NA,NA,NA,NA,NA
2022/23,815,E10000023,E06000065,815,North Yorkshire,Yorkshire and The Humber,4427,157746,28.064103051741405,FALSE,971,NA,112,NA,981,793,188,0,80.83588175331295,81.66838311019568,5.561277033985582,1.3388259526261586,2.059732234809475,0.7209062821833162,NA,NA,NA
2023/24,815,E10000023,E06000065,815,North Yorkshire,Yorkshire and The Humber,4927,157159,31.35041582092021,FALSE,1316,953,41,72.41641337386018,754,628,108,18,83.28912466843501,47.72036474164134,0.5319148936170213,0,1.5957446808510638,2.9635258358662613,3.0395136778115504,0.9118541033434651,5
2024/25,815,E10000023,E06000065,815,North Yorkshire,Yorkshire and The Humber,5486,158157,34.68705147416808,FALSE,1234,773,306,62.6418152350081,1114,757,339,18,67.95332136445242,61.3452188006483,15.39708265802269,0.8914100486223663,4.862236628849271,0.4862236628849271,12.236628849270664,0.4051863857374392,0.6622516556291391
2025/26,815,E10000023,E06000065,815,North Yorkshire,Yorkshire and The Humber,6444,155842,41.3495720024127,TRUE,1412,1087,210,76.98300283286119,1445,1272,168,5,88.02768166089966,90.08498583569406,6.232294617563739,0.141643059490085,5.878186968838527,0,8.711048158640226,0.141643059490085,0
2018/19,928,E10000021,E10000021,928,Northamptonshire,East Midlands,4111,238454,17.2402224328382,FALSE,NA,NA,NA,NA,NA,NA,NA,NA,NA,NA,NA,NA,NA,NA,NA,NA,NA
2019/20,928,E10000021,E10000021,928,Northamptonshire,East Midlands,4337,238940,18.151000251109064,FALSE,1144,NA,192,NA,NA,608,135,NA,NA,53.14685314685315,NA,NA,NA,NA,NA,NA,NA
2020/21,928,E10000021,E10000021,928,Northamptonshire,East Midlands,4847,237112,20.4418165255238,FALSE,1071,NA,132,NA,NA,777,94,NA,NA,72.54901960784314,NA,NA,NA,NA,NA,NA,NA
2018/19,929,E06000057,E06000057,929,Northumberland,North East,2058,81828,25.150315295497872,FALSE,NA,NA,NA,NA,NA,NA,NA,NA,NA,NA,NA,NA,NA,NA,NA,NA,NA
2019/20,929,E06000057,E06000057,929,Northumberland,North East,2173,81612,26.62598637455276,FALSE,533,NA,159,NA,NA,300,6,NA,NA,56.28517823639775,NA,NA,NA,NA,NA,NA,NA
2020/21,929,E06000057,E06000057,929,Northumberland,North East,2392,81052,29.511918274687854,FALSE,449,NA,94,NA,NA,365,5,NA,NA,81.29175946547885,NA,NA,NA,NA,NA,NA,NA
2021/22,929,E06000057,E06000057,929,Northumberland,North East,2650,81246,32.61699037491077,FALSE,513,NA,72,NA,NA,360,7,NA,NA,70.17543859649123,NA,NA,NA,NA,NA,NA,NA
2022/23,929,E06000057,E06000057,929,Northumberland,North East,2877,81135,35.45941948604178,FALSE,682,NA,62,NA,474,471,3,0,99.36708860759494,69.06158357771261,0,0,0.5865102639296188,0,NA,NA,NA
2023/24,929,E06000057,E06000057,929,Northumberland,North East,3310,81297,40.71490952925692,FALSE,842,670,111,79.57244655581948,595,592,3,0,99.49579831932773,70.30878859857482,0.1187648456057007,0.1187648456057007,3.4441805225653206,0,4.038004750593824,0.4750593824228028,5.882352941176471
2024/25,929,E06000057,E06000057,929,Northumberland,North East,3873,81431,47.56173938672004,FALSE,1021,704,285,68.95200783545543,769,751,18,0,97.6592977893368,73.55533790401567,0.5876591576885406,0.3917727717923604,2.0568070519098924,0,6.170421155729676,1.5670910871694417,7.936507936507937
2025/26,929,E06000057,E06000057,929,Northumberland,North East,4163,80116,51.96215487543063,TRUE,923,558,342,60.45503791982665,631,572,59,0,90.64976228209191,61.971830985915496,2.058504875406284,0.4333694474539545,7.6923076923076925,0,10.942578548212351,1.191765980498375,1.9801980198019802
2018/19,892,E06000018,E06000018,892,Nottingham,East Midlands,1021,135638,7.527389079756411,FALSE,NA,NA,NA,NA,NA,NA,NA,NA,NA,NA,NA,NA,NA,NA,NA,NA,NA
2019/20,892,E06000018,E06000018,892,Nottingham,East Midlands,1106,134837,8.202496347441727,FALSE,263,NA,70,NA,NA,159,29,NA,NA,60.456273764258555,NA,NA,NA,NA,NA,NA,NA
2020/21,892,E06000018,E06000018,892,Nottingham,East Midlands,1231,133781,9.201605609167222,FALSE,237,NA,85,NA,NA,160,27,NA,NA,67.51054852320675,NA,NA,NA,NA,NA,NA,NA
2021/22,892,E06000018,E06000018,892,Nottingham,East Midlands,1311,132206,9.916342677336882,FALSE,276,NA,105,NA,NA,153,33,NA,NA,55.43478260869565,NA,NA,NA,NA,NA,NA,NA
2022/23,892,E06000018,E06000018,892,Nottingham,East Midlands,1371,138268,9.915526369080336,FALSE,365,NA,111,NA,179,156,23,0,87.15083798882682,42.73972602739726,0.821917808219178,0.821917808219178,0,1.36986301369863,NA,NA,NA
2023/24,892,E06000018,E06000018,892,Nottingham,East Midlands,2115,136806,15.459848252269637,FALSE,496,350,104,70.56451612903226,358,334,24,0,93.29608938547486,67.33870967741936,1.2096774193548387,0.4032258064516129,0.4032258064516129,1.6129032258064515,3.8306451612903225,1.6129032258064515,5.2631578947368425
2024/25,892,E06000018,E06000018,892,Nottingham,East Midlands,1909,139337,13.700596395788628,FALSE,579,419,137,72.36614853195164,305,295,10,0,96.72131147540983,50.94991364421416,0.5181347150259067,0.3454231433506045,0.690846286701209,2.5906735751295336,5.526770293609672,1.381692573402418,12.5
2025/26,892,E06000018,E06000018,892,Nottingham,East Midlands,2311,146324,15.793718050354007,TRUE,788,522,71,66.24365482233503,580,568,12,0,97.93103448275862,72.08121827411168,1.015228426395939,0.38071065989847713,0,0,3.934010152284264,2.7918781725888326,12.903225806451612
2018/19,891,E10000024,E10000024,891,Nottinghamshire,East Midlands,2825,231466,12.204816258111343,FALSE,NA,NA,NA,NA,NA,NA,NA,NA,NA,NA,NA,NA,NA,NA,NA,NA,NA
2019/20,891,E10000024,E10000024,891,Nottinghamshire,East Midlands,2991,230682,12.965901110619814,FALSE,667,NA,177,NA,NA,363,149,NA,NA,54.42278860569715,NA,NA,NA,NA,NA,NA,NA
2020/21,891,E10000024,E10000024,891,Nottinghamshire,East Midlands,3033,229805,13.198146254433105,FALSE,674,NA,148,NA,NA,465,145,NA,NA,68.99109792284867,NA,NA,NA,NA,NA,NA,NA
2021/22,891,E10000024,E10000024,891,Nottinghamshire,East Midlands,3360,229672,14.629558674979972,FALSE,811,NA,184,NA,NA,409,147,NA,NA,50.43156596794081,NA,NA,NA,NA,NA,NA,NA
2022/23,891,E10000024,E10000024,891,Nottinghamshire,East Midlands,3741,231944,16.128893181112684,FALSE,1087,NA,228,NA,621,509,112,0,81.9645732689211,46.826126954921804,3.4958601655933763,1.5639374425022998,1.2879484820607177,1.9319227230910763,NA,NA,NA
2023/24,891,E10000024,E10000024,891,Nottinghamshire,East Midlands,4275,234328,18.24365846164351,FALSE,1380,981,244,71.08695652173913,881,733,148,0,83.20090805902383,53.11594202898551,5.36231884057971,0.7246376811594203,0.2898550724637681,0.36231884057971014,3.6956521739130435,0.7246376811594203,5.882352941176471
2024/25,891,E10000024,E10000024,891,Nottinghamshire,East Midlands,5422,235878,22.986459101739033,FALSE,1719,1203,318,69.9825479930192,1448,1286,162,0,88.8121546961326,74.8109365910413,4.18848167539267,1.1052937754508436,2.734147760325771,3.8394415357766145,1.6870273414776034,0.34904013961605584,0
2025/26,891,E10000024,E10000024,891,Nottinghamshire,East Midlands,6265,237087,26.424898876783626,TRUE,1762,1115,481,63.280363223609534,1159,1072,87,0,92.49352890422779,60.83995459704881,2.1566401816118046,0.8513053348467651,1.5891032917139614,2.7809307604994324,3.6322360953461974,1.4755959137343928,12.5
2018/19,353,E08000004,E08000004,353,Oldham,North West,2056,84181,24.423563511956377,FALSE,NA,NA,NA,NA,NA,NA,NA,NA,NA,NA,NA,NA,NA,NA,NA,NA,NA
2019/20,353,E08000004,E08000004,353,Oldham,North West,2314,84941,27.242438869332833,FALSE,396,NA,96,NA,NA,305,47,NA,NA,77.02020202020202,NA,NA,NA,NA,NA,NA,NA
2020/21,353,E08000004,E08000004,353,Oldham,North West,2427,84753,28.63615447240806,FALSE,339,NA,96,NA,NA,230,53,NA,NA,67.84660766961652,NA,NA,NA,NA,NA,NA,NA
2021/22,353,E08000004,E08000004,353,Oldham,North West,2661,84697,31.417877846913115,FALSE,438,NA,101,NA,NA,282,37,NA,NA,64.38356164383562,NA,NA,NA,NA,NA,NA,NA
2022/23,353,E08000004,E08000004,353,Oldham,North West,2670,85749,31.13738935731029,FALSE,484,NA,130,NA,278,231,47,0,83.09352517985612,47.72727272727273,5.785123966942149,0.2066115702479339,0,0,NA,NA,NA
2023/24,353,E08000004,E08000004,353,Oldham,North West,3336,86404,38.60932364242396,FALSE,753,513,210,68.12749003984064,530,449,81,0,84.71698113207547,59.62815405046481,7.171314741035856,0.9296148738379814,0,0,13.54581673306773,2.1248339973439574,13.72549019607843
2024/25,353,E08000004,E08000004,353,Oldham,North West,3652,87575,41.701398801027686,FALSE,865,616,194,71.21387283236994,465,417,48,0,89.6774193548387,48.20809248554913,2.7745664739884393,0.3468208092485549,9.710982658959537,9.710982658959537,5.317919075144508,1.5028901734104045,15.217391304347826
2025/26,353,E08000004,E08000004,353,Oldham,North West,3959,85877,46.100818612666956,TRUE,872,544,255,62.38532110091743,406,348,58,0,85.71428571428571,39.908256880733944,3.555045871559633,1.7201834862385321,11.123853211009175,11.123853211009175,6.307339449541284,1.3761467889908257,10.909090909090908
2018/19,931,E10000025,E10000025,931,Oxfordshire,South East,3554,221468,16.04746509653765,FALSE,NA,NA,NA,NA,NA,NA,NA,NA,NA,NA,NA,NA,NA,NA,NA,NA,NA
2019/20,931,E10000025,E10000025,931,Oxfordshire,South East,4017,221216,18.15872269636916,FALSE,1023,NA,195,NA,NA,619,2,NA,NA,60.50830889540567,NA,NA,NA,NA,NA,NA,NA
2020/21,931,E10000025,E10000025,931,Oxfordshire,South East,4627,221020,20.93475703556239,FALSE,1078,NA,197,NA,NA,828,17,NA,NA,76.80890538033395,NA,NA,NA,NA,NA,NA,NA
2021/22,931,E10000025,E10000025,931,Oxfordshire,South East,5025,223583,22.474875102311,FALSE,1170,NA,195,NA,NA,694,53,NA,NA,59.31623931623932,NA,NA,NA,NA,NA,NA,NA
2022/23,931,E10000025,E10000025,931,Oxfordshire,South East,5427,227333,23.872469021215576,FALSE,1117,NA,202,NA,792,675,117,0,85.22727272727273,60.42972247090421,2.4171888988361685,1.9695613249776187,1.611459265890779,2.2381378692927485,NA,NA,NA
2023/24,931,E10000025,E10000025,931,Oxfordshire,South East,6420,231411,27.742847142097826,FALSE,1384,1146,218,82.80346820809248,1336,1220,114,2,91.31736526946108,88.15028901734104,1.9508670520231215,1.7341040462427746,2.8901734104046244,4.76878612716763,8.453757225433526,8.453757225433526,34.18803418803419
2024/25,931,E10000025,E10000025,931,Oxfordshire,South East,7307,233994,31.227296426404095,FALSE,1734,1422,262,82.00692041522491,1278,1178,100,0,92.17527386541471,67.9354094579008,1.441753171856978,1.0957324106113033,1.9031141868512111,4.786620530565167,8.419838523644753,7.8431372549019605,32.19178082191781
2025/26,931,E10000025,E10000025,931,Oxfordshire,South East,8559,234583,36.486019873562874,TRUE,1801,1389,390,77.12382009994448,1734,1621,113,0,93.48327566320646,90.00555247084952,2.9983342587451416,3.6646307606885062,2.332037756801777,7.440310938367573,9.328151027207108,3.7756801776790674,13.69047619047619
2018/19,874,E06000031,E06000031,874,Peterborough,East of England,1901,72159,26.34460011918125,FALSE,NA,NA,NA,NA,NA,NA,NA,NA,NA,NA,NA,NA,NA,NA,NA,NA,NA
2019/20,874,E06000031,E06000031,874,Peterborough,East of England,1930,72234,26.718719716477004,FALSE,316,NA,145,NA,NA,175,5,NA,NA,55.379746835443036,NA,NA,NA,NA,NA,NA,NA
2020/21,874,E06000031,E06000031,874,Peterborough,East of England,2047,71947,28.451499020112028,FALSE,263,NA,134,NA,NA,163,0,NA,NA,61.97718631178707,NA,NA,NA,NA,NA,NA,NA
2021/22,874,E06000031,E06000031,874,Peterborough,East of England,2207,72741,30.340523226241046,FALSE,347,NA,130,NA,NA,235,0,NA,NA,67.72334293948127,NA,NA,NA,NA,NA,NA,NA
2022/23,874,E06000031,E06000031,874,Peterborough,East of England,2357,73274,32.16693506564402,FALSE,418,NA,172,NA,248,240,8,0,96.7741935483871,57.41626794258373,0.4784688995215311,0,0,0.9569377990430622,NA,NA,NA
2023/24,874,E06000031,E06000031,874,Peterborough,East of England,2625,74385,35.289372857430934,FALSE,549,339,176,61.74863387978142,436,431,5,0,98.85321100917432,78.5063752276867,20.947176684881605,0,0,0,16.39344262295082,0,0
2024/25,874,E06000031,E06000031,874,Peterborough,East of England,2908,74977,38.785227469757395,FALSE,685,406,223,59.27007299270073,503,491,11,1,97.61431411530815,71.67883211678833,3.5036496350364965,0.291970802919708,0.145985401459854,0,15.620437956204379,2.9197080291970803,9.345794392523365
2025/26,874,E06000031,E06000031,874,Peterborough,East of England,3191,74515,42.82359256525532,TRUE,770,556,138,72.20779220779221,607,598,9,0,98.51729818780889,77.66233766233766,0.12987012987012986,0.12987012987012986,15.454545454545455,0.6493506493506493,13.246753246753247,0.38961038961038963,0
2018/19,879,E06000026,E06000026,879,Plymouth,South West,2024,88270,22.92964767191571,FALSE,NA,NA,NA,NA,NA,NA,NA,NA,NA,NA,NA,NA,NA,NA,NA,NA,NA
2019/20,879,E06000026,E06000026,879,Plymouth,South West,2213,86457,25.596539320124457,FALSE,277,NA,65,NA,NA,186,0,NA,NA,67.14801444043322,NA,NA,NA,NA,NA,NA,NA
2020/21,879,E06000026,E06000026,879,Plymouth,South West,2336,84847,27.531910379860218,FALSE,405,NA,83,NA,NA,259,1,NA,NA,63.95061728395062,NA,NA,NA,NA,NA,NA,NA
2021/22,879,E06000026,E06000026,879,Plymouth,South West,2536,83383,30.41387333149443,FALSE,494,NA,142,NA,NA,227,2,NA,NA,45.95141700404859,NA,NA,NA,NA,NA,NA,NA
2022/23,879,E06000026,E06000026,879,Plymouth,South West,2678,84463,31.706190876478463,FALSE,690,NA,202,NA,402,397,5,0,98.75621890547264,57.53623188405797,0,0,0,0,NA,NA,NA
2023/24,879,E06000026,E06000026,879,Plymouth,South West,2800,85408,32.78381416260772,FALSE,895,455,0,50.83798882681564,400,399,1,0,99.75,44.58100558659218,0,0,0,0,7.374301675977653,0,0
2024/25,879,E06000026,E06000026,879,Plymouth,South West,3081,85564,36.00813426207283,FALSE,1176,522,1,44.38775510204081,435,430,5,0,98.85057471264368,36.564625850340136,0.3401360544217687,0,0.5102040816326531,0,0.17006802721088435,0,0
2025/26,879,E06000026,E06000026,879,Plymouth,South West,3646,85862,42.46348792248026,TRUE,1126,650,277,57.726465364120784,758,738,20,0,97.36147757255937,65.54174067495559,0.6216696269982238,0.44404973357015987,0.7104795737122558,0.3552397868561279,3.907637655417407,2.841918294849023,0
2018/19,836,E06000029,E06000058,836,Poole,South West,1891,118222,15.995330818291013,FALSE,NA,NA,NA,NA,NA,NA,NA,NA,NA,NA,NA,NA,NA,NA,NA,NA,NA
2018/19,851,E06000044,E06000044,851,Portsmouth,South East,1513,76243,19.844444735910184,FALSE,NA,NA,NA,NA,NA,NA,NA,NA,NA,NA,NA,NA,NA,NA,NA,NA,NA
2019/20,851,E06000044,E06000044,851,Portsmouth,South East,1596,74930,21.29987988789537,FALSE,244,NA,37,NA,NA,198,6,NA,NA,81.14754098360656,NA,NA,NA,NA,NA,NA,NA
2020/21,851,E06000044,E06000044,851,Portsmouth,South East,1662,73592,22.58397651918687,FALSE,257,NA,31,NA,NA,189,13,NA,NA,73.5408560311284,NA,NA,NA,NA,NA,NA,NA
2021/22,851,E06000044,E06000044,851,Portsmouth,South East,1806,71365,25.306522805296712,FALSE,295,NA,52,NA,NA,233,12,NA,NA,78.98305084745763,NA,NA,NA,NA,NA,NA,NA
2022/23,851,E06000044,E06000044,851,Portsmouth,South East,1919,72232,26.567172444345996,FALSE,383,NA,61,NA,220,210,10,0,95.45454545454545,54.83028720626632,0.26109660574412535,0,0.26109660574412535,0.783289817232376,NA,NA,NA
2023/24,851,E06000044,E06000044,851,Portsmouth,South East,2000,73364,27.261327081402325,FALSE,530,318,97,60,211,192,19,0,90.99526066350711,36.22641509433962,0,0.37735849056603776,0.18867924528301888,0.5660377358490566,1.320754716981132,1.6981132075471699,28.571428571428573
2024/25,851,E06000044,E06000044,851,Portsmouth,South East,2310,71730,32.20409870347135,FALSE,516,391,92,75.7751937984496,534,492,42,0,92.13483146067416,95.34883720930233,1.3565891472868217,0.7751937984496124,1.3565891472868217,2.5193798449612403,1.937984496124031,1.744186046511628,40
2025/26,851,E06000044,E06000044,851,Portsmouth,South East,2616,75601,34.60271689527916,TRUE,590,426,98,72.20338983050847,569,522,47,0,91.73989455184534,88.47457627118644,0.5084745762711864,1.5254237288135593,0,0,0.3389830508474576,0.5084745762711864,100
2018/19,870,E06000038,E06000038,870,Reading,South East,1282,61572,20.821152471902813,FALSE,NA,NA,NA,NA,NA,NA,NA,NA,NA,NA,NA,NA,NA,NA,NA,NA,NA
2019/20,870,E06000038,E06000038,870,Reading,South East,1364,60605,22.506393861892583,FALSE,296,NA,91,NA,NA,174,8,NA,NA,58.78378378378378,NA,NA,NA,NA,NA,NA,NA
2020/21,870,E06000038,E06000038,870,Reading,South East,1436,59541,24.11783476931862,FALSE,271,NA,66,NA,NA,190,12,NA,NA,70.11070110701107,NA,NA,NA,NA,NA,NA,NA
2021/22,870,E06000038,E06000038,870,Reading,South East,1553,58609,26.497636881707585,FALSE,349,NA,125,NA,NA,189,6,NA,NA,54.154727793696274,NA,NA,NA,NA,NA,NA,NA
2022/23,870,E06000038,E06000038,870,Reading,South East,1773,60177,29.46308390248766,FALSE,450,NA,90,NA,221,205,14,1,92.76018099547511,45.55555555555556,1.5555555555555556,1.1111111111111112,0,0,NA,NA,NA
2023/24,870,E06000038,E06000038,870,Reading,South East,1954,61669,31.68528758371305,FALSE,475,304,141,64,338,327,11,0,96.74556213017752,68.84210526315789,0,0,0,0,2.1052631578947367,2.3157894736842106,20
2024/25,870,E06000038,E06000038,870,Reading,South East,1966,62394,31.5094400102574,FALSE,515,286,148,55.53398058252427,325,320,5,0,98.46153846153847,62.13592233009709,0.3883495145631068,2.5242718446601944,0,0,2.5242718446601944,4.854368932038835,100
2025/26,870,E06000038,E06000038,870,Reading,South East,2077,62551,33.20490479768509,TRUE,595,358,109,60.168067226890756,372,348,24,0,93.54838709677419,58.48739495798319,0.5042016806722689,2.1848739495798317,0,3.865546218487395,2.689075630252101,6.38655462184874,25
2018/19,317,E09000026,E09000026,317,Redbridge,London,2119,106991,19.805404192876036,FALSE,NA,NA,NA,NA,NA,NA,NA,NA,NA,NA,NA,NA,NA,NA,NA,NA,NA
2019/20,317,E09000026,E09000026,317,Redbridge,London,2334,107826,21.64598519837516,FALSE,422,NA,51,NA,NA,337,16,NA,NA,79.85781990521328,NA,NA,NA,NA,NA,NA,NA
2020/21,317,E09000026,E09000026,317,Redbridge,London,2402,107451,22.354375482778195,FALSE,354,NA,58,NA,NA,326,14,NA,NA,92.090395480226,NA,NA,NA,NA,NA,NA,NA
2021/22,317,E09000026,E09000026,317,Redbridge,London,2587,106937,24.191813871718864,FALSE,432,NA,59,NA,NA,288,17,NA,NA,66.66666666666667,NA,NA,NA,NA,NA,NA,NA
2022/23,317,E09000026,E09000026,317,Redbridge,London,2830,108178,26.160587180387882,FALSE,489,NA,42,NA,291,278,9,4,95.53264604810997,56.850715746421265,2.2494887525562373,1.0224948875255624,0,0,NA,NA,NA
2023/24,317,E09000026,E09000026,317,Redbridge,London,3168,109846,28.840376527137995,FALSE,524,406,80,77.48091603053435,311,294,15,2,94.53376205787781,56.10687022900763,2.8625954198473282,0.19083969465648856,0,0,4.770992366412214,0.19083969465648856,4
2024/25,317,E09000026,E09000026,317,Redbridge,London,3391,110941,30.565796234034305,FALSE,694,494,122,71.18155619596541,435,368,24,6,84.59770114942529,53.02593659942363,2.161383285302594,1.585014409221902,0.2881844380403458,0.2881844380403458,0.2881844380403458,0,0
2025/26,317,E09000026,E09000026,317,Redbridge,London,3830,110471,34.669732327941276,TRUE,698,528,131,75.64469914040114,698,684,14,0,97.99426934097421,97.99426934097421,2.1489971346704873,1.4326647564469914,0.14326647564469913,0.8595988538681948,3.5816618911174785,1.8624641833810889,8
2018/19,807,E06000003,E06000003,807,Redcar and Cleveland,North East,1230,38743,31.747670546937506,FALSE,NA,NA,NA,NA,NA,NA,NA,NA,NA,NA,NA,NA,NA,NA,NA,NA,NA
2019/20,807,E06000003,E06000003,807,Redcar and Cleveland,North East,1304,38406,33.95302817268135,FALSE,211,NA,14,NA,NA,146,27,NA,NA,69.19431279620854,NA,NA,NA,NA,NA,NA,NA
2020/21,807,E06000003,E06000003,807,Redcar and Cleveland,North East,1340,38108,35.1632203211924,FALSE,190,NA,11,NA,NA,170,7,NA,NA,89.47368421052632,NA,NA,NA,NA,NA,NA,NA
2021/22,807,E06000003,E06000003,807,Redcar and Cleveland,North East,1398,37795,36.98901971160207,FALSE,220,NA,9,NA,NA,168,18,NA,NA,76.36363636363636,NA,NA,NA,NA,NA,NA,NA
2022/23,807,E06000003,E06000003,807,Redcar and Cleveland,North East,1543,37723,40.903427617103624,FALSE,115,NA,24,NA,163,151,12,0,92.63803680981596,131.30434782608697,0.8695652173913043,1.7391304347826086,0,1.7391304347826086,NA,NA,NA
2023/24,807,E06000003,E06000003,807,Redcar and Cleveland,North East,1491,37931,39.30821755292504,FALSE,249,160,73,64.2570281124498,161,145,16,0,90.06211180124224,58.23293172690763,2.4096385542168677,1.2048192771084338,0.40160642570281124,1.2048192771084338,6.024096385542169,2.0080321285140563,6.666666666666667
2024/25,807,E06000003,E06000003,807,Redcar and Cleveland,North East,1492,38002,39.26109152149887,FALSE,237,162,41,68.35443037974683,197,175,22,0,88.83248730964468,73.83966244725738,1.6877637130801688,2.9535864978902953,0.4219409282700422,0.4219409282700422,5.485232067510548,0,0
2025/26,807,E06000003,E06000003,807,Redcar and Cleveland,North East,1565,36973,42.32818543261298,TRUE,372,279,67,75,213,196,17,0,92.01877934272301,52.68817204301075,2.6881720430107525,0.5376344086021505,1.6129032258064515,0,6.182795698924731,0.5376344086021505,4.3478260869565215
2018/19,318,E09000027,E09000027,318,Richmond upon Thames,London,1368,58367,23.437901553960284,FALSE,NA,NA,NA,NA,NA,NA,NA,NA,NA,NA,NA,NA,NA,NA,NA,NA,NA
2019/20,318,E09000027,E09000027,318,Richmond upon Thames,London,1494,58562,25.5114237901711,FALSE,245,NA,39,NA,NA,194,5,NA,NA,79.18367346938776,NA,NA,NA,NA,NA,NA,NA
2020/21,318,E09000027,E09000027,318,Richmond upon Thames,London,1553,58246,26.662775126188922,FALSE,233,NA,40,NA,NA,198,5,NA,NA,84.97854077253218,NA,NA,NA,NA,NA,NA,NA
2021/22,318,E09000027,E09000027,318,Richmond upon Thames,London,1661,57594,28.839809702399556,FALSE,248,NA,53,NA,NA,204,10,NA,NA,82.25806451612904,NA,NA,NA,NA,NA,NA,NA
2022/23,318,E09000027,E09000027,318,Richmond upon Thames,London,1704,57564,29.601834479883262,FALSE,340,NA,60,NA,272,250,14,8,91.91176470588235,73.52941176470588,0,0.29411764705882354,0.5882352941176471,2.6470588235294117,NA,NA,NA
2023/24,318,E09000027,E09000027,318,Richmond upon Thames,London,1842,57735,31.904390750844378,FALSE,335,219,75,65.3731343283582,267,255,11,1,95.50561797752809,76.11940298507463,0.29850746268656714,0.8955223880597015,0.8955223880597015,2.6865671641791047,1.492537313432836,3.582089552238806,0
2024/25,318,E09000027,E09000027,318,Richmond upon Thames,London,2018,57416,35.14699735265432,FALSE,336,230,89,68.45238095238095,314,302,12,0,96.17834394904459,89.88095238095238,2.380952380952381,1.1904761904761905,0,0.2976190476190476,8.928571428571429,4.166666666666667,0
2025/26,318,E09000027,E09000027,318,Richmond upon Thames,London,2166,56968,38.021345316669006,TRUE,345,244,81,70.72463768115942,276,262,14,0,94.92753623188406,75.94202898550725,0.2898550724637681,0,1.4492753623188406,2.318840579710145,7.536231884057971,2.028985507246377,0
2018/19,354,E08000005,E08000005,354,Rochdale,North West,1753,73215,23.943181042136175,FALSE,NA,NA,NA,NA,NA,NA,NA,NA,NA,NA,NA,NA,NA,NA,NA,NA,NA
2019/20,354,E08000005,E08000005,354,Rochdale,North West,1962,73675,26.630471666101123,FALSE,389,NA,80,NA,NA,293,7,NA,NA,75.32133676092545,NA,NA,NA,NA,NA,NA,NA
2020/21,354,E08000005,E08000005,354,Rochdale,North West,2092,73790,28.350725030491937,FALSE,315,NA,35,NA,NA,230,4,NA,NA,73.01587301587301,NA,NA,NA,NA,NA,NA,NA
2021/22,354,E08000005,E08000005,354,Rochdale,North West,2346,74312,31.56959844977931,FALSE,414,NA,124,NA,NA,319,4,NA,NA,77.05314009661836,NA,NA,NA,NA,NA,NA,NA
2022/23,354,E08000005,E08000005,354,Rochdale,North West,2649,75738,34.975837756476274,FALSE,606,NA,155,NA,397,390,7,0,98.2367758186398,64.35643564356435,0.33003300330033003,0.33003300330033003,0,0.9900990099009901,NA,NA,NA
2023/24,354,E08000005,E08000005,354,Rochdale,North West,2829,76924,36.776558681295825,FALSE,612,408,143,66.66666666666667,394,376,18,0,95.43147208121827,61.43790849673203,0,0.32679738562091504,1.3071895424836601,0.9803921568627451,17.15686274509804,1.1437908496732025,2.857142857142857
2024/25,354,E08000005,E08000005,354,Rochdale,North West,2970,78582,37.79491486599985,FALSE,755,529,182,70.06622516556291,556,532,24,0,95.68345323741008,70.4635761589404,0.3973509933774834,0.26490066225165565,1.4569536423841059,1.0596026490066226,20.52980132450331,2.251655629139073,6.451612903225806
2025/26,354,E08000005,E08000005,354,Rochdale,North West,3807,76843,49.54257381934594,TRUE,782,576,188,73.65728900255755,594,573,21,0,96.46464646464646,73.27365728900256,0.3836317135549872,0.2557544757033248,1.1508951406649617,0.7672634271099744,18.414322250639387,1.7902813299232736,5.555555555555555
2018/19,372,E08000018,E08000018,372,Rotherham,Yorkshire and The Humber,2060,79778,25.82165509288275,FALSE,NA,NA,NA,NA,NA,NA,NA,NA,NA,NA,NA,NA,NA,NA,NA,NA,NA
2019/20,372,E08000018,E08000018,372,Rotherham,Yorkshire and The Humber,2215,79620,27.819643305702083,FALSE,471,NA,141,NA,NA,303,18,NA,NA,64.3312101910828,NA,NA,NA,NA,NA,NA,NA
2020/21,372,E08000018,E08000018,372,Rotherham,Yorkshire and The Humber,2379,78985,30.119642970184213,FALSE,465,NA,107,NA,NA,331,9,NA,NA,71.18279569892474,NA,NA,NA,NA,NA,NA,NA
2021/22,372,E08000018,E08000018,372,Rotherham,Yorkshire and The Humber,2600,78880,32.961460446247465,FALSE,556,NA,148,NA,NA,302,15,NA,NA,54.31654676258993,NA,NA,NA,NA,NA,NA,NA
2022/23,372,E08000018,E08000018,372,Rotherham,Yorkshire and The Humber,2885,79653,36.21960252595634,FALSE,615,NA,134,NA,312,285,24,3,91.34615384615384,46.34146341463415,0.8130081300813008,0.4878048780487805,1.3008130081300813,0.975609756097561,NA,NA,NA
2023/24,372,E08000018,E08000018,372,Rotherham,Yorkshire and The Humber,3310,80688,41.02220900257783,FALSE,745,550,192,73.8255033557047,520,493,25,2,94.8076923076923,66.1744966442953,1.2080536912751678,0,2.684563758389262,2.4161073825503356,13.691275167785236,0.5369127516778524,1.9607843137254901
2024/25,372,E08000018,E08000018,372,Rotherham,Yorkshire and The Humber,3623,81867,44.25470580331513,FALSE,959,653,304,68.0917622523462,642,596,44,2,92.83489096573209,62.14807090719499,3.6496350364963503,1.251303441084463,2.6068821689259645,2.18978102189781,23.357664233576642,2.711157455683003,11.607142857142858
2025/26,372,E08000018,E08000018,372,Rotherham,Yorkshire and The Humber,4062,79220,51.2749305730876,TRUE,1105,813,288,73.57466063348416,638,576,60,2,90.28213166144201,52.126696832579185,2.8054298642533935,0.995475113122172,1.2669683257918551,2.081447963800905,11.040723981900452,2.171945701357466,7.377049180327869
2018/19,857,E06000017,E06000017,857,Rutland,East Midlands,197,11466,17.18123146694575,FALSE,NA,NA,NA,NA,NA,NA,NA,NA,NA,NA,NA,NA,NA,NA,NA,NA,NA
2019/20,857,E06000017,E06000017,857,Rutland,East Midlands,222,11169,19.876443728176202,FALSE,62,NA,18,NA,NA,31,3,NA,NA,50,NA,NA,NA,NA,NA,NA,NA
2020/21,857,E06000017,E06000017,857,Rutland,East Midlands,261,11151,23.405972558514932,FALSE,62,NA,13,NA,NA,44,9,NA,NA,70.96774193548387,NA,NA,NA,NA,NA,NA,NA
2021/22,857,E06000017,E06000017,857,Rutland,East Midlands,279,11346,24.59016393442623,FALSE,53,NA,20,NA,NA,37,15,NA,NA,69.81132075471699,NA,NA,NA,NA,NA,NA,NA
2022/23,857,E06000017,E06000017,857,Rutland,East Midlands,314,11085,28.32656743346865,FALSE,53,NA,15,NA,61,49,12,0,80.32786885245902,92.45283018867924,5.660377358490566,15.09433962264151,0,0,NA,NA,NA
2023/24,857,E06000017,E06000017,857,Rutland,East Midlands,340,10818,31.42909964873359,FALSE,79,79,0,100,49,47,2,0,95.91836734693878,59.49367088607595,0,5.063291139240507,1.2658227848101267,1.2658227848101267,0,0,NA
2024/25,857,E06000017,E06000017,857,Rutland,East Midlands,376,10935,34.385002286236855,FALSE,75,66,4,88,80,70,10,0,87.5,93.33333333333333,1.3333333333333333,6.666666666666667,1.3333333333333333,1.3333333333333333,0,2.6666666666666665,NA
2025/26,857,E06000017,E06000017,857,Rutland,East Midlands,431,10621,40.579983052443275,TRUE,134,119,10,88.80597014925372,95,89,6,0,93.6842105263158,66.41791044776119,1.492537313432836,0.746268656716418,0.746268656716418,0,0.746268656716418,0.746268656716418,0
2018/19,355,E08000006,E08000006,355,Salford,North West,1889,88773,21.278992486454214,FALSE,NA,NA,NA,NA,NA,NA,NA,NA,NA,NA,NA,NA,NA,NA,NA,NA,NA
2019/20,355,E08000006,E08000006,355,Salford,North West,2155,90524,23.805841544783707,FALSE,471,NA,81,NA,NA,293,11,NA,NA,62.20806794055202,NA,NA,NA,NA,NA,NA,NA
2020/21,355,E08000006,E08000006,355,Salford,North West,2419,91084,26.557902595406436,FALSE,361,NA,79,NA,NA,290,3,NA,NA,80.33240997229917,NA,NA,NA,NA,NA,NA,NA
2021/22,355,E08000006,E08000006,355,Salford,North West,2599,93442,27.81404507608998,FALSE,437,NA,94,NA,NA,255,12,NA,NA,58.35240274599543,NA,NA,NA,NA,NA,NA,NA
2022/23,355,E08000006,E08000006,355,Salford,North West,2578,97672,26.39446310099107,FALSE,568,NA,21,NA,157,151,6,0,96.17834394904459,26.58450704225352,0.8802816901408451,1.408450704225352,0,0,NA,NA,NA
2023/24,355,E08000006,E08000006,355,Salford,North West,3206,100482,31.906212057881017,FALSE,834,545,18,65.34772182254197,510,507,3,0,99.41176470588235,60.79136690647482,0.47961630695443647,0.47961630695443647,1.7985611510791366,2.278177458033573,5.39568345323741,0.9592326139088729,4.444444444444445
2024/25,355,E08000006,E08000006,355,Salford,North West,3387,102536,33.03230085043302,FALSE,946,576,331,60.887949260042284,515,511,4,0,99.22330097087378,54.0169133192389,1.2684989429175475,0.3171247357293869,0.8456659619450317,2.748414376321353,10.993657505285412,1.3742071881606766,4.8076923076923075
2025/26,355,E08000006,E08000006,355,Salford,North West,3727,103823,35.897633472351984,TRUE,1052,630,307,59.88593155893536,703,669,34,0,95.16358463726885,63.59315589353612,3.7072243346007605,0.6653992395437263,4.467680608365019,1.9961977186311788,13.403041825095057,1.806083650190114,2.127659574468085
2018/19,333,E08000028,E08000028,333,Sandwell,West Midlands,2084,116284,17.921640122458808,FALSE,NA,NA,NA,NA,NA,NA,NA,NA,NA,NA,NA,NA,NA,NA,NA,NA,NA
2019/20,333,E08000028,E08000028,333,Sandwell,West Midlands,2200,117129,18.782709661996602,FALSE,415,NA,104,NA,NA,267,1,NA,NA,64.33734939759036,NA,NA,NA,NA,NA,NA,NA
2020/21,333,E08000028,E08000028,333,Sandwell,West Midlands,2503,117518,21.298864854745656,FALSE,382,NA,57,NA,NA,322,2,NA,NA,84.29319371727749,NA,NA,NA,NA,NA,NA,NA
2021/22,333,E08000028,E08000028,333,Sandwell,West Midlands,2799,117735,23.77372913746974,FALSE,531,NA,35,NA,NA,413,1,NA,NA,77.77777777777777,NA,NA,NA,NA,NA,NA,NA
2022/23,333,E08000028,E08000028,333,Sandwell,West Midlands,3108,119204,26.072950572128452,FALSE,602,NA,51,NA,442,439,0,3,99.32126696832579,72.92358803986711,0,0.16611295681063123,0.16611295681063123,0.16611295681063123,NA,NA,NA
2023/24,333,E08000028,E08000028,333,Sandwell,West Midlands,3625,120712,30.030154417125058,FALSE,748,560,58,74.8663101604278,502,492,2,8,98.00796812749005,65.77540106951872,0,0,0,0,0,0,NA
2024/25,333,E08000028,E08000028,333,Sandwell,West Midlands,4064,122462,33.185804576113405,FALSE,940,665,86,70.74468085106383,497,485,2,10,97.58551307847083,51.59574468085106,0,0,0.2127659574468085,0.7446808510638298,1.702127659574468,0.851063829787234,31.25
2025/26,333,E08000028,E08000028,333,Sandwell,West Midlands,4780,119948,39.85060192750191,TRUE,1286,909,179,70.68429237947123,1098,1058,6,34,96.35701275045537,82.27060653188181,0.38880248833592534,0,0.07776049766718507,0.2332814930015552,2.5660964230171075,1.010886469673406,30.303030303030305
2018/19,343,E08000014,E08000014,343,Sefton,North West,1445,75087,19.24434322852158,FALSE,NA,NA,NA,NA,NA,NA,NA,NA,NA,NA,NA,NA,NA,NA,NA,NA,NA
2019/20,343,E08000014,E08000014,343,Sefton,North West,1765,74854,23.579234242659044,FALSE,412,NA,139,NA,NA,318,1,NA,NA,77.18446601941747,NA,NA,NA,NA,NA,NA,NA
2020/21,343,E08000014,E08000014,343,Sefton,North West,2021,74394,27.166169314729682,FALSE,431,NA,111,NA,NA,296,4,NA,NA,68.67749419953596,NA,NA,NA,NA,NA,NA,NA
2021/22,343,E08000014,E08000014,343,Sefton,North West,2243,74471,30.119106766392285,FALSE,602,NA,170,NA,NA,321,4,NA,NA,53.32225913621262,NA,NA,NA,NA,NA,NA,NA
2022/23,343,E08000014,E08000014,343,Sefton,North West,2563,74405,34.44660977084874,FALSE,704,NA,150,NA,308,299,9,0,97.07792207792208,42.47159090909091,0.8522727272727273,0.14204545454545456,0,0,NA,NA,NA
2023/24,343,E08000014,E08000014,343,Sefton,North West,3116,74834,41.638827271026535,FALSE,788,616,129,78.1725888324873,635,611,24,0,96.22047244094489,77.53807106598985,1.015228426395939,0.25380710659898476,0.12690355329949238,0,3.8071065989847717,1.1421319796954315,26.666666666666668
2024/25,343,E08000014,E08000014,343,Sefton,North West,3736,75320,49.60169941582581,FALSE,951,742,60,78.02313354363828,925,881,44,0,95.24324324324324,92.63932702418506,2.4185068349106205,0.4206098843322818,0,0,3.3648790746582544,0.5257623554153522,15.625
2025/26,343,E08000014,E08000014,343,Sefton,North West,4197,74415,56.39991937109453,TRUE,1013,745,205,73.54392892398815,630,602,28,0,95.55555555555556,59.427443237907205,0.9871668311944719,0.49358341559723595,1.2833168805528135,1.8756169792694966,8.983218163869694,2.7640671273445214,20.87912087912088
2018/19,373,E08000019,E08000019,373,Sheffield,Yorkshire and The Humber,3201,196355,16.302105879656743,FALSE,NA,NA,NA,NA,NA,NA,NA,NA,NA,NA,NA,NA,NA,NA,NA,NA,NA
2019/20,373,E08000019,E08000019,373,Sheffield,Yorkshire and The Humber,3252,193892,16.772223712169662,FALSE,602,NA,230,NA,NA,397,63,NA,NA,65.9468438538206,NA,NA,NA,NA,NA,NA,NA
2020/21,373,E08000019,E08000019,373,Sheffield,Yorkshire and The Humber,3559,190969,18.636532630950573,FALSE,516,NA,62,NA,NA,470,41,NA,NA,91.08527131782945,NA,NA,NA,NA,NA,NA,NA
2021/22,373,E08000019,E08000019,373,Sheffield,Yorkshire and The Humber,3997,188322,21.22428606323212,FALSE,807,NA,65,NA,NA,675,35,NA,NA,83.64312267657992,NA,NA,NA,NA,NA,NA,NA
2022/23,373,E08000019,E08000019,373,Sheffield,Yorkshire and The Humber,4670,193154,24.1775992213467,FALSE,1213,NA,66,NA,972,947,25,0,97.42798353909465,78.07089859851608,0.16488046166529266,0.6595218466611706,2.1434460016488046,4.616652926628195,NA,NA,NA
2023/24,373,E08000019,E08000019,373,Sheffield,Yorkshire and The Humber,5365,196590,27.29029960832189,FALSE,1213,796,386,65.62242374278648,1047,1001,46,0,95.60649474689589,82.52267106347898,0.6595218466611706,0.7419620774938169,2.3083264633140974,5.193734542456719,5.935696619950535,3.2976092333058533,26.38888888888889
2024/25,373,E08000019,E08000019,373,Sheffield,Yorkshire and The Humber,5952,197689,30.10789674691055,FALSE,1211,885,253,73.08009909165979,757,749,8,0,98.94319682959049,61.84971098265896,0.16515276630883569,0.2477291494632535,0.495458298926507,0.08257638315441784,6.028075970272502,4.211395540875309,26.027397260273972
2025/26,373,E08000019,E08000019,373,Sheffield,Yorkshire and The Humber,7019,203454,34.49919883610055,TRUE,1454,1219,139,83.83768913342503,1218,1195,23,0,98.11165845648604,82.18707015130674,0.2751031636863824,0.2063273727647868,1.375515818431912,0.2063273727647868,2.407152682255846,1.2379642365887207,22.857142857142858
2018/19,893,E06000051,E06000051,893,Shropshire,West Midlands,1906,83920,22.71210676835081,FALSE,NA,NA,NA,NA,NA,NA,NA,NA,NA,NA,NA,NA,NA,NA,NA,NA,NA
2019/20,893,E06000051,E06000051,893,Shropshire,West Midlands,1945,83604,23.264437108272332,FALSE,237,NA,68,NA,NA,126,10,NA,NA,53.164556962025316,NA,NA,NA,NA,NA,NA,NA
2020/21,893,E06000051,E06000051,893,Shropshire,West Midlands,2016,83215,24.226401490115965,FALSE,261,NA,1,NA,NA,185,77,NA,NA,70.88122605363985,NA,NA,NA,NA,NA,NA,NA
2021/22,893,E06000051,E06000051,893,Shropshire,West Midlands,1982,83481,23.741929301278137,FALSE,255,NA,27,NA,NA,189,10,NA,NA,74.11764705882354,NA,NA,NA,NA,NA,NA,NA
2022/23,893,E06000051,E06000051,893,Shropshire,West Midlands,1946,82922,23.46783724463954,FALSE,515,NA,83,NA,299,276,11,12,92.3076923076923,53.592233009708735,1.7475728155339805,0,0.1941747572815534,0,NA,NA,NA
2023/24,893,E06000051,E06000051,893,Shropshire,West Midlands,2496,82464,30.267753201396975,FALSE,921,693,117,75.2442996742671,720,692,22,6,96.11111111111111,75.1357220412595,0.9771986970684039,0.21715526601520088,0.5428881650380022,0.43431053203040176,4.88599348534202,0.3257328990228013,2.2222222222222223
2024/25,893,E06000051,E06000051,893,Shropshire,West Midlands,3016,82508,36.55403112425462,FALSE,833,595,163,71.42857142857143,821,799,13,9,97.32034104750305,95.91836734693878,1.3205282112845138,0.12004801920768307,1.2004801920768307,0.12004801920768307,8.403361344537815,0.12004801920768307,1.4285714285714286
2025/26,893,E06000051,E06000051,893,Shropshire,West Midlands,3360,82356,40.798484627713826,TRUE,857,628,168,73.27887981330221,449,430,13,6,95.7683741648107,50.175029171528585,1.4002333722287048,0,0.11668611435239207,0,5.950991831971995,0,0
2018/19,871,E06000039,E06000039,871,Slough,South East,1350,57390,23.523261892315734,FALSE,NA,NA,NA,NA,NA,NA,NA,NA,NA,NA,NA,NA,NA,NA,NA,NA,NA
2019/20,871,E06000039,E06000039,871,Slough,South East,1471,58063,25.33455040214939,FALSE,255,NA,41,NA,NA,213,1,NA,NA,83.52941176470588,NA,NA,NA,NA,NA,NA,NA
2020/21,871,E06000039,E06000039,871,Slough,South East,1562,58021,26.921287120180626,FALSE,268,NA,37,NA,NA,185,1,NA,NA,69.02985074626865,NA,NA,NA,NA,NA,NA,NA
2021/22,871,E06000039,E06000039,871,Slough,South East,1695,58155,29.14624709827186,FALSE,264,NA,32,NA,NA,166,1,NA,NA,62.878787878787875,NA,NA,NA,NA,NA,NA,NA
2022/23,871,E06000039,E06000039,871,Slough,South East,1824,58426,31.21897785232602,FALSE,276,NA,51,NA,185,179,6,0,96.75675675675676,64.85507246376811,0,0.7246376811594203,0,0,NA,NA,NA
2023/24,871,E06000039,E06000039,871,Slough,South East,1927,60015,32.10863950678997,FALSE,416,279,50,67.0673076923077,208,202,6,0,97.11538461538461,48.55769230769231,1.6826923076923077,0.7211538461538461,0,0,6.730769230769231,2.1634615384615383,14.285714285714286
2024/25,871,E06000039,E06000039,871,Slough,South East,2192,61263,35.78016094543199,FALSE,469,325,34,69.29637526652452,331,319,12,0,96.37462235649546,68.01705756929637,0.21321961620469082,0.21321961620469082,2.1321961620469083,3.1982942430703623,2.985074626865672,2.55863539445629,28.571428571428573
2025/26,871,E06000039,E06000039,871,Slough,South East,2585,59920,43.14085447263017,TRUE,460,310,98,67.3913043478261,519,513,6,0,98.84393063583815,111.52173913043478,0.21739130434782608,0.43478260869565216,3.260869565217391,0.43478260869565216,8.043478260869565,3.0434782608695654,27.027027027027028
2018/19,334,E08000029,E08000029,334,Solihull,West Midlands,1461,63708,22.93275569787154,FALSE,NA,NA,NA,NA,NA,NA,NA,NA,NA,NA,NA,NA,NA,NA,NA,NA,NA
2019/20,334,E08000029,E08000029,334,Solihull,West Midlands,1618,64113,25.236691466629235,FALSE,300,NA,25,NA,NA,284,94,NA,NA,94.66666666666667,NA,NA,NA,NA,NA,NA,NA
2020/21,334,E08000029,E08000029,334,Solihull,West Midlands,1743,64038,27.21821418532746,FALSE,326,NA,66,NA,NA,273,23,NA,NA,83.74233128834356,NA,NA,NA,NA,NA,NA,NA
2021/22,334,E08000029,E08000029,334,Solihull,West Midlands,2023,64288,31.467770034843205,FALSE,328,NA,129,NA,NA,265,66,NA,NA,80.79268292682927,NA,NA,NA,NA,NA,NA,NA
2022/23,334,E08000029,E08000029,334,Solihull,West Midlands,2197,64572,34.02403518552933,FALSE,386,NA,125,NA,258,229,29,0,88.75968992248062,59.32642487046632,3.1088082901554404,8.290155440414507,0,1.5544041450777202,NA,NA,NA
2023/24,334,E08000029,E08000029,334,Solihull,West Midlands,2301,65154,35.31632747030113,FALSE,466,256,186,54.93562231759657,331,305,26,0,92.14501510574019,65.45064377682404,3.648068669527897,2.1459227467811157,0,0,15.236051502145923,2.7896995708154506,7.042253521126761
2024/25,334,E08000029,E08000029,334,Solihull,West Midlands,2503,65278,38.34369925549189,FALSE,485,267,195,55.05154639175258,365,332,23,0,90.95890410958904,68.45360824742268,3.5051546391752577,0.20618556701030927,2.4742268041237114,2.4742268041237114,17.7319587628866,3.711340206185567,10.465116279069768
2025/26,334,E08000029,E08000029,334,Solihull,West Midlands,2806,65497,42.841656869780294,TRUE,533,287,212,53.84615384615385,445,404,41,0,90.78651685393258,75.79737335834896,3.189493433395872,2.4390243902439024,1.6885553470919326,0,17.26078799249531,1.876172607879925,4.3478260869565215
2018/19,933,E10000027,E06000066,933,Somerset,South West,2102,153777,13.669144280354018,FALSE,NA,NA,NA,NA,NA,NA,NA,NA,NA,NA,NA,NA,NA,NA,NA,NA,NA
2019/20,933,E10000027,E06000066,933,Somerset,South West,2514,152908,16.441258796138854,FALSE,1062,NA,228,NA,NA,553,15,NA,NA,52.07156308851224,NA,NA,NA,NA,NA,NA,NA
2020/21,933,E10000027,E06000066,933,Somerset,South West,3457,151325,22.844870312241863,FALSE,968,NA,58,NA,NA,1046,54,NA,NA,108.05785123966942,NA,NA,NA,NA,NA,NA,NA
2021/22,933,E10000027,E06000066,933,Somerset,South West,4232,152044,27.83404803872563,FALSE,1021,NA,188,NA,NA,874,65,NA,NA,85.60235063663076,NA,NA,NA,NA,NA,NA,NA
2022/23,933,E10000027,E06000066,933,Somerset,South West,4853,151798,31.970118183375273,FALSE,1061,NA,308,NA,745,691,54,0,92.75167785234899,65.1272384542884,1.1310084825636193,0.6597549481621112,0.7540056550424128,1.696512723845429,NA,NA,NA
2023/24,933,E10000027,E06000066,933,Somerset,South West,5108,152414,33.51398165522852,FALSE,1121,626,425,55.84299732381802,698,673,25,0,96.41833810888252,60.035682426404996,0.5352363960749331,0.08920606601248884,1.4272970561998215,0.44603033006244425,12.31043710972346,7.404103479036574,31.159420289855074
2024/25,933,E10000027,E06000066,933,Somerset,South West,5725,152754,37.478560299566624,FALSE,1207,664,473,55.012427506213754,761,735,26,0,96.58344283837056,60.894780447390225,0.24855012427506215,0.33140016570008285,1.8227009113504558,0.579950289975145,15.741507870753935,8.782104391052195,19.473684210526315
2025/26,933,E10000027,E06000066,933,Somerset,South West,6350,150598,42.165234598069034,TRUE,1437,906,438,63.04801670146138,728,702,26,0,96.42857142857143,48.8517745302714,0.7654836464857342,0.13917884481558804,0.8350730688935282,0.4175365344467641,16.771050800278356,4.314544189283229,9.54356846473029
2018/19,803,E06000025,E06000025,803,South Gloucestershire,South West,1920,86331,22.23998332001251,FALSE,NA,NA,NA,NA,NA,NA,NA,NA,NA,NA,NA,NA,NA,NA,NA,NA,NA
2019/20,803,E06000025,E06000025,803,South Gloucestershire,South West,1960,86921,22.549211352837634,FALSE,358,NA,143,NA,NA,266,6,NA,NA,74.30167597765363,NA,NA,NA,NA,NA,NA,NA
2020/21,803,E06000025,E06000025,803,South Gloucestershire,South West,2227,87240,25.527281063732232,FALSE,353,NA,115,NA,NA,276,6,NA,NA,78.18696883852691,NA,NA,NA,NA,NA,NA,NA
2021/22,803,E06000025,E06000025,803,South Gloucestershire,South West,2460,87775,28.02620336086585,FALSE,427,NA,177,NA,NA,224,12,NA,NA,52.459016393442624,NA,NA,NA,NA,NA,NA,NA
2022/23,803,E06000025,E06000025,803,South Gloucestershire,South West,2722,89168,30.52664633052216,FALSE,505,NA,165,NA,319,309,10,0,96.86520376175548,61.18811881188119,0.594059405940594,0,0.39603960396039606,0,NA,NA,NA
2023/24,803,E06000025,E06000025,803,South Gloucestershire,South West,2814,90508,31.091174260838823,FALSE,624,384,211,61.53846153846154,445,439,6,0,98.65168539325843,70.3525641025641,0.9615384615384616,0.16025641025641027,2.7243589743589745,2.4038461538461537,10.256410256410257,1.9230769230769231,10.9375
2024/25,803,E06000025,E06000025,803,South Gloucestershire,South West,3236,92478,34.992106230671084,FALSE,825,438,324,53.09090909090909,512,509,3,0,99.4140625,61.696969696969695,0.24242424242424243,0.12121212121212122,3.878787878787879,3.272727272727273,14.787878787878787,2.303030303030303,15.573770491803279
2025/26,803,E06000025,E06000025,803,South Gloucestershire,South West,3669,93948,39.05351896793971,TRUE,848,407,335,47.99528301886792,444,435,9,0,97.97297297297297,51.29716981132076,8.13679245283019,1.8867924528301887,0.1179245283018868,0.1179245283018868,16.62735849056604,4.009433962264151,24.113475177304963
2018/19,393,E08000023,E08000023,393,South Tyneside,North East,1278,42053,30.39022186288731,FALSE,NA,NA,NA,NA,NA,NA,NA,NA,NA,NA,NA,NA,NA,NA,NA,NA,NA
2019/20,393,E08000023,E08000023,393,South Tyneside,North East,1412,41838,33.749223194225344,FALSE,222,NA,72,NA,NA,164,5,NA,NA,73.87387387387388,NA,NA,NA,NA,NA,NA,NA
2020/21,393,E08000023,E08000023,393,South Tyneside,North East,1479,41458,35.67465869072314,FALSE,174,NA,63,NA,NA,149,9,NA,NA,85.63218390804597,NA,NA,NA,NA,NA,NA,NA
2021/22,393,E08000023,E08000023,393,South Tyneside,North East,1486,41395,35.8980553206909,FALSE,226,NA,54,NA,NA,177,5,NA,NA,78.31858407079646,NA,NA,NA,NA,NA,NA,NA
2022/23,393,E08000023,E08000023,393,South Tyneside,North East,1572,41543,37.84031004019931,FALSE,348,NA,64,NA,254,210,40,0,82.67716535433071,60.3448275862069,0.28735632183908044,0.28735632183908044,0,0,NA,NA,NA
2023/24,393,E08000023,E08000023,393,South Tyneside,North East,1707,41845,40.79340422989605,FALSE,356,214,123,60.1123595505618,268,230,38,0,85.82089552238806,64.6067415730337,1.1235955056179776,2.247191011235955,0.5617977528089888,2.247191011235955,2.808988764044944,3.651685393258427,10
2024/25,393,E08000023,E08000023,393,South Tyneside,North East,1776,42324,41.962007371704,FALSE,338,203,86,60.05917159763314,215,193,22,0,89.76744186046511,57.10059171597633,5.325443786982248,2.9585798816568047,3.5502958579881656,3.2544378698224854,13.31360946745562,6.21301775147929,46.666666666666664
2025/26,393,E08000023,E08000023,393,South Tyneside,North East,1861,41588,44.748485139944215,TRUE,353,183,139,51.8413597733711,276,234,42,0,84.78260869565217,66.28895184135978,7.932011331444759,1.9830028328611897,0.28328611898017,5.09915014164306,18.980169971671387,4.2492917847025495,22.388059701492537
2018/19,852,E06000045,E06000045,852,Southampton,South East,1522,94278,16.143745094295593,FALSE,NA,NA,NA,NA,NA,NA,NA,NA,NA,NA,NA,NA,NA,NA,NA,NA,NA
2019/20,852,E06000045,E06000045,852,Southampton,South East,1736,91842,18.902027394873805,FALSE,380,NA,122,NA,NA,253,1,NA,NA,66.57894736842105,NA,NA,NA,NA,NA,NA,NA
2020/21,852,E06000045,E06000045,852,Southampton,South East,1826,89837,20.325700991796253,FALSE,416,NA,119,NA,NA,252,4,NA,NA,60.57692307692308,NA,NA,NA,NA,NA,NA,NA
2021/22,852,E06000045,E06000045,852,Southampton,South East,1938,87408,22.171883580450302,FALSE,342,NA,115,NA,NA,248,13,NA,NA,72.51461988304094,NA,NA,NA,NA,NA,NA,NA
2022/23,852,E06000045,E06000045,852,Southampton,South East,2184,90958,24.011082037863627,FALSE,519,NA,86,NA,292,292,0,0,100,56.262042389210016,0,0,0,0.7707129094412332,NA,NA,NA
2023/24,852,E06000045,E06000045,852,Southampton,South East,2505,94007,26.646951822736604,FALSE,609,296,74,48.60426929392447,297,297,0,0,100,48.76847290640394,0,0.16420361247947454,0,0.16420361247947454,0,5.747126436781609,NA
2024/25,852,E06000045,E06000045,852,Southampton,South East,2785,94728,29.399966219069334,FALSE,569,326,28,57.293497363796135,338,338,0,0,100,59.402460456942,0,0,0,0.351493848857645,0,0.8787346221441125,NA
2025/26,852,E06000045,E06000045,852,Southampton,South East,2945,95970,30.686672918620403,TRUE,612,333,30,54.411764705882355,335,335,0,0,100,54.73856209150327,0,0,0,0.16339869281045752,0,1.7973856209150327,NA
2018/19,882,E06000033,E06000033,882,Southend-on-Sea,East of England,1318,54250,24.29493087557604,FALSE,NA,NA,NA,NA,NA,NA,NA,NA,NA,NA,NA,NA,NA,NA,NA,NA,NA
2019/20,882,E06000033,E06000033,882,Southend-on-Sea,East of England,1361,53978,25.2139760643225,FALSE,293,NA,140,NA,NA,140,5,NA,NA,47.781569965870304,NA,NA,NA,NA,NA,NA,NA
2020/21,882,E06000033,E06000033,882,Southend-on-Sea,East of England,1399,53245,26.274767583810686,FALSE,225,NA,106,NA,NA,102,4,NA,NA,45.333333333333336,NA,NA,NA,NA,NA,NA,NA
2021/22,882,E06000033,E06000033,882,Southend-on-Sea,East of England,1443,52869,27.293877319412132,FALSE,358,NA,124,NA,NA,163,6,NA,NA,45.53072625698324,NA,NA,NA,NA,NA,NA,NA
2022/23,882,E06000033,E06000033,882,Southend-on-Sea,East of England,1541,52430,29.391569711996947,FALSE,423,NA,134,NA,190,182,8,0,95.78947368421052,43.026004728132385,0,0.4728132387706856,0,2.8368794326241136,NA,NA,NA
2023/24,882,E06000033,E06000033,882,Southend-on-Sea,East of England,1737,52489,33.092647983386996,FALSE,517,331,120,64.02321083172147,261,254,7,0,97.31800766283524,49.129593810444874,0.19342359767891681,0.5802707930367504,0.19342359767891681,0.7736943907156673,1.1605415860735009,2.7079303675048356,16.666666666666668
2024/25,882,E06000033,E06000033,882,Southend-on-Sea,East of England,1992,53027,37.565768382144945,FALSE,569,374,137,65.72934973637962,370,309,61,0,83.51351351351352,54.30579964850615,1.2302284710017575,0.1757469244288225,0,0,3.1634446397188047,0,0
2025/26,882,E06000033,E06000033,882,Southend-on-Sea,East of England,2432,52266,46.53120575517545,TRUE,662,468,145,70.69486404833837,606,581,25,0,95.87458745874588,87.7643504531722,0.9063444108761329,0.45317220543806647,1.2084592145015105,0.6042296072507553,2.719033232628399,1.0574018126888218,16.666666666666668
2018/19,210,E09000028,E09000028,210,Southwark,London,2238,102262,21.88496215603059,FALSE,NA,NA,NA,NA,NA,NA,NA,NA,NA,NA,NA,NA,NA,NA,NA,NA,NA
2019/20,210,E09000028,E09000028,210,Southwark,London,2294,101755,22.544346715149135,FALSE,604,NA,254,NA,NA,273,12,NA,NA,45.19867549668874,NA,NA,NA,NA,NA,NA,NA
2020/21,210,E09000028,E09000028,210,Southwark,London,2503,99136,25.248143963847646,FALSE,472,NA,192,NA,NA,335,5,NA,NA,70.97457627118644,NA,NA,NA,NA,NA,NA,NA
2021/22,210,E09000028,E09000028,210,Southwark,London,2783,96275,28.906777460399898,FALSE,550,NA,188,NA,NA,288,0,NA,NA,52.36363636363637,NA,NA,NA,NA,NA,NA,NA
2022/23,210,E09000028,E09000028,210,Southwark,London,2956,97923,30.186983650419208,FALSE,560,NA,213,NA,204,204,0,0,100,36.42857142857143,0.5357142857142857,0.35714285714285715,0,0,NA,NA,NA
2023/24,210,E09000028,E09000028,210,Southwark,London,3226,99411,32.45113719809679,FALSE,795,470,301,59.119496855345915,451,441,10,0,97.78270509977827,55.471698113207545,0,0.25157232704402516,0.25157232704402516,1.3836477987421383,8.30188679245283,2.641509433962264,3.0303030303030303
2024/25,210,E09000028,E09000028,210,Southwark,London,3552,98606,36.022148753625544,FALSE,738,374,352,50.67750677506775,540,529,11,0,97.96296296296296,71.68021680216802,0.13550135501355012,0.4065040650406504,0.27100271002710025,0.948509485094851,4.065040650406504,5.149051490514905,16.666666666666668
2025/26,210,E09000028,E09000028,210,Southwark,London,3619,104328,34.68867418142781,TRUE,638,356,276,55.79937304075235,472,434,34,4,91.94915254237289,68.02507836990596,0.15673981191222572,2.19435736677116,0,1.7241379310344827,0.6269592476489029,5.172413793103448,100
2018/19,342,E08000013,E08000013,342,St. Helens,North West,888,51862,17.12236319463191,FALSE,NA,NA,NA,NA,NA,NA,NA,NA,NA,NA,NA,NA,NA,NA,NA,NA,NA
2019/20,342,E08000013,E08000013,342,St. Helens,North West,1074,51595,20.815970539780988,FALSE,319,NA,143,NA,NA,234,7,NA,NA,73.35423197492163,NA,NA,NA,NA,NA,NA,NA
2020/21,342,E08000013,E08000013,342,St. Helens,North West,1205,51482,23.406239073851054,FALSE,279,NA,83,NA,NA,172,7,NA,NA,61.64874551971326,NA,NA,NA,NA,NA,NA,NA
2021/22,342,E08000013,E08000013,342,St. Helens,North West,1332,51543,25.842500436528724,FALSE,359,NA,0,NA,NA,215,17,NA,NA,59.88857938718663,NA,NA,NA,NA,NA,NA,NA
2022/23,342,E08000013,E08000013,342,St. Helens,North West,1452,51978,27.93489553272538,FALSE,390,NA,0,NA,174,173,1,0,99.42528735632185,44.35897435897436,0,0,0.2564102564102564,2.5641025641025643,NA,NA,NA
2023/24,342,E08000013,E08000013,342,St. Helens,North West,1595,52358,30.46334848542725,FALSE,551,415,0,75.31760435571688,328,325,3,0,99.08536585365853,58.98366606170599,0.3629764065335753,0,0.3629764065335753,0.7259528130671506,5.081669691470054,0.3629764065335753,3.5714285714285716
2024/25,342,E08000013,E08000013,342,St. Helens,North West,2179,52632,41.40066879464964,FALSE,649,496,101,76.42526964560862,658,653,5,0,99.24012158054711,100.61633281972264,0.3081664098613251,0.3081664098613251,1.5408320493066257,2.6194144838212634,7.858243451463791,3.852080123266564,15.686274509803921
2025/26,342,E08000013,E08000013,342,St. Helens,North West,2644,51818,51.02474043768575,TRUE,666,498,154,74.77477477477477,552,544,8,0,98.55072463768116,81.68168168168168,0.45045045045045046,0.15015015015015015,2.1021021021021022,4.354354354354355,15.915915915915916,3.3033033033033035,5.660377358490566
2018/19,860,E10000028,E10000028,860,Staffordshire,West Midlands,4835,242583,19.931322475194055,FALSE,NA,NA,NA,NA,NA,NA,NA,NA,NA,NA,NA,NA,NA,NA,NA,NA,NA
2019/20,860,E10000028,E10000028,860,Staffordshire,West Midlands,5117,241342,21.202277266286018,FALSE,1420,NA,442,NA,NA,526,4,NA,NA,37.04225352112676,NA,NA,NA,NA,NA,NA,NA
2020/21,860,E10000028,E10000028,860,Staffordshire,West Midlands,6056,240639,25.166327985073078,FALSE,1128,NA,553,NA,NA,1177,17,NA,NA,104.34397163120568,NA,NA,NA,NA,NA,NA,NA
2021/22,860,E10000028,E10000028,860,Staffordshire,West Midlands,6437,241175,26.690162744894785,FALSE,1261,NA,521,NA,NA,634,14,NA,NA,50.27755749405234,NA,NA,NA,NA,NA,NA,NA
2022/23,860,E10000028,E10000028,860,Staffordshire,West Midlands,6830,242529,28.161580676949974,FALSE,1665,NA,640,NA,796,785,11,0,98.61809045226131,47.147147147147145,0.12012012012012012,0.24024024024024024,0,0,NA,NA,NA
2023/24,860,E10000028,E10000028,860,Staffordshire,West Midlands,7490,244491,30.6350745017199,FALSE,2029,941,898,46.37752587481518,1025,1005,20,0,98.04878048780488,49.53178905864958,0.04928536224741252,0.34499753573188763,0.8378511582060129,1.5771315919172006,6.308526367668803,7.589945786101528,13.28125
2024/25,860,E10000028,E10000028,860,Staffordshire,West Midlands,8461,245680,34.43910778248128,FALSE,2260,1136,953,50.26548672566372,1239,1236,3,0,99.75786924939467,54.690265486725664,0.17699115044247787,0.08849557522123894,0.7522123893805309,0.39823008849557523,7.743362831858407,8.539823008849558,13.142857142857142
2025/26,860,E10000028,E10000028,860,Staffordshire,West Midlands,9979,244073,40.885308903483796,TRUE,2427,1387,872,57.14874330449114,1688,1680,8,0,99.5260663507109,69.221260815822,0.16481252575195715,0.04120313143798929,0.6592501030078286,0.20601565718994644,2.6782035434693037,7.334157395962093,9.23076923076923
2018/19,356,E08000007,E08000007,356,Stockport,North West,2195,83582,26.261635280323517,FALSE,NA,NA,NA,NA,NA,NA,NA,NA,NA,NA,NA,NA,NA,NA,NA,NA,NA
2019/20,356,E08000007,E08000007,356,Stockport,North West,2359,83755,28.165482657751774,FALSE,362,NA,67,NA,NA,275,5,NA,NA,75.96685082872928,NA,NA,NA,NA,NA,NA,NA
2020/21,356,E08000007,E08000007,356,Stockport,North West,2383,83656,28.48570335660323,FALSE,329,NA,59,NA,NA,311,10,NA,NA,94.52887537993921,NA,NA,NA,NA,NA,NA,NA
2021/22,356,E08000007,E08000007,356,Stockport,North West,2618,83963,31.180400890868597,FALSE,512,NA,71,NA,NA,360,24,NA,NA,70.3125,NA,NA,NA,NA,NA,NA,NA
2022/23,356,E08000007,E08000007,356,Stockport,North West,2827,84338,33.51988427517845,FALSE,705,NA,94,NA,540,531,9,0,98.33333333333333,75.31914893617021,0.9929078014184397,0.28368794326241137,0.7092198581560284,0.851063829787234,NA,NA,NA
2023/24,356,E08000007,E08000007,356,Stockport,North West,3115,84628,36.808148603299145,FALSE,790,622,106,78.73417721518987,441,433,8,0,98.1859410430839,54.81012658227848,0.5063291139240507,0.12658227848101267,0.12658227848101267,0.25316455696202533,4.936708860759493,0.25316455696202533,0
2024/25,356,E08000007,E08000007,356,Stockport,North West,3506,85255,41.12368776024867,FALSE,859,570,225,66.35622817229337,619,609,10,0,98.38449111470113,70.89639115250291,0.5820721769499418,0.11641443538998836,0.3492433061699651,0.6984866123399301,9.778812572759023,1.3969732246798603,0
2025/26,356,E08000007,E08000007,356,Stockport,North West,3930,85336,46.0532483359895,TRUE,959,588,319,61.31386861313869,657,646,9,0,98.32572298325724,67.36183524504692,0.4171011470281543,0.20855057351407716,0.6256517205422315,4.066736183524505,10.844629822732012,1.1470281543274243,2.8846153846153846
2018/19,808,E06000004,E06000004,808,Stockton-on-Tees,North East,1452,61244,23.708444908889035,FALSE,NA,NA,NA,NA,NA,NA,NA,NA,NA,NA,NA,NA,NA,NA,NA,NA,NA
2019/20,808,E06000004,E06000004,808,Stockton-on-Tees,North East,1548,59683,25.93703399628035,FALSE,411,NA,73,NA,NA,262,46,NA,NA,63.74695863746959,NA,NA,NA,NA,NA,NA,NA
2020/21,808,E06000004,E06000004,808,Stockton-on-Tees,North East,1650,58880,28.023097826086957,FALSE,349,NA,40,NA,NA,223,28,NA,NA,63.89684813753582,NA,NA,NA,NA,NA,NA,NA
2021/22,808,E06000004,E06000004,808,Stockton-on-Tees,North East,1821,58652,31.047534610925457,FALSE,353,NA,46,NA,NA,205,40,NA,NA,58.07365439093484,NA,NA,NA,NA,NA,NA,NA
2022/23,808,E06000004,E06000004,808,Stockton-on-Tees,North East,1891,59649,31.702124092608425,FALSE,491,NA,49,NA,373,297,76,0,79.62466487935657,60.4887983706721,0,0,0,0,NA,NA,NA
2023/24,808,E06000004,E06000004,808,Stockton-on-Tees,North East,2080,59883,34.73439874421789,FALSE,552,425,109,76.9927536231884,430,341,89,0,79.30232558139535,61.77536231884058,4.891304347826087,1.9927536231884058,3.4420289855072466,2.1739130434782608,1.6304347826086956,0.5434782608695652,33.333333333333336
2024/25,808,E06000004,E06000004,808,Stockton-on-Tees,North East,2442,60582,40.3090026740616,FALSE,559,534,13,95.52772808586762,474,433,41,0,91.35021097046413,77.4597495527728,2.862254025044723,2.3255813953488373,0,1.7889087656529516,1.4311270125223614,2.862254025044723,62.5
2025/26,808,E06000004,E06000004,808,Stockton-on-Tees,North East,2800,57555,48.64911823473199,TRUE,685,577,108,84.23357664233576,475,443,32,0,93.26315789473684,64.67153284671532,4.087591240875913,1.897810218978102,1.4598540145985401,0.583941605839416,1.167883211678832,0.145985401459854,12.5
2018/19,861,E06000021,E06000021,861,Stoke-on-Trent,West Midlands,2223,85978,25.85545139454279,FALSE,NA,NA,NA,NA,NA,NA,NA,NA,NA,NA,NA,NA,NA,NA,NA,NA,NA
2019/20,861,E06000021,E06000021,861,Stoke-on-Trent,West Midlands,2290,85658,26.734222139204743,FALSE,394,NA,100,NA,NA,254,15,NA,NA,64.46700507614213,NA,NA,NA,NA,NA,NA,NA
2020/21,861,E06000021,E06000021,861,Stoke-on-Trent,West Midlands,2441,85105,28.6822160860114,FALSE,400,NA,93,NA,NA,283,8,NA,NA,70.75,NA,NA,NA,NA,NA,NA,NA
2021/22,861,E06000021,E06000021,861,Stoke-on-Trent,West Midlands,2540,84175,30.175230175230176,FALSE,435,NA,104,NA,NA,244,11,NA,NA,56.0919540229885,NA,NA,NA,NA,NA,NA,NA
2022/23,861,E06000021,E06000021,861,Stoke-on-Trent,West Midlands,2772,85075,32.58301498677638,FALSE,567,NA,116,NA,393,383,8,2,97.45547073791349,67.54850088183422,1.2345679012345678,0.1763668430335097,1.9400352733686066,4.585537918871252,NA,NA,NA
2023/24,861,E06000021,E06000021,861,Stoke-on-Trent,West Midlands,2970,86376,34.384551264240066,FALSE,683,517,156,75.69546120058565,418,409,9,0,97.8468899521531,59.88286969253294,1.7569546120058566,2.049780380673499,1.171303074670571,0,7.46705710102489,1.0248901903367496,9.803921568627452
2024/25,861,E06000021,E06000021,861,Stoke-on-Trent,West Midlands,3405,88374,38.52943173331523,FALSE,788,575,189,72.96954314720813,596,587,9,0,98.48993288590604,74.49238578680203,0.5076142131979695,0.5076142131979695,0.38071065989847713,5.2030456852791875,8.248730964467006,2.1573604060913705,1.5384615384615385
2025/26,861,E06000021,E06000021,861,Stoke-on-Trent,West Midlands,3707,86014,43.097635268677195,TRUE,860,554,241,64.4186046511628,579,555,24,0,95.85492227979275,64.53488372093024,2.441860465116279,0.3488372093023256,1.627906976744186,7.093023255813954,5.116279069767442,1.3953488372093024,4.545454545454546
2018/19,935,E10000029,E10000029,935,Suffolk,East of England,4735,212572,22.27480571288787,FALSE,NA,NA,NA,NA,NA,NA,NA,NA,NA,NA,NA,NA,NA,NA,NA,NA,NA
2019/20,935,E10000029,E10000029,935,Suffolk,East of England,5529,210749,26.234999928825285,FALSE,1326,NA,457,NA,NA,851,7,NA,NA,64.17797888386124,NA,NA,NA,NA,NA,NA,NA
2020/21,935,E10000029,E10000029,935,Suffolk,East of England,5891,208166,28.299530182642698,FALSE,966,NA,350,NA,NA,669,6,NA,NA,69.25465838509317,NA,NA,NA,NA,NA,NA,NA
2021/22,935,E10000029,E10000029,935,Suffolk,East of England,6347,208244,30.47866925337585,FALSE,1322,NA,420,NA,NA,696,8,NA,NA,52.64750378214826,NA,NA,NA,NA,NA,NA,NA
2022/23,935,E10000029,E10000029,935,Suffolk,East of England,6951,207869,33.43932957776292,FALSE,1631,NA,614,NA,699,685,14,0,97.99713876967095,41.99877375843041,0.18393623543838136,0.061312078479460456,1.6554261189454322,0,NA,NA,NA
2023/24,935,E10000029,E10000029,935,Suffolk,East of England,7860,208502,37.697480120094774,FALSE,2159,1664,384,77.07271885132006,1048,1041,7,0,99.33206106870229,48.216767021769336,0.04631773969430292,0.04631773969430292,0.6947660954145438,3.0106530801296896,16.35016211208893,2.825382121352478,2.8328611898016995
2024/25,935,E10000029,E10000029,935,Suffolk,East of England,8837,209562,42.168904667831,FALSE,2784,2373,267,85.23706896551724,1833,1782,51,0,97.2176759410802,64.00862068965517,0.28735632183908044,0.10775862068965517,0.7183908045977011,5.028735632183908,5.100574712643678,2.514367816091954,12.67605633802817
2025/26,935,E10000029,E10000029,935,Suffolk,East of England,11598,207505,55.89262909327486,TRUE,2609,2040,490,78.19087773093139,3338,3156,182,0,94.54763331336129,120.9658873131468,1.1881947106170947,0.45994633959371406,2.606362591031046,8.968953622077425,12.303564584131852,5.212725182062092,8.722741433021806
2018/19,394,E08000024,E08000024,394,Sunderland,North East,1588,79617,19.945489028725024,FALSE,NA,NA,NA,NA,NA,NA,NA,NA,NA,NA,NA,NA,NA,NA,NA,NA,NA
2019/20,394,E08000024,E08000024,394,Sunderland,North East,1701,78878,21.564948401328635,FALSE,468,NA,220,NA,NA,232,2,NA,NA,49.572649572649574,NA,NA,NA,NA,NA,NA,NA
2020/21,394,E08000024,E08000024,394,Sunderland,North East,1901,78072,24.34931857772313,FALSE,364,NA,128,NA,NA,255,6,NA,NA,70.05494505494505,NA,NA,NA,NA,NA,NA,NA
2021/22,394,E08000024,E08000024,394,Sunderland,North East,2202,77909,28.26374359830058,FALSE,543,NA,174,NA,NA,325,15,NA,NA,59.85267034990792,NA,NA,NA,NA,NA,NA,NA
2022/23,394,E08000024,E08000024,394,Sunderland,North East,2487,78659,31.617488145031082,FALSE,572,NA,196,NA,360,357,3,0,99.16666666666667,62.41258741258741,0.17482517482517482,0.6993006993006993,2.4475524475524475,1.5734265734265733,NA,NA,NA
2023/24,394,E08000024,E08000024,394,Sunderland,North East,2790,79768,34.97643165179019,FALSE,605,284,267,46.94214876033058,358,333,25,0,93.01675977653632,55.04132231404959,0.1652892561983471,0.1652892561983471,1.1570247933884297,0.3305785123966942,23.801652892561982,7.2727272727272725,28.47222222222222
2024/25,394,E08000024,E08000024,394,Sunderland,North East,3000,80731,37.16044642082967,FALSE,578,185,343,32.00692041522491,333,297,36,0,89.1891891891892,51.3840830449827,1.0380622837370241,0.6920415224913494,0.6920415224913494,0,33.391003460207614,12.975778546712803,34.715025906735754
2025/26,394,E08000024,E08000024,394,Sunderland,North East,3191,79089,40.346950903412605,TRUE,648,216,375,33.333333333333336,319,287,32,0,89.96865203761756,44.29012345679013,1.6975308641975309,2.7777777777777777,1.2345679012345678,1.3888888888888888,20.21604938271605,10.95679012345679,22.137404580152673
2018/19,936,E10000030,E10000030,936,Surrey,South East,8732,358373,24.365674869479566,FALSE,NA,NA,NA,NA,NA,NA,NA,NA,NA,NA,NA,NA,NA,NA,NA,NA,NA
2019/20,936,E10000030,E10000030,936,Surrey,South East,9783,359805,27.18972776920832,FALSE,2213,NA,496,NA,NA,1471,113,NA,NA,66.47085404428378,NA,NA,NA,NA,NA,NA,NA
2020/21,936,E10000030,E10000030,936,Surrey,South East,10757,360496,29.839443433491635,FALSE,1761,NA,412,NA,NA,1447,105,NA,NA,82.16922203293583,NA,NA,NA,NA,NA,NA,NA
2021/22,936,E10000030,E10000030,936,Surrey,South East,11747,362974,32.36319956801314,FALSE,1908,NA,401,NA,NA,1415,136,NA,NA,74.16142557651992,NA,NA,NA,NA,NA,NA,NA
2022/23,936,E10000030,E10000030,936,Surrey,South East,12925,365441,35.36822633475718,FALSE,2837,NA,384,NA,1260,1037,223,0,82.3015873015873,36.552696510398306,1.4451885794853718,1.4804370814240395,2.784631653154741,1.339443073669369,NA,NA,NA
2023/24,936,E10000030,E10000030,936,Surrey,South East,14245,370842,38.41258541373415,FALSE,2947,1887,974,64.03121818798779,2203,1999,204,0,90.73990013617794,67.83169324737021,2.511028164234815,1.7305734645402104,2.9521547336274176,4.343400067865626,11.53715643026807,7.702748557855446,35.588235294117645
2024/25,936,E10000030,E10000030,936,Surrey,South East,16069,372569,43.13026580311298,FALSE,3022,1611,1050,53.309066843150234,2904,2506,398,0,86.29476584022039,82.9252150893448,3.7061548643282594,2.9450694904037062,5.42686962276638,5.493050959629384,8.438120450033091,2.812706816677697,30.19607843137255
2025/26,936,E10000030,E10000030,936,Surrey,South East,17765,369064,48.13528276938417,TRUE,3283,2453,537,74.71824550715809,2564,2317,247,0,90.36661466458658,70.57569296375266,1.462077368260737,2.2235759975632043,0.9747182455071581,7.066707279926896,5.421870240633567,2.2844958879074015,12.359550561797754
2018/19,319,E09000029,E09000029,319,Sutton,London,1653,64110,25.783809078146934,FALSE,NA,NA,NA,NA,NA,NA,NA,NA,NA,NA,NA,NA,NA,NA,NA,NA,NA
2019/20,319,E09000029,E09000029,319,Sutton,London,1816,64885,27.987978731602063,FALSE,282,NA,114,NA,NA,142,15,NA,NA,50.354609929078016,NA,NA,NA,NA,NA,NA,NA
2020/21,319,E09000029,E09000029,319,Sutton,London,1927,65161,29.572904037691256,FALSE,295,NA,109,NA,NA,191,23,NA,NA,64.7457627118644,NA,NA,NA,NA,NA,NA,NA
2021/22,319,E09000029,E09000029,319,Sutton,London,1995,65121,30.635278942276685,FALSE,390,NA,182,NA,NA,204,17,NA,NA,52.30769230769231,NA,NA,NA,NA,NA,NA,NA
2022/23,319,E09000029,E09000029,319,Sutton,London,2164,65161,33.210048955663666,FALSE,460,NA,124,NA,333,308,25,0,92.49249249249249,66.95652173913044,0.8695652173913043,1.3043478260869565,1.5217391304347827,6.521739130434782,NA,NA,NA
2023/24,319,E09000029,E09000029,319,Sutton,London,2304,65417,35.22020269960407,FALSE,592,430,153,72.63513513513513,398,367,31,0,92.21105527638191,61.99324324324324,2.027027027027027,1.6891891891891893,1.1824324324324325,1.8581081081081081,4.898648648648648,5.574324324324325,37.93103448275862
2024/25,319,E09000029,E09000029,319,Sutton,London,2582,65698,39.30104417181649,FALSE,607,361,221,59.472817133443165,397,368,29,0,92.69521410579345,60.626029654036245,3.1301482701812193,2.1416803953871497,1.6474464579901154,2.6359143327841843,8.401976935749587,3.9538714991762767,23.529411764705884
2025/26,319,E09000029,E09000029,319,Sutton,London,2708,66190,40.91252455053634,TRUE,658,337,313,51.21580547112462,302,265,37,0,87.74834437086092,40.27355623100304,1.0638297872340425,1.0638297872340425,0.60790273556231,1.0638297872340425,11.854103343465045,10.486322188449847,29.487179487179485
2018/19,866,E06000030,E06000030,866,Swindon,South West,1987,71256,27.885371056472437,FALSE,NA,NA,NA,NA,NA,NA,NA,NA,NA,NA,NA,NA,NA,NA,NA,NA,NA
2019/20,866,E06000030,E06000030,866,Swindon,South West,2171,71264,30.46418949259093,FALSE,466,NA,96,NA,NA,240,2,NA,NA,51.502145922746784,NA,NA,NA,NA,NA,NA,NA
2020/21,866,E06000030,E06000030,866,Swindon,South West,2049,70856,28.917805125889128,FALSE,370,NA,84,NA,NA,280,39,NA,NA,75.67567567567568,NA,NA,NA,NA,NA,NA,NA
2021/22,866,E06000030,E06000030,866,Swindon,South West,2264,70715,32.01583822385633,FALSE,458,NA,135,NA,NA,249,13,NA,NA,54.366812227074234,NA,NA,NA,NA,NA,NA,NA
2022/23,866,E06000030,E06000030,866,Swindon,South West,2324,70779,32.834597832690484,FALSE,586,NA,196,NA,339,320,19,0,94.3952802359882,54.60750853242321,1.7064846416382253,0.5119453924914675,0,0,NA,NA,NA
2023/24,866,E06000030,E06000030,866,Swindon,South West,2573,71579,35.94629709831096,FALSE,645,384,211,59.53488372093023,381,372,9,0,97.63779527559055,57.674418604651166,0.7751937984496124,0.6201550387596899,0,0,13.953488372093023,1.2403100775193798,2.2222222222222223
2024/25,866,E06000030,E06000030,866,Swindon,South West,2772,72392,38.291523925295614,FALSE,548,372,107,67.88321167883211,353,318,35,0,90.08498583569406,58.02919708029197,3.6496350364963503,1.2773722627737227,0.18248175182481752,0,12.773722627737227,0.7299270072992701,1.4285714285714286
2025/26,866,E06000030,E06000030,866,Swindon,South West,2789,71338,39.09557318680086,TRUE,761,385,196,50.59132720105125,425,414,11,0,97.41176470588235,54.402102496714846,1.445466491458607,0.5256241787122208,0.2628120893561104,0.1314060446780552,10.512483574244415,1.7082785808147174,8.75
2018/19,357,E08000008,E08000008,357,Tameside,North West,1344,70229,19.137393384499283,FALSE,NA,NA,NA,NA,NA,NA,NA,NA,NA,NA,NA,NA,NA,NA,NA,NA,NA
2019/20,357,E08000008,E08000008,357,Tameside,North West,1575,70394,22.374065971531667,FALSE,479,NA,79,NA,NA,409,42,NA,NA,85.38622129436325,NA,NA,NA,NA,NA,NA,NA
2020/21,357,E08000008,E08000008,357,Tameside,North West,1756,70392,24.946016592794635,FALSE,441,NA,74,NA,NA,301,11,NA,NA,68.25396825396825,NA,NA,NA,NA,NA,NA,NA
2021/22,357,E08000008,E08000008,357,Tameside,North West,2140,70391,30.40161384267875,FALSE,492,NA,98,NA,NA,359,17,NA,NA,72.96747967479675,NA,NA,NA,NA,NA,NA,NA
2022/23,357,E08000008,E08000008,357,Tameside,North West,2563,70839,36.18063496096783,FALSE,651,NA,146,NA,386,384,2,0,99.48186528497409,58.986175115207374,0.15360983102918588,0,0.6144393241167435,0,NA,NA,NA
2023/24,357,E08000008,E08000008,357,Tameside,North West,3022,71492,42.270463828120626,FALSE,839,678,1,80.81048867699643,682,680,2,0,99.70674486803519,81.04886769964243,0.11918951132300358,0.23837902264600716,0.5959475566150179,1.0727056019070322,0.9535160905840286,0,0
2024/25,357,E08000008,E08000008,357,Tameside,North West,3473,72293,48.04061250743502,FALSE,1052,728,29,69.20152091254752,909,895,14,0,98.45984598459846,85.07604562737643,0.7604562737642585,0.19011406844106463,1.1406844106463878,0,4.08745247148289,0.28517110266159695,2.3255813953488373
2025/26,357,E08000008,E08000008,357,Tameside,North West,3837,71156,53.923773118219124,TRUE,961,545,247,56.71175858480749,758,720,38,0,94.9868073878628,74.92195629552549,2.2892819979188346,0.1040582726326743,1.352757544224766,0,9.46930280957336,1.2486992715920915,1.098901098901099
2018/19,894,E06000020,E06000020,894,Telford and Wrekin,West Midlands,1556,57709,26.9628654109411,FALSE,NA,NA,NA,NA,NA,NA,NA,NA,NA,NA,NA,NA,NA,NA,NA,NA,NA
2019/20,894,E06000020,E06000020,894,Telford and Wrekin,West Midlands,1657,58188,28.47666185467794,FALSE,237,NA,43,NA,NA,185,8,NA,NA,78.05907172995781,NA,NA,NA,NA,NA,NA,NA
2020/21,894,E06000020,E06000020,894,Telford and Wrekin,West Midlands,1785,58214,30.662727179029098,FALSE,193,NA,55,NA,NA,162,5,NA,NA,83.93782383419689,NA,NA,NA,NA,NA,NA,NA
2021/22,894,E06000020,E06000020,894,Telford and Wrekin,West Midlands,1782,58545,30.438124519600308,FALSE,211,NA,35,NA,NA,149,6,NA,NA,70.61611374407583,NA,NA,NA,NA,NA,NA,NA
2022/23,894,E06000020,E06000020,894,Telford and Wrekin,West Midlands,1858,59249,31.359179057874393,FALSE,327,NA,66,NA,223,218,5,0,97.75784753363229,66.66666666666667,0.3058103975535168,0,0.3058103975535168,3.058103975535168,NA,NA,NA
2023/24,894,E06000020,E06000020,894,Telford and Wrekin,West Midlands,2124,60196,35.284736527344016,FALSE,498,372,106,74.6987951807229,319,311,8,0,97.4921630094044,62.44979919678715,0.40160642570281124,0,0.6024096385542169,4.216867469879518,2.0080321285140563,2.0080321285140563,50
2024/25,894,E06000020,E06000020,894,Telford and Wrekin,West Midlands,2439,61110,39.91163475699558,FALSE,487,342,135,70.2258726899384,354,342,12,0,96.61016949152543,70.2258726899384,0.2053388090349076,0.4106776180698152,2.2587268993839835,7.597535934291581,4.9281314168377826,3.696098562628337,45.833333333333336
2025/26,894,E06000020,E06000020,894,Telford and Wrekin,West Midlands,2669,61156,43.64248806331349,TRUE,562,362,181,64.41281138790036,378,359,19,0,94.97354497354497,63.879003558718864,0.5338078291814946,0.35587188612099646,0.17793594306049823,5.160142348754448,4.270462633451957,3.5587188612099645,41.666666666666664
2018/19,883,E06000034,E06000034,883,Thurrock,East of England,1538,59060,26.041313918049443,FALSE,NA,NA,NA,NA,NA,NA,NA,NA,NA,NA,NA,NA,NA,NA,NA,NA,NA
2019/20,883,E06000034,E06000034,883,Thurrock,East of England,1661,59532,27.900960827790097,FALSE,318,NA,1,NA,NA,240,92,NA,NA,75.47169811320755,NA,NA,NA,NA,NA,NA,NA
2020/21,883,E06000034,E06000034,883,Thurrock,East of England,1761,59583,29.555410100196365,FALSE,221,NA,71,NA,NA,201,4,NA,NA,90.9502262443439,NA,NA,NA,NA,NA,NA,NA
2021/22,883,E06000034,E06000034,883,Thurrock,East of England,1906,59510,32.02823054948748,FALSE,352,NA,98,NA,NA,252,23,NA,NA,71.5909090909091,NA,NA,NA,NA,NA,NA,NA
2022/23,883,E06000034,E06000034,883,Thurrock,East of England,2090,59943,34.86645646697696,FALSE,410,NA,78,NA,306,293,13,0,95.7516339869281,71.46341463414635,0.4878048780487805,0.24390243902439024,0.24390243902439024,0,NA,NA,NA
2023/24,883,E06000034,E06000034,883,Thurrock,East of England,2319,60716,38.19421569273338,FALSE,512,313,163,61.1328125,310,299,9,2,96.45161290322581,58.3984375,0.1953125,0.78125,0.9765625,0,1.7578125,0.390625,11.11111111111111
2024/25,883,E06000034,E06000034,883,Thurrock,East of England,2508,61158,41.00853526930246,FALSE,666,388,254,58.25825825825826,328,321,7,0,97.86585365853658,48.1981981981982,1.0510510510510511,0.15015015015015015,0.7507507507507507,1.0510510510510511,8.408408408408409,2.1021021021021022,10.714285714285714
2025/26,883,E06000034,E06000034,883,Thurrock,East of England,2934,61213,47.93099505007106,TRUE,744,470,241,63.17204301075269,554,525,29,0,94.7653429602888,70.56451612903226,1.3440860215053763,0.26881720430107525,0.5376344086021505,0.6720430107526881,6.048387096774194,2.8225806451612905,8.88888888888889
2018/19,880,E06000027,E06000027,880,Torbay,South West,1331,36247,36.72028029905923,FALSE,NA,NA,NA,NA,NA,NA,NA,NA,NA,NA,NA,NA,NA,NA,NA,NA,NA
2019/20,880,E06000027,E06000027,880,Torbay,South West,1416,35741,39.618365462633946,FALSE,317,NA,97,NA,NA,188,12,NA,NA,59.305993690851736,NA,NA,NA,NA,NA,NA,NA
2020/21,880,E06000027,E06000027,880,Torbay,South West,1507,35312,42.676710466696875,FALSE,201,NA,50,NA,NA,159,10,NA,NA,79.1044776119403,NA,NA,NA,NA,NA,NA,NA
2021/22,880,E06000027,E06000027,880,Torbay,South West,1608,35202,45.679222771433444,FALSE,299,NA,62,NA,NA,203,9,NA,NA,67.89297658862876,NA,NA,NA,NA,NA,NA,NA
2022/23,880,E06000027,E06000027,880,Torbay,South West,1595,34753,45.8953183897793,FALSE,340,NA,113,NA,194,183,11,0,94.3298969072165,53.8235294117647,0.8823529411764706,0.29411764705882354,0,0.5882352941176471,NA,NA,NA
2023/24,880,E06000027,E06000027,880,Torbay,South West,1535,34454,44.552156498519764,FALSE,350,196,124,56,196,184,12,0,93.87755102040816,52.57142857142857,0.2857142857142857,0.2857142857142857,0,0.8571428571428571,2.5714285714285716,1.4285714285714286,11.11111111111111
2024/25,880,E06000027,E06000027,880,Torbay,South West,1643,34032,48.27809120827457,FALSE,307,221,31,71.9869706840391,247,228,19,0,92.3076923076923,74.2671009771987,0.3257328990228013,1.9543973941368078,0,0.6514657980456026,0,2.2801302931596092,NA
2025/26,880,E06000027,E06000027,880,Torbay,South West,1793,33813,53.0269423002987,TRUE,421,306,96,72.68408551068883,226,206,20,0,91.15044247787611,48.93111638954869,0.7125890736342043,1.4251781472684086,0.4750593824228028,0.9501187648456056,2.137767220902613,5.938242280285036,33.333333333333336
2018/19,211,E09000030,E09000030,211,Tower Hamlets,London,2842,112519,25.257956434024475,FALSE,NA,NA,NA,NA,NA,NA,NA,NA,NA,NA,NA,NA,NA,NA,NA,NA,NA
2019/20,211,E09000030,E09000030,211,Tower Hamlets,London,3016,113375,26.601984564498345,FALSE,456,NA,39,NA,NA,314,14,NA,NA,68.85964912280701,NA,NA,NA,NA,NA,NA,NA
2020/21,211,E09000030,E09000030,211,Tower Hamlets,London,3257,111543,29.199501537523645,FALSE,321,NA,27,NA,NA,258,4,NA,NA,80.37383177570094,NA,NA,NA,NA,NA,NA,NA
2021/22,211,E09000030,E09000030,211,Tower Hamlets,London,3464,113411,30.54377441341669,FALSE,387,NA,32,NA,NA,311,7,NA,NA,80.36175710594316,NA,NA,NA,NA,NA,NA,NA
2022/23,211,E09000030,E09000030,211,Tower Hamlets,London,4111,119539,34.39044997866805,FALSE,738,NA,0,NA,738,738,0,0,100,100,0.13550135501355012,0,0,0,NA,NA,NA
2023/24,211,E09000030,E09000030,211,Tower Hamlets,London,4463,120023,37.18453962990427,FALSE,892,625,167,70.06726457399103,767,731,13,23,95.30638852672752,81.95067264573991,0.672645739910314,0,0,0.2242152466367713,5.2690582959641254,1.0089686098654709,0
2024/25,211,E09000030,E09000030,211,Tower Hamlets,London,4555,119703,38.052513303760136,FALSE,887,625,189,70.46223224351748,692,638,31,23,92.19653179190752,71.92784667418263,1.4656144306651635,0.3382187147688839,0.5636978579481398,0.9019165727170236,11.499436302142051,1.9165727170236753,5.882352941176471
2025/26,211,E09000030,E09000030,211,Tower Hamlets,London,4834,129847,37.22843038345129,TRUE,957,681,173,71.15987460815047,796,723,54,19,90.82914572864321,75.54858934169279,2.6123301985370952,0.4179728317659352,2.4033437826541273,2.2988505747126435,7.41901776384535,1.7763845350052248,7.042253521126761
2018/19,358,E08000009,E08000009,358,Trafford,North West,1788,72182,24.770718461666345,FALSE,NA,NA,NA,NA,NA,NA,NA,NA,NA,NA,NA,NA,NA,NA,NA,NA,NA
2019/20,358,E08000009,E08000009,358,Trafford,North West,2030,72440,28.023191606847043,FALSE,337,NA,33,NA,NA,328,1,NA,NA,97.3293768545994,NA,NA,NA,NA,NA,NA,NA
2020/21,358,E08000009,E08000009,358,Trafford,North West,2256,72424,31.149895062410252,FALSE,305,NA,21,NA,NA,282,7,NA,NA,92.45901639344262,NA,NA,NA,NA,NA,NA,NA
2021/22,358,E08000009,E08000009,358,Trafford,North West,2448,72441,33.79301776618213,FALSE,413,NA,34,NA,NA,269,12,NA,NA,65.13317191283294,NA,NA,NA,NA,NA,NA,NA
2022/23,358,E08000009,E08000009,358,Trafford,North West,2745,72920,37.643993417443774,FALSE,529,NA,44,NA,476,454,22,0,95.3781512605042,85.82230623818525,0.5671077504725898,0,0.1890359168241966,0.7561436672967864,NA,NA,NA
2023/24,358,E08000009,E08000009,358,Trafford,North West,2939,73522,39.97442942248579,FALSE,669,487,151,72.79521674140508,541,511,30,0,94.4547134935305,76.38266068759343,0.4484304932735426,0.29895366218236175,0.4484304932735426,0,5.23168908819133,0.4484304932735426,8.571428571428571
2024/25,358,E08000009,E08000009,358,Trafford,North West,3143,74206,42.35506562811633,FALSE,515,354,139,68.7378640776699,431,390,41,0,90.48723897911833,75.72815533980582,1.3592233009708738,1.7475728155339805,0.3883495145631068,0.7766990291262136,5.825242718446602,1.3592233009708738,6.666666666666667
2025/26,358,E08000009,E08000009,358,Trafford,North West,3405,73447,46.35996024344085,TRUE,537,420,96,78.2122905027933,518,449,69,0,86.67953667953668,83.61266294227188,6.70391061452514,1.675977653631285,2.793296089385475,1.675977653631285,7.07635009310987,1.303538175046555,5.2631578947368425
2018/19,384,E08000036,E08000036,384,Wakefield,Yorkshire and The Humber,1923,101174,19.006859469824263,FALSE,NA,NA,NA,NA,NA,NA,NA,NA,NA,NA,NA,NA,NA,NA,NA,NA,NA
2019/20,384,E08000036,E08000036,384,Wakefield,Yorkshire and The Humber,2149,101403,21.19266688362277,FALSE,481,NA,72,NA,NA,346,27,NA,NA,71.93347193347194,NA,NA,NA,NA,NA,NA,NA
2020/21,384,E08000036,E08000036,384,Wakefield,Yorkshire and The Humber,2356,101758,23.152970773796653,FALSE,415,NA,40,NA,NA,327,17,NA,NA,78.79518072289157,NA,NA,NA,NA,NA,NA,NA
2021/22,384,E08000036,E08000036,384,Wakefield,Yorkshire and The Humber,2704,102141,26.473208603792795,FALSE,550,NA,31,NA,NA,431,30,NA,NA,78.36363636363636,NA,NA,NA,NA,NA,NA,NA
2022/23,384,E08000036,E08000036,384,Wakefield,Yorkshire and The Humber,3036,102741,29.550033579583612,FALSE,689,NA,132,NA,NA,462,114,0,NA,67.05370101596516,2.7576197387518144,0.43541364296081275,1.1611030478955007,0.29027576197387517,NA,NA,NA
2023/24,384,E08000036,E08000036,384,Wakefield,Yorkshire and The Humber,3415,103560,32.976052529934336,FALSE,857,692,50,80.7467911318553,532,512,20,0,96.2406015037594,59.74329054842474,0.8168028004667445,0.11668611435239207,0,0,3.38389731621937,0.8168028004667445,0
2024/25,384,E08000036,E08000036,384,Wakefield,Yorkshire and The Humber,3857,104617,36.867813070533465,FALSE,844,763,39,90.40284360189574,570,510,59,1,89.47368421052632,60.426540284360186,2.4881516587677726,0.7109004739336493,0.9478672985781991,0,11.611374407582938,1.5402843601895735,2.0408163265306123
2025/26,384,E08000036,E08000036,384,Wakefield,Yorkshire and The Humber,4167,104659,39.815018297518606,TRUE,858,434,388,50.582750582750585,546,469,77,0,85.8974358974359,54.66200466200466,3.613053613053613,0.8158508158508159,2.097902097902098,1.048951048951049,15.034965034965035,1.6317016317016317,3.875968992248062
2018/19,335,E08000030,E08000030,335,Walsall,West Midlands,2017,94415,21.3631308584441,FALSE,NA,NA,NA,NA,NA,NA,NA,NA,NA,NA,NA,NA,NA,NA,NA,NA,NA
2019/20,335,E08000030,E08000030,335,Walsall,West Midlands,2106,94795,22.216361622448442,FALSE,527,NA,94,NA,NA,248,4,NA,NA,47.05882352941177,NA,NA,NA,NA,NA,NA,NA
2020/21,335,E08000030,E08000030,335,Walsall,West Midlands,2596,94565,27.452017131073866,FALSE,461,NA,68,NA,NA,520,24,NA,NA,112.79826464208243,NA,NA,NA,NA,NA,NA,NA
2021/22,335,E08000030,E08000030,335,Walsall,West Midlands,2856,94324,30.278614138501336,FALSE,647,NA,86,NA,NA,332,10,NA,NA,51.31375579598145,NA,NA,NA,NA,NA,NA,NA
2022/23,335,E08000030,E08000030,335,Walsall,West Midlands,3416,94820,36.026154819658295,FALSE,940,NA,119,NA,571,571,0,0,100,60.744680851063826,0.10638297872340426,0.10638297872340426,0.5319148936170213,0.851063829787234,NA,NA,NA
2023/24,335,E08000030,E08000030,335,Walsall,West Midlands,4508,96244,46.839283487801836,FALSE,1260,963,285,76.42857142857143,1247,1210,37,0,97.03287890938252,96.03174603174604,1.1904761904761905,0.23809523809523808,1.1111111111111112,0.23809523809523808,6.825396825396825,0.31746031746031744,4.651162790697675
2024/25,335,E08000030,E08000030,335,Walsall,West Midlands,4743,97844,48.47512366624423,FALSE,1103,424,668,38.44061650045331,677,579,98,0,85.52437223042836,52.49320036264733,5.258386219401632,1.5412511332728922,1.1786038077969174,0.271985494106981,22.937443336355393,3.445149592021759,13.438735177865613
2025/26,335,E08000030,E08000030,335,Walsall,West Midlands,4779,96201,49.67723828234634,TRUE,995,377,609,37.88944723618091,556,415,141,0,74.64028776978417,41.70854271356784,3.8190954773869348,1.2060301507537687,0.5025125628140703,0.3015075376884422,19.698492462311556,3.0150753768844223,7.142857142857143
2018/19,320,E09000031,E09000031,320,Waltham Forest,London,1880,92964,20.2228819758186,FALSE,NA,NA,NA,NA,NA,NA,NA,NA,NA,NA,NA,NA,NA,NA,NA,NA,NA
2019/20,320,E09000031,E09000031,320,Waltham Forest,London,2025,92129,21.980049712902563,FALSE,390,NA,102,NA,NA,265,35,NA,NA,67.94871794871794,NA,NA,NA,NA,NA,NA,NA
2020/21,320,E09000031,E09000031,320,Waltham Forest,London,2285,89762,25.45620641251309,FALSE,389,NA,17,NA,NA,303,36,NA,NA,77.89203084832904,NA,NA,NA,NA,NA,NA,NA
2021/22,320,E09000031,E09000031,320,Waltham Forest,London,2584,87532,29.52063245441667,FALSE,641,NA,70,NA,NA,466,68,NA,NA,72.69890795631825,NA,NA,NA,NA,NA,NA,NA
2022/23,320,E09000031,E09000031,320,Waltham Forest,London,2884,86973,33.1597162337737,FALSE,699,NA,85,NA,569,555,14,0,97.53954305799648,79.39914163090128,1.4306151645207439,0.7153075822603719,0.2861230329041488,0.4291845493562232,NA,NA,NA
2023/24,320,E09000031,E09000031,320,Waltham Forest,London,3295,87827,37.51693670511346,FALSE,871,733,135,84.1561423650976,746,700,46,0,93.83378016085791,80.36739380022962,0.2296211251435132,0.2296211251435132,0,0,1.2629161882893227,1.2629161882893227,36.36363636363637
2024/25,320,E09000031,E09000031,320,Waltham Forest,London,3663,87171,42.02085555976185,FALSE,796,510,0,64.07035175879398,481,479,2,0,99.58419958419958,60.175879396984925,0.5025125628140703,0.12562814070351758,0.12562814070351758,0,11.306532663316583,1.6331658291457287,6.666666666666667
2025/26,320,E09000031,E09000031,320,Waltham Forest,London,3946,88969,44.352527284784586,TRUE,703,527,0,74.96443812233287,597,595,2,0,99.66499162479062,84.63726884779517,0.2844950213371266,0.2844950213371266,0,0.4267425320056899,6.685633001422475,1.7069701280227596,14.893617021276595
2018/19,212,E09000032,E09000032,212,Wandsworth,London,2042,100509,20.316588564208182,FALSE,NA,NA,NA,NA,NA,NA,NA,NA,NA,NA,NA,NA,NA,NA,NA,NA,NA
2019/20,212,E09000032,E09000032,212,Wandsworth,London,2418,101142,23.906982262561545,FALSE,419,NA,70,NA,NA,250,4,NA,NA,59.665871121718375,NA,NA,NA,NA,NA,NA,NA
2020/21,212,E09000032,E09000032,212,Wandsworth,London,2486,98820,25.15685083991095,FALSE,404,NA,74,NA,NA,434,3,NA,NA,107.42574257425743,NA,NA,NA,NA,NA,NA,NA
2021/22,212,E09000032,E09000032,212,Wandsworth,London,2680,96944,27.644825878857898,FALSE,509,NA,51,NA,NA,360,12,NA,NA,70.72691552062868,NA,NA,NA,NA,NA,NA,NA
2022/23,212,E09000032,E09000032,212,Wandsworth,London,2860,97194,29.42568471304813,FALSE,490,NA,139,NA,386,375,11,0,97.15025906735751,76.53061224489795,0.8163265306122449,0.20408163265306123,1.0204081632653061,0.40816326530612246,NA,NA,NA
2023/24,212,E09000032,E09000032,212,Wandsworth,London,2988,97116,30.76732979117756,FALSE,515,348,119,67.57281553398059,400,394,6,0,98.5,76.50485436893204,0.5825242718446602,0.5825242718446602,1.1650485436893203,0.3883495145631068,5.242718446601942,1.941747572815534,14.814814814814815
2024/25,212,E09000032,E09000032,212,Wandsworth,London,3175,96726,32.82468002398528,FALSE,574,451,111,78.57142857142857,418,411,7,0,98.32535885167464,71.602787456446,0.17421602787456447,0.34843205574912894,0.6968641114982579,0,3.1358885017421603,1.7421602787456445,16.666666666666668
2025/26,212,E09000032,E09000032,212,Wandsworth,London,3359,101916,32.958514855371085,TRUE,597,433,140,72.52931323283082,404,403,1,0,99.75247524752476,67.50418760469012,0.16750418760469013,0,0.5025125628140703,1.6750418760469012,5.527638190954774,4.522613065326633,21.21212121212121
2018/19,877,E06000007,E06000007,877,Warrington,North West,1566,61796,25.341446048287917,FALSE,NA,NA,NA,NA,NA,NA,NA,NA,NA,NA,NA,NA,NA,NA,NA,NA,NA
2019/20,877,E06000007,E06000007,877,Warrington,North West,1622,61260,26.477309826967026,FALSE,177,NA,45,NA,NA,103,2,NA,NA,58.19209039548023,NA,NA,NA,NA,NA,NA,NA
2020/21,877,E06000007,E06000007,877,Warrington,North West,1660,60497,27.439377159197974,FALSE,174,NA,21,NA,NA,160,4,NA,NA,91.95402298850574,NA,NA,NA,NA,NA,NA,NA
2021/22,877,E06000007,E06000007,877,Warrington,North West,1731,59916,28.890446625275388,FALSE,238,NA,35,NA,NA,167,7,NA,NA,70.16806722689076,NA,NA,NA,NA,NA,NA,NA
2022/23,877,E06000007,E06000007,877,Warrington,North West,1878,59348,31.643863314686257,FALSE,335,NA,48,NA,233,220,13,0,94.4206008583691,65.67164179104478,0.5970149253731343,0.29850746268656714,2.985074626865672,2.388059701492537,NA,NA,NA
2023/24,877,E06000007,E06000007,877,Warrington,North West,2052,59566,34.449182419501064,FALSE,536,468,66,87.31343283582089,397,375,22,0,94.45843828715365,69.96268656716418,1.6791044776119404,0,2.2388059701492535,0,4.104477611940299,0,0
2024/25,877,E06000007,E06000007,877,Warrington,North West,2309,59746,38.64693870719379,FALSE,582,503,75,86.42611683848797,505,487,18,0,96.43564356435644,83.67697594501718,1.5463917525773196,0.1718213058419244,5.498281786941581,2.4054982817869415,3.9518900343642613,0,0
2025/26,877,E06000007,E06000007,877,Warrington,North West,2494,58803,42.4128020679217,TRUE,625,391,204,62.56,448,395,53,0,88.16964285714286,63.2,7.68,0.8,2.72,0.96,13.6,0.32,0
2018/19,937,E10000031,E10000031,937,Warwickshire,West Midlands,3848,166744,23.077292136448687,FALSE,NA,NA,NA,NA,NA,NA,NA,NA,NA,NA,NA,NA,NA,NA,NA,NA,NA
2019/20,937,E10000031,E10000031,937,Warwickshire,West Midlands,4299,167810,25.618258745009236,FALSE,827,NA,246,NA,NA,560,11,NA,NA,67.71463119709794,NA,NA,NA,NA,NA,NA,NA
2020/21,937,E10000031,E10000031,937,Warwickshire,West Midlands,4563,168448,27.08847834346505,FALSE,722,NA,296,NA,NA,583,13,NA,NA,80.74792243767313,NA,NA,NA,NA,NA,NA,NA
2021/22,937,E10000031,E10000031,937,Warwickshire,West Midlands,4768,170985,27.885487031026113,FALSE,690,NA,310,NA,NA,492,30,NA,NA,71.30434782608695,NA,NA,NA,NA,NA,NA,NA
2022/23,937,E10000031,E10000031,937,Warwickshire,West Midlands,5314,174223,30.501139344403438,FALSE,1349,NA,564,NA,680,661,14,5,97.20588235294117,48.99925871015567,0.07412898443291327,0.6671608598962194,0.5930318754633062,1.5567086730911786,NA,NA,NA
2023/24,937,E10000031,E10000031,937,Warwickshire,West Midlands,6054,176928,34.217308735756916,FALSE,2007,1046,697,52.1175884404584,766,751,12,3,98.04177545691905,37.41903338315895,0.04982561036372696,0.09965122072745392,0.09965122072745392,1.046337817638266,12.655705032386647,5.132037867463876,12.204724409448819
2024/25,937,E10000031,E10000031,937,Warwickshire,West Midlands,6868,180001,38.155343581424546,FALSE,1750,1153,306,65.88571428571429,1221,1207,11,3,98.85339885339886,68.97142857142858,0.11428571428571428,0.05714285714285714,0.34285714285714286,2.5714285714285716,15.542857142857143,6.114285714285714,11.397058823529411
2025/26,937,E10000031,E10000031,937,Warwickshire,West Midlands,8227,179064,45.944466782826254,TRUE,2204,1544,512,70.05444646098003,1517,1503,12,2,99.0771259063942,68.19419237749547,0.4537205081669691,0.13611615245009073,0.045372050816696916,2.1778584392014517,27.313974591651544,4.219600725952813,14.285714285714286
2018/19,869,E06000037,E06000037,869,West Berkshire,South East,971,47559,20.416745516095798,FALSE,NA,NA,NA,NA,NA,NA,NA,NA,NA,NA,NA,NA,NA,NA,NA,NA,NA
2019/20,869,E06000037,E06000037,869,West Berkshire,South East,1034,47134,21.937454915772054,FALSE,202,NA,75,NA,NA,156,0,NA,NA,77.22772277227723,NA,NA,NA,NA,NA,NA,NA
2020/21,869,E06000037,E06000037,869,West Berkshire,South East,1074,46914,22.89295306305154,FALSE,213,NA,65,NA,NA,105,0,NA,NA,49.29577464788732,NA,NA,NA,NA,NA,NA,NA
2021/22,869,E06000037,E06000037,869,West Berkshire,South East,1198,46933,25.525749472652503,FALSE,270,NA,93,NA,NA,152,2,NA,NA,56.2962962962963,NA,NA,NA,NA,NA,NA,NA
2022/23,869,E06000037,E06000037,869,West Berkshire,South East,1322,46579,28.38188883402392,FALSE,0,NA,0,NA,178,176,2,0,98.87640449438203,Inf,NA,NA,NA,NA,NA,NA,NA
2023/24,869,E06000037,E06000037,869,West Berkshire,South East,1531,46947,32.611242464907235,FALSE,407,252,108,61.91646191646192,294,294,0,0,100,72.23587223587224,0.4914004914004914,0.4914004914004914,0,3.9312039312039313,1.9656019656019657,1.71990171990172,0
2024/25,869,E06000037,E06000037,869,West Berkshire,South East,1685,46739,36.0512633988746,FALSE,475,264,160,55.578947368421055,279,273,6,0,97.84946236559139,57.473684210526315,0.21052631578947367,0.21052631578947367,0.631578947368421,3.1578947368421053,3.5789473684210527,3.789473684210526,11.764705882352942
2025/26,869,E06000037,E06000037,869,West Berkshire,South East,1884,46020,40.9387222946545,TRUE,450,330,9,73.33333333333333,289,285,4,0,98.6159169550173,63.333333333333336,0.4444444444444444,2,0.8888888888888888,0,0.2222222222222222,1.3333333333333333,100
2021/22,941,E06000062,E06000062,941,West Northamptonshire,East Midlands,2847,130437,21.826628947307896,FALSE,788,NA,135,NA,NA,428,60,NA,NA,54.31472081218274,NA,NA,NA,NA,NA,NA,NA
2022/23,941,E06000062,E06000062,941,West Northamptonshire,East Midlands,3124,130695,23.90298022112552,FALSE,1034,NA,212,NA,635,574,33,15,90.39370078740157,55.51257253384913,1.644100580270793,1.0638297872340425,0.9671179883945842,4.158607350096712,NA,NA,NA
2023/24,941,E06000062,E06000062,941,West Northamptonshire,East Midlands,3531,132886,26.571647878632813,FALSE,1123,718,336,63.935886019590384,645,631,14,0,97.82945736434108,56.18878005342832,0.4452359750667854,0.3561887800534283,1.157613535173642,3.2947462154942118,4.808548530721282,1.2466607301869992,9.25925925925926
2024/25,941,E06000062,E06000062,941,West Northamptonshire,East Midlands,4153,132723,31.290733331826434,FALSE,1430,1015,296,70.97902097902097,737,711,26,0,96.47218453188603,49.72027972027972,0.2097902097902098,0.34965034965034963,0.48951048951048953,3.9160839160839163,3.4965034965034967,1.6783216783216783,20
2025/26,941,E06000062,E06000062,941,West Northamptonshire,East Midlands,5337,133885,39.86256862232513,TRUE,1575,856,628,54.34920634920635,1358,1314,44,0,96.759941089838,83.42857142857143,1.1428571428571428,0.5079365079365079,0.6349206349206349,4.444444444444445,5.904761904761905,3.619047619047619,19.35483870967742
2018/19,938,E10000032,E10000032,938,West Sussex,South East,5297,241288,21.953018799111433,FALSE,NA,NA,NA,NA,NA,NA,NA,NA,NA,NA,NA,NA,NA,NA,NA,NA,NA
2019/20,938,E10000032,E10000032,938,West Sussex,South East,5711,241101,23.687168448077777,FALSE,791,NA,335,NA,NA,764,10,NA,NA,96.5865992414665,NA,NA,NA,NA,NA,NA,NA
2020/21,938,E10000032,E10000032,938,West Sussex,South East,6003,240348,24.976284387637925,FALSE,800,NA,366,NA,NA,649,18,NA,NA,81.125,NA,NA,NA,NA,NA,NA,NA
2021/22,938,E10000032,E10000032,938,West Sussex,South East,6346,241731,26.252321795715073,FALSE,1377,NA,508,NA,NA,678,11,NA,NA,49.23747276688453,NA,NA,NA,NA,NA,NA,NA
2022/23,938,E10000032,E10000032,938,West Sussex,South East,7192,242109,29.705628456604256,FALSE,1735,NA,496,NA,767,751,13,3,97.91395045632333,43.28530259365994,0,0.1729106628242075,0,0.5187319884726225,NA,NA,NA
2023/24,938,E10000032,E10000032,938,West Sussex,South East,7684,243475,31.55970838895164,FALSE,1946,1158,717,59.506680369989724,790,755,24,11,95.56962025316456,38.79753340184995,0.051387461459403906,0.2569373072970195,0,0,0.20554984583761562,6.988694758478931,50
2024/25,938,E10000032,E10000032,938,West Sussex,South East,9301,244743,38.003129813722964,FALSE,2448,1513,744,61.80555555555556,1822,1797,25,0,98.62788144895718,73.40686274509804,0.32679738562091504,3.022875816993464,2.0833333333333335,0,9.191176470588236,6.045751633986928,18.22222222222222
2025/26,938,E10000032,E10000032,938,West Sussex,South East,10945,243648,44.92136196480168,TRUE,2834,1773,778,62.56175017642907,1827,1816,11,0,99.39792008757526,64.07904022582922,2.858151023288638,3.2815808045165844,1.55257586450247,3.069865913902611,7.621736062103035,3.8108680310515175,19.444444444444443
2018/19,213,E09000033,E09000033,213,Westminster,London,1084,61866,17.521740535997154,FALSE,NA,NA,NA,NA,NA,NA,NA,NA,NA,NA,NA,NA,NA,NA,NA,NA,NA
2019/20,213,E09000033,E09000033,213,Westminster,London,1171,60998,19.19735073281091,FALSE,198,NA,69,NA,NA,132,8,NA,NA,66.66666666666667,NA,NA,NA,NA,NA,NA,NA
2020/21,213,E09000033,E09000033,213,Westminster,London,1261,58980,21.380128857239743,FALSE,171,NA,52,NA,NA,148,12,NA,NA,86.54970760233918,NA,NA,NA,NA,NA,NA,NA
2021/22,213,E09000033,E09000033,213,Westminster,London,1338,59950,22.3185988323603,FALSE,209,NA,64,NA,NA,137,10,NA,NA,65.55023923444976,NA,NA,NA,NA,NA,NA,NA
2022/23,213,E09000033,E09000033,213,Westminster,London,1368,62844,21.768187893832348,FALSE,223,NA,60,NA,174,156,18,0,89.65517241379311,69.95515695067265,0,2.690582959641256,0,2.242152466367713,NA,NA,NA
2023/24,213,E09000033,E09000033,213,Westminster,London,1413,62643,22.55639097744361,FALSE,212,152,53,71.69811320754717,178,170,8,0,95.50561797752809,80.18867924528301,0,1.8867924528301887,0.4716981132075472,1.8867924528301887,0.4716981132075472,4.716981132075472,0
2024/25,213,E09000033,E09000033,213,Westminster,London,1429,61451,23.254300174122474,FALSE,208,157,51,75.48076923076923,171,157,14,0,91.81286549707602,75.48076923076923,5.288461538461538,2.4038461538461537,4.8076923076923075,2.4038461538461537,9.134615384615385,0.9615384615384616,10.526315789473685
2025/26,213,E09000033,E09000033,213,Westminster,London,1527,68790,22.197993894461405,TRUE,270,222,42,82.22222222222223,233,228,4,0,97.85407725321889,84.44444444444444,2.2222222222222223,1.4814814814814814,2.2222222222222223,2.2222222222222223,4.814814814814815,3.7037037037037037,76.92307692307692
2023/24,943,E06000064,E06000064,943,Westmorland and Furness,North West,2196,55329,39.68985522962642,FALSE,451,360,73,79.82261640798227,368,353,15,0,95.92391304347827,78.27050997782705,0.8869179600886918,0.22172949002217296,0,0,1.3303769401330376,0,0
2024/25,943,E06000064,E06000064,943,Westmorland and Furness,North West,2377,55208,43.05535429647877,FALSE,509,382,91,75.049115913556,388,359,29,0,92.52577319587628,70.53045186640472,3.143418467583497,0.9823182711198428,0.3929273084479371,0,6.8762278978389,0.7858546168958742,8.571428571428571
2025/26,943,E06000064,E06000064,943,Westmorland and Furness,North West,2687,54681,49.139554872807736,TRUE,598,417,145,69.7324414715719,461,440,21,0,95.44468546637744,73.57859531772576,3.0100334448160537,1.3377926421404682,1.6722408026755853,0,5.351170568561873,1.0033444816053512,9.375
2018/19,359,E08000010,E08000010,359,Wigan,North West,1804,94842,19.0211087914637,FALSE,NA,NA,NA,NA,NA,NA,NA,NA,NA,NA,NA,NA,NA,NA,NA,NA,NA
2019/20,359,E08000010,E08000010,359,Wigan,North West,1930,95036,20.308093774990528,FALSE,326,NA,60,NA,NA,254,1,NA,NA,77.91411042944786,NA,NA,NA,NA,NA,NA,NA
2020/21,359,E08000010,E08000010,359,Wigan,North West,2111,95074,22.203757073437533,FALSE,312,NA,72,NA,NA,259,3,NA,NA,83.01282051282051,NA,NA,NA,NA,NA,NA,NA
2021/22,359,E08000010,E08000010,359,Wigan,North West,2337,95125,24.567674113009197,FALSE,523,NA,63,NA,NA,317,7,NA,NA,60.61185468451243,NA,NA,NA,NA,NA,NA,NA
2022/23,359,E08000010,E08000010,359,Wigan,North West,2607,96535,27.00574921013104,FALSE,624,NA,164,NA,482,475,7,0,98.54771784232365,76.12179487179488,0,0.16025641025641027,0.16025641025641027,0.6410256410256411,NA,NA,NA
2023/24,359,E08000010,E08000010,359,Wigan,North West,2966,97836,30.31603908581708,FALSE,747,552,163,73.89558232931726,489,489,0,0,100,65.46184738955823,1.8741633199464525,0.8032128514056225,0.535475234270415,0,8.701472556894243,1.07095046854083,10.76923076923077
2024/25,359,E08000010,E08000010,359,Wigan,North West,3579,98764,36.23790044955652,FALSE,1020,756,259,74.11764705882354,698,680,18,0,97.42120343839541,66.66666666666667,0.19607843137254902,0.49019607843137253,0.6862745098039216,1.2745098039215685,8.235294117647058,0.8823529411764706,3.5714285714285716
2025/26,359,E08000010,E08000010,359,Wigan,North West,4062,97433,41.69018710293227,TRUE,1052,741,290,70.43726235741445,731,705,26,0,96.44322845417237,67.01520912547528,0.8555133079847909,1.0456273764258555,0.8555133079847909,1.2357414448669202,8.840304182509506,2.1863117870722433,11.827956989247312
2018/19,865,E06000054,E06000054,865,Wiltshire,South West,3349,142921,23.43252566102952,FALSE,NA,NA,NA,NA,NA,NA,NA,NA,NA,NA,NA,NA,NA,NA,NA,NA,NA
2019/20,865,E06000054,E06000054,865,Wiltshire,South West,3784,143144,26.434918683283964,FALSE,722,NA,57,NA,NA,599,44,NA,NA,82.96398891966759,NA,NA,NA,NA,NA,NA,NA
2020/21,865,E06000054,E06000054,865,Wiltshire,South West,4067,143285,28.38398995009945,FALSE,588,NA,44,NA,NA,452,34,NA,NA,76.87074829931973,NA,NA,NA,NA,NA,NA,NA
2021/22,865,E06000054,E06000054,865,Wiltshire,South West,4287,143789,29.814519886778545,FALSE,677,NA,77,NA,NA,428,44,NA,NA,63.220088626292466,NA,NA,NA,NA,NA,NA,NA
2022/23,865,E06000054,E06000054,865,Wiltshire,South West,4760,142664,33.36510962821735,FALSE,971,NA,139,NA,596,574,22,0,96.30872483221476,59.11431513903192,0.7209062821833162,0.82389289392379,4.11946446961895,3.192584963954686,NA,NA,NA
2023/24,865,E06000054,E06000054,865,Wiltshire,South West,5536,142074,38.96560947112068,FALSE,1203,980,144,81.46300914380714,948,911,37,0,96.09704641350211,75.72734829592684,2.0781379883624274,0.7481296758104738,4.8212801330008315,2.1612635078969245,3.574397339983375,0.5818786367414797,6.976744186046512
2024/25,865,E06000054,E06000054,865,Wiltshire,South West,6383,142271,44.86508142910361,FALSE,1146,852,210,74.3455497382199,1084,993,91,0,91.60516605166052,86.64921465968587,3.926701570680628,1.3089005235602094,3.926701570680628,2.094240837696335,7.4171029668411865,1.3089005235602094,10.588235294117647
2025/26,865,E06000054,E06000054,865,Wiltshire,South West,6914,141541,48.84803696455444,TRUE,1209,789,334,65.26054590570719,888,779,109,0,87.72522522522523,64.43341604631927,5.459057071960298,2.2332506203473947,3.4739454094292803,1.8196856906534327,9.842845326716294,2.729528535980149,10.084033613445378
2018/19,868,E06000040,E06000040,868,Windsor and Maidenhead,South East,933,45648,20.43901156677182,FALSE,NA,NA,NA,NA,NA,NA,NA,NA,NA,NA,NA,NA,NA,NA,NA,NA,NA
2019/20,868,E06000040,E06000040,868,Windsor and Maidenhead,South East,970,45702,21.22445407203186,FALSE,233,NA,81,NA,NA,152,5,NA,NA,65.23605150214593,NA,NA,NA,NA,NA,NA,NA
2020/21,868,E06000040,E06000040,868,Windsor and Maidenhead,South East,1000,45593,21.933191498694974,FALSE,136,NA,41,NA,NA,95,2,NA,NA,69.8529411764706,NA,NA,NA,NA,NA,NA,NA
2021/22,868,E06000040,E06000040,868,Windsor and Maidenhead,South East,1044,45330,23.03110522832561,FALSE,212,NA,84,NA,NA,116,8,NA,NA,54.716981132075475,NA,NA,NA,NA,NA,NA,NA
2022/23,868,E06000040,E06000040,868,Windsor and Maidenhead,South East,1102,45384,24.28168517539221,FALSE,238,NA,103,NA,95,95,0,0,100,39.91596638655462,0,0,0.42016806722689076,2.5210084033613445,NA,NA,NA
2023/24,868,E06000040,E06000040,868,Windsor and Maidenhead,South East,1199,45716,26.22714148219442,FALSE,228,124,103,54.3859649122807,135,134,1,0,99.25925925925925,58.771929824561404,0,2.6315789473684212,0.43859649122807015,2.192982456140351,2.192982456140351,5.2631578947368425,60
2024/25,868,E06000040,E06000040,868,Windsor and Maidenhead,South East,1342,45871,29.255956922674457,FALSE,302,183,116,60.59602649006622,157,155,2,0,98.72611464968153,51.324503311258276,0,0.33112582781456956,1.3245033112582782,11.920529801324504,2.3178807947019866,14.900662251655628,57.142857142857146
2025/26,868,E06000040,E06000040,868,Windsor and Maidenhead,South East,1363,44382,30.71064846108783,TRUE,354,193,161,54.51977401129943,181,168,13,0,92.81767955801105,47.45762711864407,0,1.4124293785310735,0.847457627118644,2.824858757062147,0.847457627118644,10.169491525423728,66.66666666666667
2018/19,344,E08000015,E08000015,344,Wirral,North West,2121,91482,23.184888830589625,FALSE,NA,NA,NA,NA,NA,NA,NA,NA,NA,NA,NA,NA,NA,NA,NA,NA,NA
2019/20,344,E08000015,E08000015,344,Wirral,North West,2728,90952,29.9938429061483,FALSE,474,NA,108,NA,NA,297,5,NA,NA,62.65822784810127,NA,NA,NA,NA,NA,NA,NA
2020/21,344,E08000015,E08000015,344,Wirral,North West,3053,90417,33.76577413539489,FALSE,558,NA,164,NA,NA,376,9,NA,NA,67.38351254480287,NA,NA,NA,NA,NA,NA,NA
2021/22,344,E08000015,E08000015,344,Wirral,North West,3291,90000,36.56666666666666,FALSE,705,NA,117,NA,NA,363,3,NA,NA,51.48936170212766,NA,NA,NA,NA,NA,NA,NA
2022/23,344,E08000015,E08000015,344,Wirral,North West,4017,90000,44.63333333333333,FALSE,1064,NA,61,NA,750,741,9,0,98.8,69.64285714285714,0,0.09398496240601503,0.5639097744360902,1.3157894736842106,NA,NA,NA
2023/24,344,E08000015,E08000015,344,Wirral,North West,4427,90487,48.92415485097307,FALSE,1325,1113,91,84,1088,1076,12,0,98.8970588235294,81.20754716981132,0.07547169811320754,0.1509433962264151,0.1509433962264151,0.22641509433962265,1.1320754716981132,0,0
2024/25,344,E08000015,E08000015,344,Wirral,North West,4858,90871,53.46039990756127,FALSE,1443,1141,125,79.07137907137907,771,749,22,0,97.14656290531777,51.905751905751906,0.2079002079002079,0,0.1386001386001386,0.2772002772002772,1.6632016632016633,0.9009009009009009,0
2025/26,344,E08000015,E08000015,344,Wirral,North West,6480,89078,72.74523451357237,TRUE,1401,1023,272,73.01927194860814,1560,1479,81,0,94.8076923076923,105.56745182012848,0.7851534618129907,0.28551034975017847,1.4275517487508922,4.496788008565311,11.848679514632405,2.1413276231263385,4.819277108433735
2018/19,872,E06000041,E06000041,872,Wokingham,South East,934,51905,17.994412869665737,FALSE,NA,NA,NA,NA,NA,NA,NA,NA,NA,NA,NA,NA,NA,NA,NA,NA,NA
2019/20,872,E06000041,E06000041,872,Wokingham,South East,1078,52849,20.397736948665067,FALSE,213,NA,26,NA,NA,161,13,NA,NA,75.5868544600939,NA,NA,NA,NA,NA,NA,NA
2020/21,872,E06000041,E06000041,872,Wokingham,South East,1270,53781,23.614287573678435,FALSE,266,NA,57,NA,NA,206,25,NA,NA,77.44360902255639,NA,NA,NA,NA,NA,NA,NA
2021/22,872,E06000041,E06000041,872,Wokingham,South East,1488,54931,27.088529245781068,FALSE,322,NA,46,NA,NA,255,17,NA,NA,79.19254658385093,NA,NA,NA,NA,NA,NA,NA
2022/23,872,E06000041,E06000041,872,Wokingham,South East,1685,55993,30.093047345203864,FALSE,415,NA,63,NA,346,321,25,0,92.77456647398844,77.34939759036145,0,0.7228915662650602,0,1.2048192771084338,NA,NA,NA
2023/24,872,E06000041,E06000041,872,Wokingham,South East,1948,56998,34.1766377767641,FALSE,447,312,95,69.79865771812081,394,339,55,0,86.04060913705584,75.83892617449665,1.7897091722595078,1.7897091722595078,1.5659955257270695,0.22371364653243847,6.263982102908278,2.460850111856823,25
2024/25,872,E06000041,E06000041,872,Wokingham,South East,2206,57689,38.23952573280868,FALSE,471,241,158,51.167728237791934,304,276,28,0,90.78947368421052,58.59872611464968,2.335456475583864,1.6985138004246285,1.6985138004246285,0.42462845010615713,11.464968152866241,5.944798301486199,35.18518518518518
2025/26,872,E06000041,E06000041,872,Wokingham,South East,2435,58620,41.53872398498805,TRUE,415,234,150,56.3855421686747,363,342,21,0,94.21487603305785,82.40963855421687,1.4457831325301205,1.2048192771084338,2.891566265060241,0.4819277108433735,11.80722891566265,6.9879518072289155,28.571428571428573
2018/19,336,E08000031,E08000031,336,Wolverhampton,West Midlands,1752,86678,20.212741410738595,FALSE,NA,NA,NA,NA,NA,NA,NA,NA,NA,NA,NA,NA,NA,NA,NA,NA,NA
2019/20,336,E08000031,E08000031,336,Wolverhampton,West Midlands,1956,86533,22.604093236106458,FALSE,403,NA,0,NA,NA,260,25,NA,NA,64.51612903225806,NA,NA,NA,NA,NA,NA,NA
2020/21,336,E08000031,E08000031,336,Wolverhampton,West Midlands,2174,85919,25.302901570083453,FALSE,388,NA,32,NA,NA,348,28,NA,NA,89.69072164948453,NA,NA,NA,NA,NA,NA,NA
2021/22,336,E08000031,E08000031,336,Wolverhampton,West Midlands,2485,86561,28.708078695948522,FALSE,457,NA,7,NA,NA,378,23,NA,NA,82.71334792122538,NA,NA,NA,NA,NA,NA,NA
2022/23,336,E08000031,E08000031,336,Wolverhampton,West Midlands,2676,88226,30.33119488586131,FALSE,457,NA,49,NA,396,377,19,0,95.20202020202021,82.4945295404814,0.2188183807439825,0,0.437636761487965,0,NA,NA,NA
2023/24,336,E08000031,E08000031,336,Wolverhampton,West Midlands,2847,90811,31.35082754291881,FALSE,568,465,79,81.86619718309859,441,426,15,0,96.59863945578232,75,0,0.352112676056338,0.528169014084507,0.8802816901408451,1.056338028169014,0.176056338028169,16.666666666666668
2024/25,336,E08000031,E08000031,336,Wolverhampton,West Midlands,3148,93477,33.67673331407726,FALSE,576,496,48,86.11111111111111,435,395,40,0,90.80459770114942,68.57638888888889,0.1736111111111111,0.5208333333333334,1.0416666666666667,1.0416666666666667,1.3888888888888888,0,0
2025/26,336,E08000031,E08000031,336,Wolverhampton,West Midlands,3324,90803,36.60672004228935,TRUE,647,573,39,88.56259659969088,351,319,32,0,90.88319088319088,49.304482225656876,1.0819165378670788,0.46367851622874806,0.46367851622874806,2.009273570324575,0.9273570324574961,0.3091190108191654,0
2018/19,885,E10000034,E10000034,885,Worcestershire,West Midlands,3502,166571,21.024067814925765,FALSE,NA,NA,NA,NA,NA,NA,NA,NA,NA,NA,NA,NA,NA,NA,NA,NA,NA
2019/20,885,E10000034,E10000034,885,Worcestershire,West Midlands,4053,166288,24.373376310978543,FALSE,630,NA,185,NA,NA,641,41,NA,NA,101.74603174603175,NA,NA,NA,NA,NA,NA,NA
2020/21,885,E10000034,E10000034,885,Worcestershire,West Midlands,4182,165452,25.276213040640183,FALSE,630,NA,136,NA,NA,510,24,NA,NA,80.95238095238095,NA,NA,NA,NA,NA,NA,NA
2021/22,885,E10000034,E10000034,885,Worcestershire,West Midlands,4555,165921,27.452823934281977,FALSE,819,NA,166,NA,NA,506,32,NA,NA,61.78266178266178,NA,NA,NA,NA,NA,NA,NA
2022/23,885,E10000034,E10000034,885,Worcestershire,West Midlands,4904,165950,29.551069599276893,FALSE,1142,NA,207,NA,647,615,32,0,95.05409582689336,53.85288966725044,0.5253940455341506,0.43782837127845886,0.43782837127845886,1.138353765323993,NA,NA,NA
2023/24,885,E10000034,E10000034,885,Worcestershire,West Midlands,5945,166157,35.77941344631885,FALSE,1439,1024,276,71.16052814454483,1273,1224,49,0,96.15082482325217,85.05906879777623,0.20847810979847117,0.06949270326615706,1.320361362056984,0.34746351633078526,4.378040305767894,1.18137595552467,23.80952380952381
2024/25,885,E10000034,E10000034,885,Worcestershire,West Midlands,6970,166357,41.89784619823632,FALSE,1883,1406,330,74.66808284652151,1546,1472,74,0,95.21345407503235,78.17312798725438,0.4248539564524695,0.21242697822623474,2.7615507169410516,2.5491237387148167,3.505045140732873,0.4248539564524695,6.0606060606060606
2025/26,885,E10000034,E10000034,885,Worcestershire,West Midlands,8276,166335,49.7550124748249,TRUE,1973,1548,297,78.4591991890522,1744,1652,92,0,94.72477064220183,83.73035985808414,1.6725798276735935,0.15205271160669032,1.2671059300557526,0.963000506842372,2.889001520527116,0.7095793208312214,15.789473684210526
2018/19,816,E06000014,E06000014,816,York,Yorkshire and The Humber,846,67915,12.456747404844291,FALSE,NA,NA,NA,NA,NA,NA,NA,NA,NA,NA,NA,NA,NA,NA,NA,NA,NA
2019/20,816,E06000014,E06000014,816,York,Yorkshire and The Humber,936,67787,13.807957277944148,FALSE,202,NA,45,NA,NA,150,2,NA,NA,74.25742574257426,NA,NA,NA,NA,NA,NA,NA
2020/21,816,E06000014,E06000014,816,York,Yorkshire and The Humber,1058,66364,15.942378397926587,FALSE,215,NA,17,NA,NA,154,8,NA,NA,71.62790697674419,NA,NA,NA,NA,NA,NA,NA
2021/22,816,E06000014,E06000014,816,York,Yorkshire and The Humber,1179,65679,17.95094322386151,FALSE,197,NA,44,NA,NA,192,9,NA,NA,97.46192893401015,NA,NA,NA,NA,NA,NA,NA
2022/23,816,E06000014,E06000014,816,York,Yorkshire and The Humber,1207,68178,17.70365807151867,FALSE,174,NA,49,NA,137,105,32,0,76.64233576642336,60.3448275862069,2.2988505747126435,0,0,0,NA,NA,NA
2023/24,816,E06000014,E06000014,816,York,Yorkshire and The Humber,1348,69013,19.532551838059497,FALSE,363,198,136,54.54545454545455,218,202,16,0,92.66055045871559,55.647382920110196,1.9283746556473829,1.6528925619834711,0.27548209366391185,0.27548209366391185,9.366391184573002,1.1019283746556474,5.882352941176471
2024/25,816,E06000014,E06000014,816,York,Yorkshire and The Humber,1556,70322,22.126788202838373,FALSE,427,306,103,71.66276346604215,316,294,21,1,93.0379746835443,68.85245901639344,2.576112412177986,0.468384074941452,0.234192037470726,0.234192037470726,10.53864168618267,1.17096018735363,8.88888888888889
2025/26,816,E06000014,E06000014,816,York,Yorkshire and The Humber,1777,70030,25.37483935456233,TRUE,529,381,125,72.0226843100189,385,352,33,0,91.42857142857143,66.5406427221172,3.402646502835539,1.3232514177693762,1.5122873345935728,2.268431001890359,6.049149338374291,1.1342155009451795,15.625
